ISO-10303-21;
HEADER;
FILE_DESCRIPTION((''),'2;1');
FILE_NAME('1053131308','2020-11-27T',('gga'),(''),
'PRO/ENGINEER BY PARAMETRIC TECHNOLOGY CORPORATION, 2016010',
'PRO/ENGINEER BY PARAMETRIC TECHNOLOGY CORPORATION, 2016010','');
FILE_SCHEMA(('CONFIG_CONTROL_DESIGN'));
ENDSEC;
DATA;
#1=DIRECTION('',(0.E0,0.E0,1.E0));
#2=VECTOR('',#1,1.5E0);
#3=CARTESIAN_POINT('',(-1.047E1,-1.74E0,-4.23E0));
#4=LINE('',#3,#2);
#5=DIRECTION('',(1.E0,0.E0,0.E0));
#6=VECTOR('',#5,6.E-1);
#7=CARTESIAN_POINT('',(-1.047E1,-1.74E0,-2.73E0));
#8=LINE('',#7,#6);
#9=DIRECTION('',(0.E0,0.E0,1.E0));
#10=VECTOR('',#9,5.46E0);
#11=CARTESIAN_POINT('',(-9.87E0,-1.74E0,-2.73E0));
#12=LINE('',#11,#10);
#13=DIRECTION('',(1.E0,0.E0,0.E0));
#14=VECTOR('',#13,6.E-1);
#15=CARTESIAN_POINT('',(-1.047E1,-1.74E0,2.73E0));
#16=LINE('',#15,#14);
#17=DIRECTION('',(0.E0,0.E0,1.E0));
#18=VECTOR('',#17,1.5E0);
#19=CARTESIAN_POINT('',(-1.047E1,-1.74E0,2.73E0));
#20=LINE('',#19,#18);
#21=DIRECTION('',(1.E0,0.E0,0.E0));
#22=VECTOR('',#21,2.094E1);
#23=CARTESIAN_POINT('',(-1.047E1,-1.74E0,4.23E0));
#24=LINE('',#23,#22);
#25=DIRECTION('',(0.E0,0.E0,-1.E0));
#26=VECTOR('',#25,1.5E0);
#27=CARTESIAN_POINT('',(1.047E1,-1.74E0,4.23E0));
#28=LINE('',#27,#26);
#29=DIRECTION('',(-1.E0,0.E0,0.E0));
#30=VECTOR('',#29,6.E-1);
#31=CARTESIAN_POINT('',(1.047E1,-1.74E0,2.73E0));
#32=LINE('',#31,#30);
#33=DIRECTION('',(0.E0,0.E0,-1.E0));
#34=VECTOR('',#33,5.46E0);
#35=CARTESIAN_POINT('',(9.87E0,-1.74E0,2.73E0));
#36=LINE('',#35,#34);
#37=DIRECTION('',(-1.E0,0.E0,0.E0));
#38=VECTOR('',#37,6.E-1);
#39=CARTESIAN_POINT('',(1.047E1,-1.74E0,-2.73E0));
#40=LINE('',#39,#38);
#41=DIRECTION('',(0.E0,0.E0,-1.E0));
#42=VECTOR('',#41,1.5E0);
#43=CARTESIAN_POINT('',(1.047E1,-1.74E0,-2.73E0));
#44=LINE('',#43,#42);
#45=DIRECTION('',(-1.E0,0.E0,0.E0));
#46=VECTOR('',#45,2.094E1);
#47=CARTESIAN_POINT('',(1.047E1,-1.74E0,-4.23E0));
#48=LINE('',#47,#46);
#49=DIRECTION('',(0.E0,0.E0,-1.E0));
#50=VECTOR('',#49,3.745966692415E-1);
#51=CARTESIAN_POINT('',(-8.95E0,-1.74E0,1.804596669241E0));
#52=LINE('',#51,#50);
#53=CARTESIAN_POINT('',(-9.15E0,-1.74E0,1.43E0));
#54=DIRECTION('',(0.E0,-1.E0,0.E0));
#55=DIRECTION('',(0.E0,0.E0,-1.E0));
#56=AXIS2_PLACEMENT_3D('',#53,#54,#55);
#58=DIRECTION('',(-1.E0,0.E0,0.E0));
#59=VECTOR('',#58,3.745966692415E-1);
#60=CARTESIAN_POINT('',(-9.15E0,-1.74E0,1.23E0));
#61=LINE('',#60,#59);
#62=CARTESIAN_POINT('',(-8.75E0,-1.74E0,1.03E0));
#63=DIRECTION('',(0.E0,-1.E0,0.E0));
#64=DIRECTION('',(-9.682458365519E-1,0.E0,2.5E-1));
#65=AXIS2_PLACEMENT_3D('',#62,#63,#64);
#67=DIRECTION('',(1.E0,0.E0,0.E0));
#68=VECTOR('',#67,3.745966692415E-1);
#69=CARTESIAN_POINT('',(-9.524596669241E0,-1.74E0,8.3E-1));
#70=LINE('',#69,#68);
#71=CARTESIAN_POINT('',(-9.15E0,-1.74E0,6.3E-1));
#72=DIRECTION('',(0.E0,-1.E0,0.E0));
#73=DIRECTION('',(1.E0,0.E0,5.606626274357E-14));
#74=AXIS2_PLACEMENT_3D('',#71,#72,#73);
#76=DIRECTION('',(0.E0,0.E0,-1.E0));
#77=VECTOR('',#76,3.745966692415E-1);
#78=CARTESIAN_POINT('',(-8.95E0,-1.74E0,6.3E-1));
#79=LINE('',#78,#77);
#80=CARTESIAN_POINT('',(-8.75E0,-1.74E0,1.03E0));
#81=DIRECTION('',(0.E0,-1.E0,0.E0));
#82=DIRECTION('',(-2.5E-1,0.E0,-9.682458365519E-1));
#83=AXIS2_PLACEMENT_3D('',#80,#81,#82);
#85=DIRECTION('',(0.E0,0.E0,1.E0));
#86=VECTOR('',#85,3.745966692415E-1);
#87=CARTESIAN_POINT('',(-8.55E0,-1.74E0,2.554033307585E-1));
#88=LINE('',#87,#86);
#89=CARTESIAN_POINT('',(-8.35E0,-1.74E0,6.3E-1));
#90=DIRECTION('',(0.E0,-1.E0,0.E0));
#91=DIRECTION('',(0.E0,0.E0,1.E0));
#92=AXIS2_PLACEMENT_3D('',#89,#90,#91);
#94=DIRECTION('',(1.E0,0.E0,0.E0));
#95=VECTOR('',#94,3.745966692415E-1);
#96=CARTESIAN_POINT('',(-8.35E0,-1.74E0,8.3E-1));
#97=LINE('',#96,#95);
#98=CARTESIAN_POINT('',(-8.75E0,-1.74E0,1.03E0));
#99=DIRECTION('',(0.E0,-1.E0,0.E0));
#100=DIRECTION('',(9.682458365519E-1,0.E0,-2.5E-1));
#101=AXIS2_PLACEMENT_3D('',#98,#99,#100);
#103=DIRECTION('',(-1.E0,0.E0,0.E0));
#104=VECTOR('',#103,3.745966692415E-1);
#105=CARTESIAN_POINT('',(-7.975403330759E0,-1.74E0,1.23E0));
#106=LINE('',#105,#104);
#107=CARTESIAN_POINT('',(-8.35E0,-1.74E0,1.43E0));
#108=DIRECTION('',(0.E0,-1.E0,0.E0));
#109=DIRECTION('',(-1.E0,0.E0,0.E0));
#110=AXIS2_PLACEMENT_3D('',#107,#108,#109);
#112=DIRECTION('',(0.E0,0.E0,1.E0));
#113=VECTOR('',#112,3.745966692415E-1);
#114=CARTESIAN_POINT('',(-8.55E0,-1.74E0,1.43E0));
#115=LINE('',#114,#113);
#116=CARTESIAN_POINT('',(-8.75E0,-1.74E0,1.03E0));
#117=DIRECTION('',(0.E0,-1.E0,0.E0));
#118=DIRECTION('',(2.5E-1,0.E0,9.682458365519E-1));
#119=AXIS2_PLACEMENT_3D('',#116,#117,#118);
#121=CARTESIAN_POINT('',(8.75E0,-1.74E0,1.03E0));
#122=DIRECTION('',(0.E0,-1.E0,0.E0));
#123=DIRECTION('',(2.5E-1,0.E0,9.682458365519E-1));
#124=AXIS2_PLACEMENT_3D('',#121,#122,#123);
#126=DIRECTION('',(0.E0,0.E0,-1.E0));
#127=VECTOR('',#126,3.745966692415E-1);
#128=CARTESIAN_POINT('',(8.55E0,-1.74E0,1.804596669241E0));
#129=LINE('',#128,#127);
#130=CARTESIAN_POINT('',(8.35E0,-1.74E0,1.43E0));
#131=DIRECTION('',(0.E0,-1.E0,0.E0));
#132=DIRECTION('',(-1.776356839400E-14,0.E0,-1.E0));
#133=AXIS2_PLACEMENT_3D('',#130,#131,#132);
#135=DIRECTION('',(-1.E0,0.E0,0.E0));
#136=VECTOR('',#135,3.745966692415E-1);
#137=CARTESIAN_POINT('',(8.35E0,-1.74E0,1.23E0));
#138=LINE('',#137,#136);
#139=CARTESIAN_POINT('',(8.75E0,-1.74E0,1.03E0));
#140=DIRECTION('',(0.E0,-1.E0,0.E0));
#141=DIRECTION('',(-9.682458365519E-1,0.E0,2.5E-1));
#142=AXIS2_PLACEMENT_3D('',#139,#140,#141);
#144=DIRECTION('',(1.E0,0.E0,0.E0));
#145=VECTOR('',#144,3.745966692415E-1);
#146=CARTESIAN_POINT('',(7.975403330759E0,-1.74E0,8.3E-1));
#147=LINE('',#146,#145);
#148=CARTESIAN_POINT('',(8.35E0,-1.74E0,6.3E-1));
#149=DIRECTION('',(0.E0,-1.E0,0.E0));
#150=DIRECTION('',(1.E0,0.E0,-5.162537064507E-14));
#151=AXIS2_PLACEMENT_3D('',#148,#149,#150);
#153=DIRECTION('',(0.E0,0.E0,-1.E0));
#154=VECTOR('',#153,3.745966692415E-1);
#155=CARTESIAN_POINT('',(8.55E0,-1.74E0,6.3E-1));
#156=LINE('',#155,#154);
#157=CARTESIAN_POINT('',(8.75E0,-1.74E0,1.03E0));
#158=DIRECTION('',(0.E0,-1.E0,0.E0));
#159=DIRECTION('',(-2.5E-1,0.E0,-9.682458365519E-1));
#160=AXIS2_PLACEMENT_3D('',#157,#158,#159);
#162=DIRECTION('',(0.E0,0.E0,1.E0));
#163=VECTOR('',#162,3.745966692415E-1);
#164=CARTESIAN_POINT('',(8.95E0,-1.74E0,2.554033307585E-1));
#165=LINE('',#164,#163);
#166=CARTESIAN_POINT('',(9.15E0,-1.74E0,6.3E-1));
#167=DIRECTION('',(0.E0,-1.E0,0.E0));
#168=DIRECTION('',(-3.552713678800E-14,0.E0,1.E0));
#169=AXIS2_PLACEMENT_3D('',#166,#167,#168);
#171=DIRECTION('',(1.E0,0.E0,0.E0));
#172=VECTOR('',#171,3.745966692415E-1);
#173=CARTESIAN_POINT('',(9.15E0,-1.74E0,8.3E-1));
#174=LINE('',#173,#172);
#175=CARTESIAN_POINT('',(8.75E0,-1.74E0,1.03E0));
#176=DIRECTION('',(0.E0,-1.E0,0.E0));
#177=DIRECTION('',(9.682458365519E-1,0.E0,-2.5E-1));
#178=AXIS2_PLACEMENT_3D('',#175,#176,#177);
#180=DIRECTION('',(-1.E0,0.E0,0.E0));
#181=VECTOR('',#180,3.745966692415E-1);
#182=CARTESIAN_POINT('',(9.524596669241E0,-1.74E0,1.23E0));
#183=LINE('',#182,#181);
#184=CARTESIAN_POINT('',(9.15E0,-1.74E0,1.43E0));
#185=DIRECTION('',(0.E0,-1.E0,0.E0));
#186=DIRECTION('',(-1.E0,0.E0,-1.121325254871E-13));
#187=AXIS2_PLACEMENT_3D('',#184,#185,#186);
#189=DIRECTION('',(0.E0,0.E0,1.E0));
#190=VECTOR('',#189,3.745966692415E-1);
#191=CARTESIAN_POINT('',(8.95E0,-1.74E0,1.43E0));
#192=LINE('',#191,#190);
#193=DIRECTION('',(0.E0,-1.E0,0.E0));
#194=VECTOR('',#193,3.E-1);
#195=CARTESIAN_POINT('',(-1.047E1,-1.74E0,2.73E0));
#196=LINE('',#195,#194);
#197=DIRECTION('',(0.E0,1.E0,0.E0));
#198=VECTOR('',#197,3.48E0);
#199=CARTESIAN_POINT('',(-1.047E1,-1.74E0,-4.23E0));
#200=LINE('',#199,#198);
#201=DIRECTION('',(0.E0,-1.E0,0.E0));
#202=VECTOR('',#201,3.E-1);
#203=CARTESIAN_POINT('',(-9.87E0,-1.74E0,2.73E0));
#204=LINE('',#203,#202);
#205=DIRECTION('',(0.E0,-1.E0,0.E0));
#206=VECTOR('',#205,3.E-1);
#207=CARTESIAN_POINT('',(-9.87E0,-1.74E0,-2.73E0));
#208=LINE('',#207,#206);
#209=DIRECTION('',(0.E0,-1.E0,0.E0));
#210=VECTOR('',#209,3.E-1);
#211=CARTESIAN_POINT('',(-1.047E1,-1.74E0,-2.73E0));
#212=LINE('',#211,#210);
#213=DIRECTION('',(0.E0,0.E0,1.E0));
#214=VECTOR('',#213,5.46E0);
#215=CARTESIAN_POINT('',(1.047E1,-2.04E0,-2.73E0));
#216=LINE('',#215,#214);
#217=DIRECTION('',(1.E0,0.E0,0.E0));
#218=VECTOR('',#217,6.E-1);
#219=CARTESIAN_POINT('',(9.87E0,-2.04E0,-2.73E0));
#220=LINE('',#219,#218);
#221=DIRECTION('',(0.E0,0.E0,-1.E0));
#222=VECTOR('',#221,5.46E0);
#223=CARTESIAN_POINT('',(9.87E0,-2.04E0,2.73E0));
#224=LINE('',#223,#222);
#225=DIRECTION('',(-1.E0,0.E0,0.E0));
#226=VECTOR('',#225,6.E-1);
#227=CARTESIAN_POINT('',(1.047E1,-2.04E0,2.73E0));
#228=LINE('',#227,#226);
#229=DIRECTION('',(1.E0,0.E0,0.E0));
#230=VECTOR('',#229,6.E-1);
#231=CARTESIAN_POINT('',(-1.047E1,-2.04E0,-2.73E0));
#232=LINE('',#231,#230);
#233=DIRECTION('',(0.E0,0.E0,-1.E0));
#234=VECTOR('',#233,5.46E0);
#235=CARTESIAN_POINT('',(-1.047E1,-2.04E0,2.73E0));
#236=LINE('',#235,#234);
#237=DIRECTION('',(-1.E0,0.E0,0.E0));
#238=VECTOR('',#237,6.E-1);
#239=CARTESIAN_POINT('',(-9.87E0,-2.04E0,2.73E0));
#240=LINE('',#239,#238);
#241=DIRECTION('',(0.E0,0.E0,1.E0));
#242=VECTOR('',#241,5.46E0);
#243=CARTESIAN_POINT('',(-9.87E0,-2.04E0,-2.73E0));
#244=LINE('',#243,#242);
#245=DIRECTION('',(0.E0,-1.E0,0.E0));
#246=VECTOR('',#245,3.E-1);
#247=CARTESIAN_POINT('',(1.047E1,-1.74E0,-2.73E0));
#248=LINE('',#247,#246);
#249=DIRECTION('',(0.E0,1.E0,0.E0));
#250=VECTOR('',#249,3.48E0);
#251=CARTESIAN_POINT('',(1.047E1,-1.74E0,4.23E0));
#252=LINE('',#251,#250);
#253=DIRECTION('',(0.E0,-1.E0,0.E0));
#254=VECTOR('',#253,3.E-1);
#255=CARTESIAN_POINT('',(9.87E0,-1.74E0,-2.73E0));
#256=LINE('',#255,#254);
#257=DIRECTION('',(0.E0,-1.E0,0.E0));
#258=VECTOR('',#257,3.E-1);
#259=CARTESIAN_POINT('',(9.87E0,-1.74E0,2.73E0));
#260=LINE('',#259,#258);
#261=DIRECTION('',(0.E0,-1.E0,0.E0));
#262=VECTOR('',#261,3.E-1);
#263=CARTESIAN_POINT('',(1.047E1,-1.74E0,2.73E0));
#264=LINE('',#263,#262);
#265=DIRECTION('',(0.E0,-1.E0,0.E0));
#266=VECTOR('',#265,2.19E0);
#267=CARTESIAN_POINT('',(2.64E0,1.095E0,4.23E0));
#268=LINE('',#267,#266);
#269=DIRECTION('',(1.E0,0.E0,0.E0));
#270=VECTOR('',#269,2.22E0);
#271=CARTESIAN_POINT('',(2.64E0,-1.095E0,4.23E0));
#272=LINE('',#271,#270);
#273=DIRECTION('',(0.E0,1.E0,0.E0));
#274=VECTOR('',#273,2.19E0);
#275=CARTESIAN_POINT('',(4.86E0,-1.095E0,4.23E0));
#276=LINE('',#275,#274);
#277=DIRECTION('',(-1.E0,0.E0,0.E0));
#278=VECTOR('',#277,2.22E0);
#279=CARTESIAN_POINT('',(4.86E0,1.095E0,4.23E0));
#280=LINE('',#279,#278);
#281=DIRECTION('',(0.E0,-1.E0,0.E0));
#282=VECTOR('',#281,2.19E0);
#283=CARTESIAN_POINT('',(-4.86E0,1.095E0,4.23E0));
#284=LINE('',#283,#282);
#285=DIRECTION('',(1.E0,0.E0,0.E0));
#286=VECTOR('',#285,2.22E0);
#287=CARTESIAN_POINT('',(-4.86E0,-1.095E0,4.23E0));
#288=LINE('',#287,#286);
#289=DIRECTION('',(0.E0,1.E0,0.E0));
#290=VECTOR('',#289,2.19E0);
#291=CARTESIAN_POINT('',(-2.64E0,-1.095E0,4.23E0));
#292=LINE('',#291,#290);
#293=DIRECTION('',(-1.E0,0.E0,0.E0));
#294=VECTOR('',#293,2.22E0);
#295=CARTESIAN_POINT('',(-2.64E0,1.095E0,4.23E0));
#296=LINE('',#295,#294);
#297=DIRECTION('',(0.E0,-1.E0,0.E0));
#298=VECTOR('',#297,2.19E0);
#299=CARTESIAN_POINT('',(-7.36E0,1.095E0,4.23E0));
#300=LINE('',#299,#298);
#301=DIRECTION('',(1.E0,0.E0,0.E0));
#302=VECTOR('',#301,2.22E0);
#303=CARTESIAN_POINT('',(-7.36E0,-1.095E0,4.23E0));
#304=LINE('',#303,#302);
#305=DIRECTION('',(0.E0,1.E0,0.E0));
#306=VECTOR('',#305,2.19E0);
#307=CARTESIAN_POINT('',(-5.14E0,-1.095E0,4.23E0));
#308=LINE('',#307,#306);
#309=DIRECTION('',(-1.E0,0.E0,0.E0));
#310=VECTOR('',#309,2.22E0);
#311=CARTESIAN_POINT('',(-5.14E0,1.095E0,4.23E0));
#312=LINE('',#311,#310);
#313=DIRECTION('',(0.E0,-1.E0,0.E0));
#314=VECTOR('',#313,2.19E0);
#315=CARTESIAN_POINT('',(-9.86E0,1.095E0,4.23E0));
#316=LINE('',#315,#314);
#317=DIRECTION('',(1.E0,0.E0,0.E0));
#318=VECTOR('',#317,2.22E0);
#319=CARTESIAN_POINT('',(-9.86E0,-1.095E0,4.23E0));
#320=LINE('',#319,#318);
#321=DIRECTION('',(0.E0,1.E0,0.E0));
#322=VECTOR('',#321,2.19E0);
#323=CARTESIAN_POINT('',(-7.64E0,-1.095E0,4.23E0));
#324=LINE('',#323,#322);
#325=DIRECTION('',(-1.E0,0.E0,0.E0));
#326=VECTOR('',#325,2.22E0);
#327=CARTESIAN_POINT('',(-7.64E0,1.095E0,4.23E0));
#328=LINE('',#327,#326);
#329=DIRECTION('',(0.E0,1.E0,0.E0));
#330=VECTOR('',#329,2.19E0);
#331=CARTESIAN_POINT('',(9.86E0,-1.095E0,4.23E0));
#332=LINE('',#331,#330);
#333=DIRECTION('',(-1.E0,0.E0,0.E0));
#334=VECTOR('',#333,2.22E0);
#335=CARTESIAN_POINT('',(9.86E0,1.095E0,4.23E0));
#336=LINE('',#335,#334);
#337=DIRECTION('',(0.E0,-1.E0,0.E0));
#338=VECTOR('',#337,8.8E-1);
#339=CARTESIAN_POINT('',(7.64E0,1.095E0,4.23E0));
#340=LINE('',#339,#338);
#341=DIRECTION('',(1.E0,0.E0,0.E0));
#342=VECTOR('',#341,2.8E-1);
#343=CARTESIAN_POINT('',(7.36E0,2.15E-1,4.23E0));
#344=LINE('',#343,#342);
#345=DIRECTION('',(0.E0,1.E0,0.E0));
#346=VECTOR('',#345,8.8E-1);
#347=CARTESIAN_POINT('',(7.36E0,2.15E-1,4.23E0));
#348=LINE('',#347,#346);
#349=DIRECTION('',(-1.E0,0.E0,0.E0));
#350=VECTOR('',#349,2.22E0);
#351=CARTESIAN_POINT('',(7.36E0,1.095E0,4.23E0));
#352=LINE('',#351,#350);
#353=DIRECTION('',(0.E0,-1.E0,0.E0));
#354=VECTOR('',#353,2.19E0);
#355=CARTESIAN_POINT('',(5.14E0,1.095E0,4.23E0));
#356=LINE('',#355,#354);
#357=DIRECTION('',(0.E0,-1.E0,0.E0));
#358=VECTOR('',#357,1.465E0);
#359=CARTESIAN_POINT('',(-2.2E0,2.56E0,4.23E0));
#360=LINE('',#359,#358);
#361=DIRECTION('',(-1.E0,0.E0,0.E0));
#362=VECTOR('',#361,1.6E-1);
#363=CARTESIAN_POINT('',(-2.2E0,1.095E0,4.23E0));
#364=LINE('',#363,#362);
#365=DIRECTION('',(0.E0,-1.E0,0.E0));
#366=VECTOR('',#365,2.19E0);
#367=CARTESIAN_POINT('',(-2.36E0,1.095E0,4.23E0));
#368=LINE('',#367,#366);
#369=DIRECTION('',(1.E0,0.E0,0.E0));
#370=VECTOR('',#369,2.22E0);
#371=CARTESIAN_POINT('',(-2.36E0,-1.095E0,4.23E0));
#372=LINE('',#371,#370);
#373=DIRECTION('',(0.E0,1.E0,0.E0));
#374=VECTOR('',#373,2.19E0);
#375=CARTESIAN_POINT('',(-1.4E-1,-1.095E0,4.23E0));
#376=LINE('',#375,#374);
#377=DIRECTION('',(-1.E0,0.E0,0.E0));
#378=VECTOR('',#377,1.19E0);
#379=CARTESIAN_POINT('',(-1.4E-1,1.095E0,4.23E0));
#380=LINE('',#379,#378);
#381=DIRECTION('',(0.E0,1.E0,0.E0));
#382=VECTOR('',#381,2.75E-1);
#383=CARTESIAN_POINT('',(-1.33E0,1.095E0,4.23E0));
#384=LINE('',#383,#382);
#385=DIRECTION('',(1.E0,0.E0,0.E0));
#386=VECTOR('',#385,2.66E0);
#387=CARTESIAN_POINT('',(-1.33E0,1.37E0,4.23E0));
#388=LINE('',#387,#386);
#389=DIRECTION('',(0.E0,-1.E0,0.E0));
#390=VECTOR('',#389,2.75E-1);
#391=CARTESIAN_POINT('',(1.33E0,1.37E0,4.23E0));
#392=LINE('',#391,#390);
#393=DIRECTION('',(-1.E0,0.E0,0.E0));
#394=VECTOR('',#393,1.19E0);
#395=CARTESIAN_POINT('',(1.33E0,1.095E0,4.23E0));
#396=LINE('',#395,#394);
#397=DIRECTION('',(0.E0,-1.E0,0.E0));
#398=VECTOR('',#397,2.19E0);
#399=CARTESIAN_POINT('',(1.4E-1,1.095E0,4.23E0));
#400=LINE('',#399,#398);
#401=DIRECTION('',(1.E0,0.E0,0.E0));
#402=VECTOR('',#401,2.22E0);
#403=CARTESIAN_POINT('',(1.4E-1,-1.095E0,4.23E0));
#404=LINE('',#403,#402);
#405=DIRECTION('',(0.E0,1.E0,0.E0));
#406=VECTOR('',#405,2.19E0);
#407=CARTESIAN_POINT('',(2.36E0,-1.095E0,4.23E0));
#408=LINE('',#407,#406);
#409=DIRECTION('',(-1.E0,0.E0,0.E0));
#410=VECTOR('',#409,1.6E-1);
#411=CARTESIAN_POINT('',(2.36E0,1.095E0,4.23E0));
#412=LINE('',#411,#410);
#413=DIRECTION('',(0.E0,-1.E0,0.E0));
#414=VECTOR('',#413,1.465E0);
#415=CARTESIAN_POINT('',(2.2E0,2.56E0,4.23E0));
#416=LINE('',#415,#414);
#417=DIRECTION('',(1.E0,0.E0,0.E0));
#418=VECTOR('',#417,4.E-1);
#419=CARTESIAN_POINT('',(2.2E0,2.56E0,4.23E0));
#420=LINE('',#419,#418);
#421=DIRECTION('',(0.E0,1.E0,0.E0));
#422=VECTOR('',#421,3.48E0);
#423=CARTESIAN_POINT('',(-1.047E1,-1.74E0,4.23E0));
#424=LINE('',#423,#422);
#425=DIRECTION('',(1.E0,0.E0,0.E0));
#426=VECTOR('',#425,4.E-1);
#427=CARTESIAN_POINT('',(-2.6E0,2.56E0,4.23E0));
#428=LINE('',#427,#426);
#429=DIRECTION('',(0.E0,0.E0,-1.E0));
#430=VECTOR('',#429,6.E0);
#431=CARTESIAN_POINT('',(2.64E0,1.095E0,4.23E0));
#432=LINE('',#431,#430);
#433=DIRECTION('',(0.E0,0.E0,-1.E0));
#434=VECTOR('',#433,6.E0);
#435=CARTESIAN_POINT('',(4.86E0,1.095E0,4.23E0));
#436=LINE('',#435,#434);
#437=DIRECTION('',(0.E0,0.E0,-1.E0));
#438=VECTOR('',#437,6.E0);
#439=CARTESIAN_POINT('',(4.86E0,-1.095E0,4.23E0));
#440=LINE('',#439,#438);
#441=DIRECTION('',(0.E0,0.E0,-1.E0));
#442=VECTOR('',#441,6.E0);
#443=CARTESIAN_POINT('',(2.64E0,-1.095E0,4.23E0));
#444=LINE('',#443,#442);
#445=DIRECTION('',(0.E0,-1.E0,0.E0));
#446=VECTOR('',#445,2.19E0);
#447=CARTESIAN_POINT('',(2.64E0,1.095E0,-1.77E0));
#448=LINE('',#447,#446);
#449=DIRECTION('',(-1.E0,0.E0,0.E0));
#450=VECTOR('',#449,2.22E0);
#451=CARTESIAN_POINT('',(4.86E0,1.095E0,-1.77E0));
#452=LINE('',#451,#450);
#453=DIRECTION('',(0.E0,1.E0,0.E0));
#454=VECTOR('',#453,2.19E0);
#455=CARTESIAN_POINT('',(4.86E0,-1.095E0,-1.77E0));
#456=LINE('',#455,#454);
#457=DIRECTION('',(1.E0,0.E0,0.E0));
#458=VECTOR('',#457,2.22E0);
#459=CARTESIAN_POINT('',(2.64E0,-1.095E0,-1.77E0));
#460=LINE('',#459,#458);
#461=DIRECTION('',(0.E0,1.E0,0.E0));
#462=VECTOR('',#461,6.35E-1);
#463=CARTESIAN_POINT('',(3.4325E0,-3.175E-1,-1.77E0));
#464=LINE('',#463,#462);
#465=DIRECTION('',(1.E0,0.E0,0.E0));
#466=VECTOR('',#465,6.35E-1);
#467=CARTESIAN_POINT('',(3.4325E0,-3.175E-1,-1.77E0));
#468=LINE('',#467,#466);
#469=DIRECTION('',(0.E0,1.E0,0.E0));
#470=VECTOR('',#469,6.35E-1);
#471=CARTESIAN_POINT('',(4.0675E0,-3.175E-1,-1.77E0));
#472=LINE('',#471,#470);
#473=DIRECTION('',(1.E0,0.E0,0.E0));
#474=VECTOR('',#473,6.35E-1);
#475=CARTESIAN_POINT('',(3.4325E0,3.175E-1,-1.77E0));
#476=LINE('',#475,#474);
#477=DIRECTION('',(0.E0,0.E0,1.E0));
#478=VECTOR('',#477,6.35E-1);
#479=CARTESIAN_POINT('',(3.4325E0,-4.69E0,-6.4675E0));
#480=LINE('',#479,#478);
#481=DIRECTION('',(0.E0,1.E0,0.E0));
#482=VECTOR('',#481,4.0725E0);
#483=CARTESIAN_POINT('',(3.4325E0,-4.69E0,-6.4675E0));
#484=LINE('',#483,#482);
#485=CARTESIAN_POINT('',(3.4325E0,-6.175E-1,-5.5325E0));
#486=DIRECTION('',(1.E0,0.E0,0.E0));
#487=DIRECTION('',(0.E0,0.E0,-1.E0));
#488=AXIS2_PLACEMENT_3D('',#485,#486,#487);
#490=DIRECTION('',(0.E0,0.E0,1.E0));
#491=VECTOR('',#490,1.3025E0);
#492=CARTESIAN_POINT('',(3.4325E0,3.175E-1,-5.5325E0));
#493=LINE('',#492,#491);
#494=DIRECTION('',(0.E0,0.E0,-1.E0));
#495=VECTOR('',#494,1.3025E0);
#496=CARTESIAN_POINT('',(3.4325E0,-3.175E-1,-4.23E0));
#497=LINE('',#496,#495);
#498=CARTESIAN_POINT('',(3.4325E0,-6.175E-1,-5.5325E0));
#499=DIRECTION('',(-1.E0,0.E0,0.E0));
#500=DIRECTION('',(0.E0,1.E0,0.E0));
#501=AXIS2_PLACEMENT_3D('',#498,#499,#500);
#503=DIRECTION('',(0.E0,-1.E0,0.E0));
#504=VECTOR('',#503,4.0725E0);
#505=CARTESIAN_POINT('',(3.4325E0,-6.175E-1,-5.8325E0));
#506=LINE('',#505,#504);
#507=DIRECTION('',(0.E0,1.E0,0.E0));
#508=VECTOR('',#507,6.35E-1);
#509=CARTESIAN_POINT('',(3.4325E0,-3.175E-1,2.25E0));
#510=LINE('',#509,#508);
#511=DIRECTION('',(0.E0,0.E0,-1.E0));
#512=VECTOR('',#511,4.02E0);
#513=CARTESIAN_POINT('',(3.4325E0,-3.175E-1,2.25E0));
#514=LINE('',#513,#512);
#515=DIRECTION('',(0.E0,0.E0,1.E0));
#516=VECTOR('',#515,4.02E0);
#517=CARTESIAN_POINT('',(3.4325E0,3.175E-1,-1.77E0));
#518=LINE('',#517,#516);
#519=DIRECTION('',(-2.544566789040E-1,9.330078226480E-1,2.544566789040E-1));
#520=VECTOR('',#519,5.894913061276E-1);
#521=CARTESIAN_POINT('',(3.5825E0,-5.24E0,-5.9825E0));
#522=LINE('',#521,#520);
#523=DIRECTION('',(2.544566789040E-1,9.330078226480E-1,2.544566789040E-1));
#524=VECTOR('',#523,5.894913061276E-1);
#525=CARTESIAN_POINT('',(3.9175E0,-5.24E0,-5.9825E0));
#526=LINE('',#525,#524);
#527=DIRECTION('',(-1.E0,0.E0,0.E0));
#528=VECTOR('',#527,6.35E-1);
#529=CARTESIAN_POINT('',(4.0675E0,-4.69E0,-5.8325E0));
#530=LINE('',#529,#528);
#531=DIRECTION('',(1.E0,0.E0,0.E0));
#532=VECTOR('',#531,6.35E-1);
#533=CARTESIAN_POINT('',(3.4325E0,-6.175E-1,-5.8325E0));
#534=LINE('',#533,#532);
#535=DIRECTION('',(1.E0,0.E0,0.E0));
#536=VECTOR('',#535,6.35E-1);
#537=CARTESIAN_POINT('',(3.4325E0,-3.175E-1,-5.5325E0));
#538=LINE('',#537,#536);
#539=DIRECTION('',(-1.E0,0.E0,0.E0));
#540=VECTOR('',#539,6.35E-1);
#541=CARTESIAN_POINT('',(4.0675E0,-3.175E-1,2.25E0));
#542=LINE('',#541,#540);
#543=DIRECTION('',(0.E0,1.E0,0.E0));
#544=VECTOR('',#543,3.48E0);
#545=CARTESIAN_POINT('',(1.047E1,-1.74E0,-4.23E0));
#546=LINE('',#545,#544);
#547=DIRECTION('',(0.E0,1.E0,0.E0));
#548=VECTOR('',#547,6.35E-1);
#549=CARTESIAN_POINT('',(8.4325E0,-3.175E-1,-4.23E0));
#550=LINE('',#549,#548);
#551=DIRECTION('',(1.E0,0.E0,0.E0));
#552=VECTOR('',#551,6.35E-1);
#553=CARTESIAN_POINT('',(8.4325E0,3.175E-1,-4.23E0));
#554=LINE('',#553,#552);
#555=DIRECTION('',(0.E0,1.E0,0.E0));
#556=VECTOR('',#555,6.35E-1);
#557=CARTESIAN_POINT('',(9.0675E0,-3.175E-1,-4.23E0));
#558=LINE('',#557,#556);
#559=DIRECTION('',(1.E0,0.E0,0.E0));
#560=VECTOR('',#559,6.35E-1);
#561=CARTESIAN_POINT('',(8.4325E0,-3.175E-1,-4.23E0));
#562=LINE('',#561,#560);
#563=DIRECTION('',(0.E0,1.E0,0.E0));
#564=VECTOR('',#563,6.35E-1);
#565=CARTESIAN_POINT('',(5.9325E0,-3.175E-1,-4.23E0));
#566=LINE('',#565,#564);
#567=DIRECTION('',(1.E0,0.E0,0.E0));
#568=VECTOR('',#567,6.35E-1);
#569=CARTESIAN_POINT('',(5.9325E0,3.175E-1,-4.23E0));
#570=LINE('',#569,#568);
#571=DIRECTION('',(0.E0,1.E0,0.E0));
#572=VECTOR('',#571,6.35E-1);
#573=CARTESIAN_POINT('',(6.5675E0,-3.175E-1,-4.23E0));
#574=LINE('',#573,#572);
#575=DIRECTION('',(1.E0,0.E0,0.E0));
#576=VECTOR('',#575,6.35E-1);
#577=CARTESIAN_POINT('',(5.9325E0,-3.175E-1,-4.23E0));
#578=LINE('',#577,#576);
#579=DIRECTION('',(0.E0,1.E0,0.E0));
#580=VECTOR('',#579,6.35E-1);
#581=CARTESIAN_POINT('',(3.4325E0,-3.175E-1,-4.23E0));
#582=LINE('',#581,#580);
#583=DIRECTION('',(1.E0,0.E0,0.E0));
#584=VECTOR('',#583,6.35E-1);
#585=CARTESIAN_POINT('',(3.4325E0,3.175E-1,-4.23E0));
#586=LINE('',#585,#584);
#587=DIRECTION('',(0.E0,1.E0,0.E0));
#588=VECTOR('',#587,6.35E-1);
#589=CARTESIAN_POINT('',(4.0675E0,-3.175E-1,-4.23E0));
#590=LINE('',#589,#588);
#591=DIRECTION('',(1.E0,0.E0,0.E0));
#592=VECTOR('',#591,6.35E-1);
#593=CARTESIAN_POINT('',(3.4325E0,-3.175E-1,-4.23E0));
#594=LINE('',#593,#592);
#595=DIRECTION('',(0.E0,1.E0,0.E0));
#596=VECTOR('',#595,6.35E-1);
#597=CARTESIAN_POINT('',(9.325E-1,-3.175E-1,-4.23E0));
#598=LINE('',#597,#596);
#599=DIRECTION('',(1.E0,0.E0,0.E0));
#600=VECTOR('',#599,6.35E-1);
#601=CARTESIAN_POINT('',(9.325E-1,3.175E-1,-4.23E0));
#602=LINE('',#601,#600);
#603=DIRECTION('',(0.E0,1.E0,0.E0));
#604=VECTOR('',#603,6.35E-1);
#605=CARTESIAN_POINT('',(1.5675E0,-3.175E-1,-4.23E0));
#606=LINE('',#605,#604);
#607=DIRECTION('',(1.E0,0.E0,0.E0));
#608=VECTOR('',#607,6.35E-1);
#609=CARTESIAN_POINT('',(9.325E-1,-3.175E-1,-4.23E0));
#610=LINE('',#609,#608);
#611=DIRECTION('',(0.E0,1.E0,0.E0));
#612=VECTOR('',#611,6.35E-1);
#613=CARTESIAN_POINT('',(-1.5675E0,-3.175E-1,-4.23E0));
#614=LINE('',#613,#612);
#615=DIRECTION('',(1.E0,0.E0,0.E0));
#616=VECTOR('',#615,6.35E-1);
#617=CARTESIAN_POINT('',(-1.5675E0,3.175E-1,-4.23E0));
#618=LINE('',#617,#616);
#619=DIRECTION('',(0.E0,1.E0,0.E0));
#620=VECTOR('',#619,6.35E-1);
#621=CARTESIAN_POINT('',(-9.325E-1,-3.175E-1,-4.23E0));
#622=LINE('',#621,#620);
#623=DIRECTION('',(1.E0,0.E0,0.E0));
#624=VECTOR('',#623,6.35E-1);
#625=CARTESIAN_POINT('',(-1.5675E0,-3.175E-1,-4.23E0));
#626=LINE('',#625,#624);
#627=DIRECTION('',(0.E0,1.E0,0.E0));
#628=VECTOR('',#627,6.35E-1);
#629=CARTESIAN_POINT('',(-4.0675E0,-3.175E-1,-4.23E0));
#630=LINE('',#629,#628);
#631=DIRECTION('',(1.E0,0.E0,0.E0));
#632=VECTOR('',#631,6.35E-1);
#633=CARTESIAN_POINT('',(-4.0675E0,3.175E-1,-4.23E0));
#634=LINE('',#633,#632);
#635=DIRECTION('',(0.E0,1.E0,0.E0));
#636=VECTOR('',#635,6.35E-1);
#637=CARTESIAN_POINT('',(-3.4325E0,-3.175E-1,-4.23E0));
#638=LINE('',#637,#636);
#639=DIRECTION('',(1.E0,0.E0,0.E0));
#640=VECTOR('',#639,6.35E-1);
#641=CARTESIAN_POINT('',(-4.0675E0,-3.175E-1,-4.23E0));
#642=LINE('',#641,#640);
#643=DIRECTION('',(0.E0,1.E0,0.E0));
#644=VECTOR('',#643,6.35E-1);
#645=CARTESIAN_POINT('',(-6.5675E0,-3.175E-1,-4.23E0));
#646=LINE('',#645,#644);
#647=DIRECTION('',(1.E0,0.E0,0.E0));
#648=VECTOR('',#647,6.35E-1);
#649=CARTESIAN_POINT('',(-6.5675E0,3.175E-1,-4.23E0));
#650=LINE('',#649,#648);
#651=DIRECTION('',(0.E0,1.E0,0.E0));
#652=VECTOR('',#651,6.35E-1);
#653=CARTESIAN_POINT('',(-5.9325E0,-3.175E-1,-4.23E0));
#654=LINE('',#653,#652);
#655=DIRECTION('',(1.E0,0.E0,0.E0));
#656=VECTOR('',#655,6.35E-1);
#657=CARTESIAN_POINT('',(-6.5675E0,-3.175E-1,-4.23E0));
#658=LINE('',#657,#656);
#659=DIRECTION('',(0.E0,1.E0,0.E0));
#660=VECTOR('',#659,6.35E-1);
#661=CARTESIAN_POINT('',(-9.0675E0,-3.175E-1,-4.23E0));
#662=LINE('',#661,#660);
#663=DIRECTION('',(1.E0,0.E0,0.E0));
#664=VECTOR('',#663,6.35E-1);
#665=CARTESIAN_POINT('',(-9.0675E0,3.175E-1,-4.23E0));
#666=LINE('',#665,#664);
#667=DIRECTION('',(0.E0,1.E0,0.E0));
#668=VECTOR('',#667,6.35E-1);
#669=CARTESIAN_POINT('',(-8.4325E0,-3.175E-1,-4.23E0));
#670=LINE('',#669,#668);
#671=DIRECTION('',(1.E0,0.E0,0.E0));
#672=VECTOR('',#671,6.35E-1);
#673=CARTESIAN_POINT('',(-9.0675E0,-3.175E-1,-4.23E0));
#674=LINE('',#673,#672);
#675=DIRECTION('',(1.E0,0.E0,0.E0));
#676=VECTOR('',#675,4.7E0);
#677=CARTESIAN_POINT('',(-2.35E0,1.74E0,-7.7E-1));
#678=LINE('',#677,#676);
#679=DIRECTION('',(0.E0,0.E0,-1.E0));
#680=VECTOR('',#679,4.75E0);
#681=CARTESIAN_POINT('',(-2.6E0,1.74E0,4.23E0));
#682=LINE('',#681,#680);
#683=DIRECTION('',(1.E0,0.E0,0.E0));
#684=VECTOR('',#683,7.87E0);
#685=CARTESIAN_POINT('',(-1.047E1,1.74E0,4.23E0));
#686=LINE('',#685,#684);
#687=DIRECTION('',(0.E0,0.E0,1.E0));
#688=VECTOR('',#687,8.46E0);
#689=CARTESIAN_POINT('',(-1.047E1,1.74E0,-4.23E0));
#690=LINE('',#689,#688);
#691=DIRECTION('',(-1.E0,0.E0,0.E0));
#692=VECTOR('',#691,2.094E1);
#693=CARTESIAN_POINT('',(1.047E1,1.74E0,-4.23E0));
#694=LINE('',#693,#692);
#695=DIRECTION('',(0.E0,0.E0,-1.E0));
#696=VECTOR('',#695,8.46E0);
#697=CARTESIAN_POINT('',(1.047E1,1.74E0,4.23E0));
#698=LINE('',#697,#696);
#699=DIRECTION('',(1.E0,0.E0,0.E0));
#700=VECTOR('',#699,7.87E0);
#701=CARTESIAN_POINT('',(2.6E0,1.74E0,4.23E0));
#702=LINE('',#701,#700);
#703=DIRECTION('',(0.E0,0.E0,-1.E0));
#704=VECTOR('',#703,4.75E0);
#705=CARTESIAN_POINT('',(2.6E0,1.74E0,4.23E0));
#706=LINE('',#705,#704);
#707=DIRECTION('',(-1.E0,0.E0,0.E0));
#708=VECTOR('',#707,2.3E0);
#709=CARTESIAN_POINT('',(1.15E0,3.75E0,-7.7E-1));
#710=LINE('',#709,#708);
#711=DIRECTION('',(0.E0,-1.E0,0.E0));
#712=VECTOR('',#711,6.E-1);
#713=CARTESIAN_POINT('',(-1.15E0,4.35E0,-7.7E-1));
#714=LINE('',#713,#712);
#715=DIRECTION('',(0.E0,-1.E0,0.E0));
#716=VECTOR('',#715,2.609999999684E0);
#717=CARTESIAN_POINT('',(-2.35E0,4.349999999684E0,-7.7E-1));
#718=LINE('',#717,#716);
#719=DIRECTION('',(0.E0,1.E0,0.E0));
#720=VECTOR('',#719,2.609999999369E0);
#721=CARTESIAN_POINT('',(2.35E0,1.74E0,-7.7E-1));
#722=LINE('',#721,#720);
#723=DIRECTION('',(0.E0,-1.E0,0.E0));
#724=VECTOR('',#723,6.E-1);
#725=CARTESIAN_POINT('',(1.15E0,4.35E0,-7.7E-1));
#726=LINE('',#725,#724);
#727=DIRECTION('',(0.E0,0.E0,-1.E0));
#728=VECTOR('',#727,4.6E-1);
#729=CARTESIAN_POINT('',(1.15E0,3.75E0,-3.1E-1));
#730=LINE('',#729,#728);
#731=DIRECTION('',(0.E0,0.E0,1.E0));
#732=VECTOR('',#731,4.6E-1);
#733=CARTESIAN_POINT('',(-1.15E0,3.75E0,-7.7E-1));
#734=LINE('',#733,#732);
#735=DIRECTION('',(0.E0,-1.E0,0.E0));
#736=VECTOR('',#735,8.5E-1);
#737=CARTESIAN_POINT('',(1.15E0,4.6E0,4.09E0));
#738=LINE('',#737,#736);
#739=CARTESIAN_POINT('',(-1.15E0,4.35E0,-5.2E-1));
#740=DIRECTION('',(1.E0,0.E0,0.E0));
#741=DIRECTION('',(0.E0,0.E0,-1.E0));
#742=AXIS2_PLACEMENT_3D('',#739,#740,#741);
#744=CARTESIAN_POINT('',(-2.35E0,4.35E0,-5.2E-1));
#745=DIRECTION('',(-1.E0,0.E0,0.E0));
#746=DIRECTION('',(0.E0,1.E0,0.E0));
#747=AXIS2_PLACEMENT_3D('',#744,#745,#746);
#749=DIRECTION('',(1.E0,2.630481018192E-10,0.E0));
#750=VECTOR('',#749,1.2E0);
#751=CARTESIAN_POINT('',(-2.35E0,4.349999999684E0,-7.7E-1));
#752=LINE('',#751,#750);
#753=CARTESIAN_POINT('',(1.15E0,4.35E0,-5.2E-1));
#754=DIRECTION('',(1.E0,0.E0,0.E0));
#755=DIRECTION('',(0.E0,0.E0,-1.E0));
#756=AXIS2_PLACEMENT_3D('',#753,#754,#755);
#758=DIRECTION('',(1.E0,-5.260799203673E-10,0.E0));
#759=VECTOR('',#758,1.2E0);
#760=CARTESIAN_POINT('',(1.15E0,4.35E0,-7.7E-1));
#761=LINE('',#760,#759);
#762=CARTESIAN_POINT('',(2.35E0,4.35E0,-5.2E-1));
#763=DIRECTION('',(1.E0,0.E0,0.E0));
#764=DIRECTION('',(0.E0,0.E0,-1.E0));
#765=AXIS2_PLACEMENT_3D('',#762,#763,#764);
#767=DIRECTION('',(0.E0,0.E0,1.E0));
#768=VECTOR('',#767,4.4E0);
#769=CARTESIAN_POINT('',(-1.15E0,3.75E0,-3.1E-1));
#770=LINE('',#769,#768);
#771=DIRECTION('',(0.E0,0.E0,-1.E0));
#772=VECTOR('',#771,5.73E0);
#773=CARTESIAN_POINT('',(2.2E0,3.75E0,5.42E0));
#774=LINE('',#773,#772);
#775=DIRECTION('',(0.E0,0.E0,1.E0));
#776=VECTOR('',#775,4.4E0);
#777=CARTESIAN_POINT('',(1.15E0,3.75E0,-3.1E-1));
#778=LINE('',#777,#776);
#779=CARTESIAN_POINT('',(8.5E-1,3.75E0,4.09E0));
#780=DIRECTION('',(0.E0,1.E0,0.E0));
#781=DIRECTION('',(0.E0,0.E0,1.E0));
#782=AXIS2_PLACEMENT_3D('',#779,#780,#781);
#784=DIRECTION('',(1.E0,0.E0,0.E0));
#785=VECTOR('',#784,1.7E0);
#786=CARTESIAN_POINT('',(-8.5E-1,3.75E0,4.39E0));
#787=LINE('',#786,#785);
#788=CARTESIAN_POINT('',(-8.5E-1,3.75E0,4.09E0));
#789=DIRECTION('',(0.E0,1.E0,0.E0));
#790=DIRECTION('',(-1.E0,0.E0,0.E0));
#791=AXIS2_PLACEMENT_3D('',#788,#789,#790);
#793=DIRECTION('',(-1.E0,0.E0,0.E0));
#794=VECTOR('',#793,2.3E0);
#795=CARTESIAN_POINT('',(1.15E0,3.75E0,-3.1E-1));
#796=LINE('',#795,#794);
#797=DIRECTION('',(-1.E0,0.E0,0.E0));
#798=VECTOR('',#797,1.05E0);
#799=CARTESIAN_POINT('',(2.2E0,3.75E0,-3.1E-1));
#800=LINE('',#799,#798);
#801=DIRECTION('',(0.E0,1.E0,0.E0));
#802=VECTOR('',#801,2.655E0);
#803=CARTESIAN_POINT('',(2.2E0,1.095E0,-3.1E-1));
#804=LINE('',#803,#802);
#805=DIRECTION('',(0.E0,-1.E0,0.E0));
#806=VECTOR('',#805,2.75E-1);
#807=CARTESIAN_POINT('',(1.33E0,1.37E0,-3.1E-1));
#808=LINE('',#807,#806);
#809=DIRECTION('',(1.E0,0.E0,0.E0));
#810=VECTOR('',#809,2.66E0);
#811=CARTESIAN_POINT('',(-1.33E0,1.37E0,-3.1E-1));
#812=LINE('',#811,#810);
#813=DIRECTION('',(0.E0,1.E0,0.E0));
#814=VECTOR('',#813,2.75E-1);
#815=CARTESIAN_POINT('',(-1.33E0,1.095E0,-3.1E-1));
#816=LINE('',#815,#814);
#817=DIRECTION('',(0.E0,-1.E0,0.E0));
#818=VECTOR('',#817,2.655E0);
#819=CARTESIAN_POINT('',(-2.2E0,3.75E0,-3.1E-1));
#820=LINE('',#819,#818);
#821=DIRECTION('',(-1.E0,0.E0,0.E0));
#822=VECTOR('',#821,1.05E0);
#823=CARTESIAN_POINT('',(-1.15E0,3.75E0,-3.1E-1));
#824=LINE('',#823,#822);
#825=DIRECTION('',(0.E0,-7.071067811865E-1,-7.071067811865E-1));
#826=VECTOR('',#825,1.682914139224E0);
#827=CARTESIAN_POINT('',(-2.2E0,3.75E0,5.42E0));
#828=LINE('',#827,#826);
#829=DIRECTION('',(1.E0,0.E0,0.E0));
#830=VECTOR('',#829,5.2E0);
#831=CARTESIAN_POINT('',(-2.6E0,4.02E0,5.69E0));
#832=LINE('',#831,#830);
#833=DIRECTION('',(0.E0,-7.071067811865E-1,-7.071067811865E-1));
#834=VECTOR('',#833,1.682914139224E0);
#835=CARTESIAN_POINT('',(2.2E0,3.75E0,5.42E0));
#836=LINE('',#835,#834);
#837=DIRECTION('',(-1.E0,0.E0,0.E0));
#838=VECTOR('',#837,4.4E0);
#839=CARTESIAN_POINT('',(2.2E0,3.75E0,5.42E0));
#840=LINE('',#839,#838);
#841=DIRECTION('',(0.E0,0.E0,-1.E0));
#842=VECTOR('',#841,5.73E0);
#843=CARTESIAN_POINT('',(-2.2E0,3.75E0,5.42E0));
#844=LINE('',#843,#842);
#845=DIRECTION('',(-1.E0,0.E0,0.E0));
#846=VECTOR('',#845,8.7E-1);
#847=CARTESIAN_POINT('',(-1.33E0,1.095E0,-3.1E-1));
#848=LINE('',#847,#846);
#849=DIRECTION('',(0.E0,0.E0,-1.E0));
#850=VECTOR('',#849,4.54E0);
#851=CARTESIAN_POINT('',(-1.33E0,1.095E0,4.23E0));
#852=LINE('',#851,#850);
#853=DIRECTION('',(0.E0,0.E0,-1.E0));
#854=VECTOR('',#853,6.E0);
#855=CARTESIAN_POINT('',(-1.4E-1,1.095E0,4.23E0));
#856=LINE('',#855,#854);
#857=DIRECTION('',(0.E0,0.E0,-1.E0));
#858=VECTOR('',#857,4.54E0);
#859=CARTESIAN_POINT('',(-2.2E0,1.095E0,4.23E0));
#860=LINE('',#859,#858);
#861=DIRECTION('',(0.E0,0.E0,-1.E0));
#862=VECTOR('',#861,4.54E0);
#863=CARTESIAN_POINT('',(-1.33E0,1.37E0,4.23E0));
#864=LINE('',#863,#862);
#865=DIRECTION('',(0.E0,0.E0,-1.E0));
#866=VECTOR('',#865,4.54E0);
#867=CARTESIAN_POINT('',(1.33E0,1.37E0,4.23E0));
#868=LINE('',#867,#866);
#869=DIRECTION('',(1.E0,0.E0,0.E0));
#870=VECTOR('',#869,8.7E-1);
#871=CARTESIAN_POINT('',(1.33E0,1.095E0,-3.1E-1));
#872=LINE('',#871,#870);
#873=DIRECTION('',(0.E0,0.E0,-1.E0));
#874=VECTOR('',#873,4.54E0);
#875=CARTESIAN_POINT('',(2.2E0,1.095E0,4.23E0));
#876=LINE('',#875,#874);
#877=DIRECTION('',(0.E0,0.E0,-1.E0));
#878=VECTOR('',#877,6.E0);
#879=CARTESIAN_POINT('',(2.36E0,1.095E0,4.23E0));
#880=LINE('',#879,#878);
#881=DIRECTION('',(0.E0,0.E0,-1.E0));
#882=VECTOR('',#881,4.54E0);
#883=CARTESIAN_POINT('',(1.33E0,1.095E0,4.23E0));
#884=LINE('',#883,#882);
#885=DIRECTION('',(0.E0,0.E0,-1.E0));
#886=VECTOR('',#885,6.E0);
#887=CARTESIAN_POINT('',(2.36E0,-1.095E0,4.23E0));
#888=LINE('',#887,#886);
#889=DIRECTION('',(0.E0,0.E0,-1.E0));
#890=VECTOR('',#889,6.E0);
#891=CARTESIAN_POINT('',(1.4E-1,-1.095E0,4.23E0));
#892=LINE('',#891,#890);
#893=DIRECTION('',(0.E0,0.E0,-1.E0));
#894=VECTOR('',#893,6.E0);
#895=CARTESIAN_POINT('',(1.4E-1,1.095E0,4.23E0));
#896=LINE('',#895,#894);
#897=DIRECTION('',(0.E0,-1.E0,0.E0));
#898=VECTOR('',#897,2.19E0);
#899=CARTESIAN_POINT('',(1.4E-1,1.095E0,-1.77E0));
#900=LINE('',#899,#898);
#901=DIRECTION('',(-1.E0,0.E0,0.E0));
#902=VECTOR('',#901,2.22E0);
#903=CARTESIAN_POINT('',(2.36E0,1.095E0,-1.77E0));
#904=LINE('',#903,#902);
#905=DIRECTION('',(0.E0,1.E0,0.E0));
#906=VECTOR('',#905,2.19E0);
#907=CARTESIAN_POINT('',(2.36E0,-1.095E0,-1.77E0));
#908=LINE('',#907,#906);
#909=DIRECTION('',(1.E0,0.E0,0.E0));
#910=VECTOR('',#909,2.22E0);
#911=CARTESIAN_POINT('',(1.4E-1,-1.095E0,-1.77E0));
#912=LINE('',#911,#910);
#913=DIRECTION('',(0.E0,1.E0,0.E0));
#914=VECTOR('',#913,6.35E-1);
#915=CARTESIAN_POINT('',(9.325E-1,-3.175E-1,-1.77E0));
#916=LINE('',#915,#914);
#917=DIRECTION('',(1.E0,0.E0,0.E0));
#918=VECTOR('',#917,6.35E-1);
#919=CARTESIAN_POINT('',(9.325E-1,-3.175E-1,-1.77E0));
#920=LINE('',#919,#918);
#921=DIRECTION('',(0.E0,1.E0,0.E0));
#922=VECTOR('',#921,6.35E-1);
#923=CARTESIAN_POINT('',(1.5675E0,-3.175E-1,-1.77E0));
#924=LINE('',#923,#922);
#925=DIRECTION('',(1.E0,0.E0,0.E0));
#926=VECTOR('',#925,6.35E-1);
#927=CARTESIAN_POINT('',(9.325E-1,3.175E-1,-1.77E0));
#928=LINE('',#927,#926);
#929=DIRECTION('',(0.E0,0.E0,1.E0));
#930=VECTOR('',#929,6.35E-1);
#931=CARTESIAN_POINT('',(9.325E-1,-4.69E0,-6.4675E0));
#932=LINE('',#931,#930);
#933=DIRECTION('',(0.E0,1.E0,0.E0));
#934=VECTOR('',#933,4.0725E0);
#935=CARTESIAN_POINT('',(9.325E-1,-4.69E0,-6.4675E0));
#936=LINE('',#935,#934);
#937=CARTESIAN_POINT('',(9.325E-1,-6.175E-1,-5.5325E0));
#938=DIRECTION('',(1.E0,0.E0,0.E0));
#939=DIRECTION('',(0.E0,0.E0,-1.E0));
#940=AXIS2_PLACEMENT_3D('',#937,#938,#939);
#942=DIRECTION('',(0.E0,0.E0,1.E0));
#943=VECTOR('',#942,1.3025E0);
#944=CARTESIAN_POINT('',(9.325E-1,3.175E-1,-5.5325E0));
#945=LINE('',#944,#943);
#946=DIRECTION('',(0.E0,0.E0,-1.E0));
#947=VECTOR('',#946,1.3025E0);
#948=CARTESIAN_POINT('',(9.325E-1,-3.175E-1,-4.23E0));
#949=LINE('',#948,#947);
#950=CARTESIAN_POINT('',(9.325E-1,-6.175E-1,-5.5325E0));
#951=DIRECTION('',(-1.E0,0.E0,0.E0));
#952=DIRECTION('',(0.E0,1.E0,0.E0));
#953=AXIS2_PLACEMENT_3D('',#950,#951,#952);
#955=DIRECTION('',(0.E0,-1.E0,0.E0));
#956=VECTOR('',#955,4.0725E0);
#957=CARTESIAN_POINT('',(9.325E-1,-6.175E-1,-5.8325E0));
#958=LINE('',#957,#956);
#959=DIRECTION('',(0.E0,1.E0,0.E0));
#960=VECTOR('',#959,6.35E-1);
#961=CARTESIAN_POINT('',(9.325E-1,-3.175E-1,2.25E0));
#962=LINE('',#961,#960);
#963=DIRECTION('',(0.E0,0.E0,-1.E0));
#964=VECTOR('',#963,4.02E0);
#965=CARTESIAN_POINT('',(9.325E-1,-3.175E-1,2.25E0));
#966=LINE('',#965,#964);
#967=DIRECTION('',(0.E0,0.E0,1.E0));
#968=VECTOR('',#967,4.02E0);
#969=CARTESIAN_POINT('',(9.325E-1,3.175E-1,-1.77E0));
#970=LINE('',#969,#968);
#971=DIRECTION('',(-2.544566789040E-1,9.330078226480E-1,2.544566789040E-1));
#972=VECTOR('',#971,5.894913061276E-1);
#973=CARTESIAN_POINT('',(1.0825E0,-5.24E0,-5.9825E0));
#974=LINE('',#973,#972);
#975=DIRECTION('',(2.544566789040E-1,9.330078226480E-1,2.544566789040E-1));
#976=VECTOR('',#975,5.894913061276E-1);
#977=CARTESIAN_POINT('',(1.4175E0,-5.24E0,-5.9825E0));
#978=LINE('',#977,#976);
#979=DIRECTION('',(-1.E0,0.E0,0.E0));
#980=VECTOR('',#979,6.35E-1);
#981=CARTESIAN_POINT('',(1.5675E0,-4.69E0,-5.8325E0));
#982=LINE('',#981,#980);
#983=DIRECTION('',(1.E0,0.E0,0.E0));
#984=VECTOR('',#983,6.35E-1);
#985=CARTESIAN_POINT('',(9.325E-1,-6.175E-1,-5.8325E0));
#986=LINE('',#985,#984);
#987=DIRECTION('',(1.E0,0.E0,0.E0));
#988=VECTOR('',#987,6.35E-1);
#989=CARTESIAN_POINT('',(9.325E-1,-3.175E-1,-5.5325E0));
#990=LINE('',#989,#988);
#991=DIRECTION('',(-1.E0,0.E0,0.E0));
#992=VECTOR('',#991,6.35E-1);
#993=CARTESIAN_POINT('',(1.5675E0,-3.175E-1,2.25E0));
#994=LINE('',#993,#992);
#995=DIRECTION('',(0.E0,0.E0,-1.E0));
#996=VECTOR('',#995,6.35E-1);
#997=CARTESIAN_POINT('',(1.5675E0,-4.69E0,-5.8325E0));
#998=LINE('',#997,#996);
#999=DIRECTION('',(0.E0,-1.E0,0.E0));
#1000=VECTOR('',#999,4.0725E0);
#1001=CARTESIAN_POINT('',(1.5675E0,-6.175E-1,-5.8325E0));
#1002=LINE('',#1001,#1000);
#1003=CARTESIAN_POINT('',(1.5675E0,-6.175E-1,-5.5325E0));
#1004=DIRECTION('',(-1.E0,0.E0,0.E0));
#1005=DIRECTION('',(0.E0,1.E0,0.E0));
#1006=AXIS2_PLACEMENT_3D('',#1003,#1004,#1005);
#1008=DIRECTION('',(0.E0,0.E0,-1.E0));
#1009=VECTOR('',#1008,1.3025E0);
#1010=CARTESIAN_POINT('',(1.5675E0,-3.175E-1,-4.23E0));
#1011=LINE('',#1010,#1009);
#1012=DIRECTION('',(0.E0,0.E0,1.E0));
#1013=VECTOR('',#1012,1.3025E0);
#1014=CARTESIAN_POINT('',(1.5675E0,3.175E-1,-5.5325E0));
#1015=LINE('',#1014,#1013);
#1016=CARTESIAN_POINT('',(1.5675E0,-6.175E-1,-5.5325E0));
#1017=DIRECTION('',(1.E0,0.E0,0.E0));
#1018=DIRECTION('',(0.E0,0.E0,-1.E0));
#1019=AXIS2_PLACEMENT_3D('',#1016,#1017,#1018);
#1021=DIRECTION('',(0.E0,1.E0,0.E0));
#1022=VECTOR('',#1021,4.0725E0);
#1023=CARTESIAN_POINT('',(1.5675E0,-4.69E0,-6.4675E0));
#1024=LINE('',#1023,#1022);
#1025=DIRECTION('',(0.E0,-1.E0,0.E0));
#1026=VECTOR('',#1025,6.35E-1);
#1027=CARTESIAN_POINT('',(1.5675E0,3.175E-1,2.25E0));
#1028=LINE('',#1027,#1026);
#1029=DIRECTION('',(0.E0,0.E0,1.E0));
#1030=VECTOR('',#1029,4.02E0);
#1031=CARTESIAN_POINT('',(1.5675E0,3.175E-1,-1.77E0));
#1032=LINE('',#1031,#1030);
#1033=DIRECTION('',(0.E0,0.E0,-1.E0));
#1034=VECTOR('',#1033,4.02E0);
#1035=CARTESIAN_POINT('',(1.5675E0,-3.175E-1,2.25E0));
#1036=LINE('',#1035,#1034);
#1037=DIRECTION('',(-2.544566789040E-1,9.330078226480E-1,-2.544566789040E-1));
#1038=VECTOR('',#1037,5.894913061276E-1);
#1039=CARTESIAN_POINT('',(1.0825E0,-5.24E0,-6.3175E0));
#1040=LINE('',#1039,#1038);
#1041=DIRECTION('',(-2.544566789040E-1,-9.330078226480E-1,2.544566789040E-1));
#1042=VECTOR('',#1041,5.894913061276E-1);
#1043=CARTESIAN_POINT('',(1.5675E0,-4.69E0,-6.4675E0));
#1044=LINE('',#1043,#1042);
#1045=DIRECTION('',(-1.E0,0.E0,0.E0));
#1046=VECTOR('',#1045,3.35E-1);
#1047=CARTESIAN_POINT('',(1.4175E0,-5.24E0,-6.3175E0));
#1048=LINE('',#1047,#1046);
#1049=DIRECTION('',(0.E0,0.E0,1.E0));
#1050=VECTOR('',#1049,3.35E-1);
#1051=CARTESIAN_POINT('',(1.0825E0,-5.24E0,-6.3175E0));
#1052=LINE('',#1051,#1050);
#1053=DIRECTION('',(-1.E0,0.E0,0.E0));
#1054=VECTOR('',#1053,3.35E-1);
#1055=CARTESIAN_POINT('',(1.4175E0,-5.24E0,-5.9825E0));
#1056=LINE('',#1055,#1054);
#1057=DIRECTION('',(0.E0,0.E0,-1.E0));
#1058=VECTOR('',#1057,3.35E-1);
#1059=CARTESIAN_POINT('',(1.4175E0,-5.24E0,-5.9825E0));
#1060=LINE('',#1059,#1058);
#1061=DIRECTION('',(-1.E0,0.E0,0.E0));
#1062=VECTOR('',#1061,6.35E-1);
#1063=CARTESIAN_POINT('',(1.5675E0,-4.69E0,-6.4675E0));
#1064=LINE('',#1063,#1062);
#1065=DIRECTION('',(1.E0,0.E0,0.E0));
#1066=VECTOR('',#1065,6.35E-1);
#1067=CARTESIAN_POINT('',(9.325E-1,-6.175E-1,-6.4675E0));
#1068=LINE('',#1067,#1066);
#1069=DIRECTION('',(1.E0,0.E0,0.E0));
#1070=VECTOR('',#1069,6.35E-1);
#1071=CARTESIAN_POINT('',(9.325E-1,3.175E-1,-5.5325E0));
#1072=LINE('',#1071,#1070);
#1073=DIRECTION('',(-1.E0,0.E0,0.E0));
#1074=VECTOR('',#1073,6.35E-1);
#1075=CARTESIAN_POINT('',(1.5675E0,3.175E-1,2.25E0));
#1076=LINE('',#1075,#1074);
#1077=DIRECTION('',(2.544566789040E-1,-2.544566789040E-1,9.330078226480E-1));
#1078=VECTOR('',#1077,5.894913061276E-1);
#1079=CARTESIAN_POINT('',(9.325E-1,3.175E-1,2.25E0));
#1080=LINE('',#1079,#1078);
#1081=DIRECTION('',(2.544566789040E-1,2.544566789040E-1,-9.330078226480E-1));
#1082=VECTOR('',#1081,5.894913061276E-1);
#1083=CARTESIAN_POINT('',(1.4175E0,1.675E-1,2.8E0));
#1084=LINE('',#1083,#1082);
#1085=DIRECTION('',(-2.544566789040E-1,-2.544566789040E-1,-9.330078226480E-1));
#1086=VECTOR('',#1085,5.894913061276E-1);
#1087=CARTESIAN_POINT('',(1.0825E0,-1.675E-1,2.8E0));
#1088=LINE('',#1087,#1086);
#1089=DIRECTION('',(-2.544566789040E-1,2.544566789040E-1,9.330078226480E-1));
#1090=VECTOR('',#1089,5.894913061276E-1);
#1091=CARTESIAN_POINT('',(1.5675E0,-3.175E-1,2.25E0));
#1092=LINE('',#1091,#1090);
#1093=DIRECTION('',(-1.E0,0.E0,0.E0));
#1094=VECTOR('',#1093,3.35E-1);
#1095=CARTESIAN_POINT('',(1.4175E0,1.675E-1,2.8E0));
#1096=LINE('',#1095,#1094);
#1097=DIRECTION('',(0.E0,-1.E0,0.E0));
#1098=VECTOR('',#1097,3.35E-1);
#1099=CARTESIAN_POINT('',(1.4175E0,1.675E-1,2.8E0));
#1100=LINE('',#1099,#1098);
#1101=DIRECTION('',(-1.E0,0.E0,0.E0));
#1102=VECTOR('',#1101,3.35E-1);
#1103=CARTESIAN_POINT('',(1.4175E0,-1.675E-1,2.8E0));
#1104=LINE('',#1103,#1102);
#1105=DIRECTION('',(0.E0,1.E0,0.E0));
#1106=VECTOR('',#1105,3.35E-1);
#1107=CARTESIAN_POINT('',(1.0825E0,-1.675E-1,2.8E0));
#1108=LINE('',#1107,#1106);
#1109=DIRECTION('',(0.E0,0.E0,-1.E0));
#1110=VECTOR('',#1109,6.E0);
#1111=CARTESIAN_POINT('',(-1.4E-1,-1.095E0,4.23E0));
#1112=LINE('',#1111,#1110);
#1113=DIRECTION('',(0.E0,0.E0,-1.E0));
#1114=VECTOR('',#1113,6.E0);
#1115=CARTESIAN_POINT('',(-2.36E0,-1.095E0,4.23E0));
#1116=LINE('',#1115,#1114);
#1117=DIRECTION('',(0.E0,0.E0,-1.E0));
#1118=VECTOR('',#1117,6.E0);
#1119=CARTESIAN_POINT('',(-2.36E0,1.095E0,4.23E0));
#1120=LINE('',#1119,#1118);
#1121=DIRECTION('',(0.E0,-1.E0,0.E0));
#1122=VECTOR('',#1121,2.19E0);
#1123=CARTESIAN_POINT('',(-2.36E0,1.095E0,-1.77E0));
#1124=LINE('',#1123,#1122);
#1125=DIRECTION('',(-1.E0,0.E0,0.E0));
#1126=VECTOR('',#1125,2.22E0);
#1127=CARTESIAN_POINT('',(-1.4E-1,1.095E0,-1.77E0));
#1128=LINE('',#1127,#1126);
#1129=DIRECTION('',(0.E0,1.E0,0.E0));
#1130=VECTOR('',#1129,2.19E0);
#1131=CARTESIAN_POINT('',(-1.4E-1,-1.095E0,-1.77E0));
#1132=LINE('',#1131,#1130);
#1133=DIRECTION('',(1.E0,0.E0,0.E0));
#1134=VECTOR('',#1133,2.22E0);
#1135=CARTESIAN_POINT('',(-2.36E0,-1.095E0,-1.77E0));
#1136=LINE('',#1135,#1134);
#1137=DIRECTION('',(0.E0,1.E0,0.E0));
#1138=VECTOR('',#1137,6.35E-1);
#1139=CARTESIAN_POINT('',(-1.5675E0,-3.175E-1,-1.77E0));
#1140=LINE('',#1139,#1138);
#1141=DIRECTION('',(1.E0,0.E0,0.E0));
#1142=VECTOR('',#1141,6.35E-1);
#1143=CARTESIAN_POINT('',(-1.5675E0,-3.175E-1,-1.77E0));
#1144=LINE('',#1143,#1142);
#1145=DIRECTION('',(0.E0,1.E0,0.E0));
#1146=VECTOR('',#1145,6.35E-1);
#1147=CARTESIAN_POINT('',(-9.325E-1,-3.175E-1,-1.77E0));
#1148=LINE('',#1147,#1146);
#1149=DIRECTION('',(1.E0,0.E0,0.E0));
#1150=VECTOR('',#1149,6.35E-1);
#1151=CARTESIAN_POINT('',(-1.5675E0,3.175E-1,-1.77E0));
#1152=LINE('',#1151,#1150);
#1153=DIRECTION('',(0.E0,0.E0,1.E0));
#1154=VECTOR('',#1153,6.35E-1);
#1155=CARTESIAN_POINT('',(-1.5675E0,-4.69E0,-6.4675E0));
#1156=LINE('',#1155,#1154);
#1157=DIRECTION('',(0.E0,1.E0,0.E0));
#1158=VECTOR('',#1157,4.0725E0);
#1159=CARTESIAN_POINT('',(-1.5675E0,-4.69E0,-6.4675E0));
#1160=LINE('',#1159,#1158);
#1161=CARTESIAN_POINT('',(-1.5675E0,-6.175E-1,-5.5325E0));
#1162=DIRECTION('',(1.E0,0.E0,0.E0));
#1163=DIRECTION('',(0.E0,0.E0,-1.E0));
#1164=AXIS2_PLACEMENT_3D('',#1161,#1162,#1163);
#1166=DIRECTION('',(0.E0,0.E0,1.E0));
#1167=VECTOR('',#1166,1.3025E0);
#1168=CARTESIAN_POINT('',(-1.5675E0,3.175E-1,-5.5325E0));
#1169=LINE('',#1168,#1167);
#1170=DIRECTION('',(0.E0,0.E0,-1.E0));
#1171=VECTOR('',#1170,1.3025E0);
#1172=CARTESIAN_POINT('',(-1.5675E0,-3.175E-1,-4.23E0));
#1173=LINE('',#1172,#1171);
#1174=CARTESIAN_POINT('',(-1.5675E0,-6.175E-1,-5.5325E0));
#1175=DIRECTION('',(-1.E0,0.E0,0.E0));
#1176=DIRECTION('',(0.E0,1.E0,0.E0));
#1177=AXIS2_PLACEMENT_3D('',#1174,#1175,#1176);
#1179=DIRECTION('',(0.E0,-1.E0,0.E0));
#1180=VECTOR('',#1179,4.0725E0);
#1181=CARTESIAN_POINT('',(-1.5675E0,-6.175E-1,-5.8325E0));
#1182=LINE('',#1181,#1180);
#1183=DIRECTION('',(0.E0,1.E0,0.E0));
#1184=VECTOR('',#1183,6.35E-1);
#1185=CARTESIAN_POINT('',(-1.5675E0,-3.175E-1,2.25E0));
#1186=LINE('',#1185,#1184);
#1187=DIRECTION('',(0.E0,0.E0,-1.E0));
#1188=VECTOR('',#1187,4.02E0);
#1189=CARTESIAN_POINT('',(-1.5675E0,-3.175E-1,2.25E0));
#1190=LINE('',#1189,#1188);
#1191=DIRECTION('',(0.E0,0.E0,1.E0));
#1192=VECTOR('',#1191,4.02E0);
#1193=CARTESIAN_POINT('',(-1.5675E0,3.175E-1,-1.77E0));
#1194=LINE('',#1193,#1192);
#1195=DIRECTION('',(-2.544566789040E-1,9.330078226480E-1,2.544566789040E-1));
#1196=VECTOR('',#1195,5.894913061276E-1);
#1197=CARTESIAN_POINT('',(-1.4175E0,-5.24E0,-5.9825E0));
#1198=LINE('',#1197,#1196);
#1199=DIRECTION('',(2.544566789040E-1,9.330078226480E-1,2.544566789040E-1));
#1200=VECTOR('',#1199,5.894913061276E-1);
#1201=CARTESIAN_POINT('',(-1.0825E0,-5.24E0,-5.9825E0));
#1202=LINE('',#1201,#1200);
#1203=DIRECTION('',(-1.E0,0.E0,0.E0));
#1204=VECTOR('',#1203,6.35E-1);
#1205=CARTESIAN_POINT('',(-9.325E-1,-4.69E0,-5.8325E0));
#1206=LINE('',#1205,#1204);
#1207=DIRECTION('',(1.E0,0.E0,0.E0));
#1208=VECTOR('',#1207,6.35E-1);
#1209=CARTESIAN_POINT('',(-1.5675E0,-6.175E-1,-5.8325E0));
#1210=LINE('',#1209,#1208);
#1211=DIRECTION('',(1.E0,0.E0,0.E0));
#1212=VECTOR('',#1211,6.35E-1);
#1213=CARTESIAN_POINT('',(-1.5675E0,-3.175E-1,-5.5325E0));
#1214=LINE('',#1213,#1212);
#1215=DIRECTION('',(-1.E0,0.E0,0.E0));
#1216=VECTOR('',#1215,6.35E-1);
#1217=CARTESIAN_POINT('',(-9.325E-1,-3.175E-1,2.25E0));
#1218=LINE('',#1217,#1216);
#1219=DIRECTION('',(0.E0,0.E0,-1.E0));
#1220=VECTOR('',#1219,6.35E-1);
#1221=CARTESIAN_POINT('',(-9.325E-1,-4.69E0,-5.8325E0));
#1222=LINE('',#1221,#1220);
#1223=DIRECTION('',(0.E0,-1.E0,0.E0));
#1224=VECTOR('',#1223,4.0725E0);
#1225=CARTESIAN_POINT('',(-9.325E-1,-6.175E-1,-5.8325E0));
#1226=LINE('',#1225,#1224);
#1227=CARTESIAN_POINT('',(-9.325E-1,-6.175E-1,-5.5325E0));
#1228=DIRECTION('',(-1.E0,0.E0,0.E0));
#1229=DIRECTION('',(0.E0,1.E0,0.E0));
#1230=AXIS2_PLACEMENT_3D('',#1227,#1228,#1229);
#1232=DIRECTION('',(0.E0,0.E0,-1.E0));
#1233=VECTOR('',#1232,1.3025E0);
#1234=CARTESIAN_POINT('',(-9.325E-1,-3.175E-1,-4.23E0));
#1235=LINE('',#1234,#1233);
#1236=DIRECTION('',(0.E0,0.E0,1.E0));
#1237=VECTOR('',#1236,1.3025E0);
#1238=CARTESIAN_POINT('',(-9.325E-1,3.175E-1,-5.5325E0));
#1239=LINE('',#1238,#1237);
#1240=CARTESIAN_POINT('',(-9.325E-1,-6.175E-1,-5.5325E0));
#1241=DIRECTION('',(1.E0,0.E0,0.E0));
#1242=DIRECTION('',(0.E0,0.E0,-1.E0));
#1243=AXIS2_PLACEMENT_3D('',#1240,#1241,#1242);
#1245=DIRECTION('',(0.E0,1.E0,0.E0));
#1246=VECTOR('',#1245,4.0725E0);
#1247=CARTESIAN_POINT('',(-9.325E-1,-4.69E0,-6.4675E0));
#1248=LINE('',#1247,#1246);
#1249=DIRECTION('',(0.E0,-1.E0,0.E0));
#1250=VECTOR('',#1249,6.35E-1);
#1251=CARTESIAN_POINT('',(-9.325E-1,3.175E-1,2.25E0));
#1252=LINE('',#1251,#1250);
#1253=DIRECTION('',(0.E0,0.E0,1.E0));
#1254=VECTOR('',#1253,4.02E0);
#1255=CARTESIAN_POINT('',(-9.325E-1,3.175E-1,-1.77E0));
#1256=LINE('',#1255,#1254);
#1257=DIRECTION('',(0.E0,0.E0,-1.E0));
#1258=VECTOR('',#1257,4.02E0);
#1259=CARTESIAN_POINT('',(-9.325E-1,-3.175E-1,2.25E0));
#1260=LINE('',#1259,#1258);
#1261=DIRECTION('',(-2.544566789040E-1,9.330078226480E-1,-2.544566789040E-1));
#1262=VECTOR('',#1261,5.894913061276E-1);
#1263=CARTESIAN_POINT('',(-1.4175E0,-5.24E0,-6.3175E0));
#1264=LINE('',#1263,#1262);
#1265=DIRECTION('',(-2.544566789040E-1,-9.330078226480E-1,2.544566789040E-1));
#1266=VECTOR('',#1265,5.894913061276E-1);
#1267=CARTESIAN_POINT('',(-9.325E-1,-4.69E0,-6.4675E0));
#1268=LINE('',#1267,#1266);
#1269=DIRECTION('',(-1.E0,0.E0,0.E0));
#1270=VECTOR('',#1269,3.35E-1);
#1271=CARTESIAN_POINT('',(-1.0825E0,-5.24E0,-6.3175E0));
#1272=LINE('',#1271,#1270);
#1273=DIRECTION('',(0.E0,0.E0,1.E0));
#1274=VECTOR('',#1273,3.35E-1);
#1275=CARTESIAN_POINT('',(-1.4175E0,-5.24E0,-6.3175E0));
#1276=LINE('',#1275,#1274);
#1277=DIRECTION('',(-1.E0,0.E0,0.E0));
#1278=VECTOR('',#1277,3.35E-1);
#1279=CARTESIAN_POINT('',(-1.0825E0,-5.24E0,-5.9825E0));
#1280=LINE('',#1279,#1278);
#1281=DIRECTION('',(0.E0,0.E0,-1.E0));
#1282=VECTOR('',#1281,3.35E-1);
#1283=CARTESIAN_POINT('',(-1.0825E0,-5.24E0,-5.9825E0));
#1284=LINE('',#1283,#1282);
#1285=DIRECTION('',(-1.E0,0.E0,0.E0));
#1286=VECTOR('',#1285,6.35E-1);
#1287=CARTESIAN_POINT('',(-9.325E-1,-4.69E0,-6.4675E0));
#1288=LINE('',#1287,#1286);
#1289=DIRECTION('',(1.E0,0.E0,0.E0));
#1290=VECTOR('',#1289,6.35E-1);
#1291=CARTESIAN_POINT('',(-1.5675E0,-6.175E-1,-6.4675E0));
#1292=LINE('',#1291,#1290);
#1293=DIRECTION('',(1.E0,0.E0,0.E0));
#1294=VECTOR('',#1293,6.35E-1);
#1295=CARTESIAN_POINT('',(-1.5675E0,3.175E-1,-5.5325E0));
#1296=LINE('',#1295,#1294);
#1297=DIRECTION('',(-1.E0,0.E0,0.E0));
#1298=VECTOR('',#1297,6.35E-1);
#1299=CARTESIAN_POINT('',(-9.325E-1,3.175E-1,2.25E0));
#1300=LINE('',#1299,#1298);
#1301=DIRECTION('',(2.544566789040E-1,-2.544566789040E-1,9.330078226480E-1));
#1302=VECTOR('',#1301,5.894913061276E-1);
#1303=CARTESIAN_POINT('',(-1.5675E0,3.175E-1,2.25E0));
#1304=LINE('',#1303,#1302);
#1305=DIRECTION('',(2.544566789040E-1,2.544566789040E-1,-9.330078226480E-1));
#1306=VECTOR('',#1305,5.894913061276E-1);
#1307=CARTESIAN_POINT('',(-1.0825E0,1.675E-1,2.8E0));
#1308=LINE('',#1307,#1306);
#1309=DIRECTION('',(-2.544566789040E-1,-2.544566789040E-1,-9.330078226480E-1));
#1310=VECTOR('',#1309,5.894913061276E-1);
#1311=CARTESIAN_POINT('',(-1.4175E0,-1.675E-1,2.8E0));
#1312=LINE('',#1311,#1310);
#1313=DIRECTION('',(-2.544566789040E-1,2.544566789040E-1,9.330078226480E-1));
#1314=VECTOR('',#1313,5.894913061276E-1);
#1315=CARTESIAN_POINT('',(-9.325E-1,-3.175E-1,2.25E0));
#1316=LINE('',#1315,#1314);
#1317=DIRECTION('',(-1.E0,0.E0,0.E0));
#1318=VECTOR('',#1317,3.35E-1);
#1319=CARTESIAN_POINT('',(-1.0825E0,1.675E-1,2.8E0));
#1320=LINE('',#1319,#1318);
#1321=DIRECTION('',(0.E0,-1.E0,0.E0));
#1322=VECTOR('',#1321,3.35E-1);
#1323=CARTESIAN_POINT('',(-1.0825E0,1.675E-1,2.8E0));
#1324=LINE('',#1323,#1322);
#1325=DIRECTION('',(-1.E0,0.E0,0.E0));
#1326=VECTOR('',#1325,3.35E-1);
#1327=CARTESIAN_POINT('',(-1.0825E0,-1.675E-1,2.8E0));
#1328=LINE('',#1327,#1326);
#1329=DIRECTION('',(0.E0,1.E0,0.E0));
#1330=VECTOR('',#1329,3.35E-1);
#1331=CARTESIAN_POINT('',(-1.4175E0,-1.675E-1,2.8E0));
#1332=LINE('',#1331,#1330);
#1333=DIRECTION('',(0.E0,-1.E0,0.E0));
#1334=VECTOR('',#1333,2.61E0);
#1335=CARTESIAN_POINT('',(-2.6E0,4.35E0,-5.2E-1));
#1336=LINE('',#1335,#1334);
#1337=DIRECTION('',(0.E0,0.E0,-1.E0));
#1338=VECTOR('',#1337,6.21E0);
#1339=CARTESIAN_POINT('',(-2.6E0,4.35E0,5.69E0));
#1340=LINE('',#1339,#1338);
#1341=DIRECTION('',(0.E0,-1.E0,0.E0));
#1342=VECTOR('',#1341,3.3E-1);
#1343=CARTESIAN_POINT('',(-2.6E0,4.35E0,5.69E0));
#1344=LINE('',#1343,#1342);
#1345=DIRECTION('',(0.E0,-7.071067811865E-1,-7.071067811865E-1));
#1346=VECTOR('',#1345,2.064751801065E0);
#1347=CARTESIAN_POINT('',(-2.6E0,4.02E0,5.69E0));
#1348=LINE('',#1347,#1346);
#1349=DIRECTION('',(0.E0,-1.E0,0.E0));
#1350=VECTOR('',#1349,8.2E-1);
#1351=CARTESIAN_POINT('',(-2.6E0,2.56E0,4.23E0));
#1352=LINE('',#1351,#1350);
#1353=CARTESIAN_POINT('',(-2.35E0,4.35E0,-5.2E-1));
#1354=DIRECTION('',(0.E0,-1.E0,0.E0));
#1355=DIRECTION('',(-1.E0,0.E0,0.E0));
#1356=AXIS2_PLACEMENT_3D('',#1353,#1354,#1355);
#1358=CARTESIAN_POINT('',(-2.35E0,1.74E0,-5.2E-1));
#1359=DIRECTION('',(0.E0,-1.E0,0.E0));
#1360=DIRECTION('',(-1.E0,0.E0,0.E0));
#1361=AXIS2_PLACEMENT_3D('',#1358,#1359,#1360);
#1363=CARTESIAN_POINT('',(-2.35E0,4.35E0,-5.2E-1));
#1364=DIRECTION('',(0.E0,0.E0,-1.E0));
#1365=DIRECTION('',(-1.E0,0.E0,0.E0));
#1366=AXIS2_PLACEMENT_3D('',#1363,#1364,#1365);
#1368=CARTESIAN_POINT('',(2.35E0,4.35E0,5.69E0));
#1369=DIRECTION('',(0.E0,0.E0,1.E0));
#1370=DIRECTION('',(1.E0,0.E0,0.E0));
#1371=AXIS2_PLACEMENT_3D('',#1368,#1369,#1370);
#1373=CARTESIAN_POINT('',(-2.35E0,4.35E0,5.69E0));
#1374=DIRECTION('',(0.E0,0.E0,1.E0));
#1375=DIRECTION('',(0.E0,1.E0,0.E0));
#1376=AXIS2_PLACEMENT_3D('',#1373,#1374,#1375);
#1378=DIRECTION('',(1.E0,0.E0,0.E0));
#1379=VECTOR('',#1378,4.7E0);
#1380=CARTESIAN_POINT('',(-2.35E0,4.6E0,5.69E0));
#1381=LINE('',#1380,#1379);
#1382=CARTESIAN_POINT('',(2.35E0,4.35E0,-5.2E-1));
#1383=DIRECTION('',(0.E0,0.E0,1.E0));
#1384=DIRECTION('',(1.E0,0.E0,0.E0));
#1385=AXIS2_PLACEMENT_3D('',#1382,#1383,#1384);
#1387=DIRECTION('',(0.E0,0.E0,1.E0));
#1388=VECTOR('',#1387,4.61E0);
#1389=CARTESIAN_POINT('',(-1.15E0,4.6E0,-5.2E-1));
#1390=LINE('',#1389,#1388);
#1391=CARTESIAN_POINT('',(-8.5E-1,4.6E0,4.09E0));
#1392=DIRECTION('',(0.E0,1.E0,0.E0));
#1393=DIRECTION('',(-1.E0,0.E0,0.E0));
#1394=AXIS2_PLACEMENT_3D('',#1391,#1392,#1393);
#1396=DIRECTION('',(1.E0,0.E0,0.E0));
#1397=VECTOR('',#1396,1.7E0);
#1398=CARTESIAN_POINT('',(-8.5E-1,4.6E0,4.39E0));
#1399=LINE('',#1398,#1397);
#1400=CARTESIAN_POINT('',(8.5E-1,4.6E0,4.09E0));
#1401=DIRECTION('',(0.E0,1.E0,0.E0));
#1402=DIRECTION('',(0.E0,0.E0,1.E0));
#1403=AXIS2_PLACEMENT_3D('',#1400,#1401,#1402);
#1405=DIRECTION('',(0.E0,0.E0,1.E0));
#1406=VECTOR('',#1405,4.61E0);
#1407=CARTESIAN_POINT('',(1.15E0,4.6E0,-5.2E-1));
#1408=LINE('',#1407,#1406);
#1409=DIRECTION('',(1.E0,0.E0,-8.528775833720E-10));
#1410=VECTOR('',#1409,1.2E0);
#1411=CARTESIAN_POINT('',(1.15E0,4.6E0,-5.2E-1));
#1412=LINE('',#1411,#1410);
#1413=DIRECTION('',(0.E0,0.E0,1.E0));
#1414=VECTOR('',#1413,6.210000001023E0);
#1415=CARTESIAN_POINT('',(2.35E0,4.6E0,-5.200000010235E-1));
#1416=LINE('',#1415,#1414);
#1417=DIRECTION('',(0.E0,0.E0,-1.E0));
#1418=VECTOR('',#1417,6.210000002047E0);
#1419=CARTESIAN_POINT('',(-2.35E0,4.6E0,5.69E0));
#1420=LINE('',#1419,#1418);
#1421=DIRECTION('',(1.E0,0.E0,1.705717789235E-9));
#1422=VECTOR('',#1421,1.2E0);
#1423=CARTESIAN_POINT('',(-2.35E0,4.6E0,-5.200000020469E-1));
#1424=LINE('',#1423,#1422);
#1425=DIRECTION('',(0.E0,-1.E0,0.E0));
#1426=VECTOR('',#1425,8.5E-1);
#1427=CARTESIAN_POINT('',(-1.15E0,4.6E0,4.09E0));
#1428=LINE('',#1427,#1426);
#1429=DIRECTION('',(0.E0,-1.E0,0.E0));
#1430=VECTOR('',#1429,8.5E-1);
#1431=CARTESIAN_POINT('',(-8.5E-1,4.6E0,4.39E0));
#1432=LINE('',#1431,#1430);
#1433=DIRECTION('',(0.E0,-1.E0,0.E0));
#1434=VECTOR('',#1433,8.5E-1);
#1435=CARTESIAN_POINT('',(8.5E-1,4.6E0,4.39E0));
#1436=LINE('',#1435,#1434);
#1437=CARTESIAN_POINT('',(2.35E0,4.35E0,-5.2E-1));
#1438=DIRECTION('',(0.E0,1.E0,0.E0));
#1439=DIRECTION('',(1.E0,0.E0,0.E0));
#1440=AXIS2_PLACEMENT_3D('',#1437,#1438,#1439);
#1442=CARTESIAN_POINT('',(2.35E0,1.74E0,-5.2E-1));
#1443=DIRECTION('',(0.E0,-1.E0,0.E0));
#1444=DIRECTION('',(0.E0,0.E0,-1.E0));
#1445=AXIS2_PLACEMENT_3D('',#1442,#1443,#1444);
#1447=DIRECTION('',(0.E0,0.E0,1.E0));
#1448=VECTOR('',#1447,6.21E0);
#1449=CARTESIAN_POINT('',(2.6E0,4.35E0,-5.2E-1));
#1450=LINE('',#1449,#1448);
#1451=DIRECTION('',(0.E0,1.E0,0.E0));
#1452=VECTOR('',#1451,2.61E0);
#1453=CARTESIAN_POINT('',(2.6E0,1.74E0,-5.2E-1));
#1454=LINE('',#1453,#1452);
#1455=DIRECTION('',(0.E0,-1.E0,0.E0));
#1456=VECTOR('',#1455,8.2E-1);
#1457=CARTESIAN_POINT('',(2.6E0,2.56E0,4.23E0));
#1458=LINE('',#1457,#1456);
#1459=DIRECTION('',(0.E0,-7.071067811865E-1,-7.071067811865E-1));
#1460=VECTOR('',#1459,2.064751801065E0);
#1461=CARTESIAN_POINT('',(2.6E0,4.02E0,5.69E0));
#1462=LINE('',#1461,#1460);
#1463=DIRECTION('',(0.E0,-1.E0,0.E0));
#1464=VECTOR('',#1463,3.3E-1);
#1465=CARTESIAN_POINT('',(2.6E0,4.35E0,5.69E0));
#1466=LINE('',#1465,#1464);
#1467=DIRECTION('',(0.E0,1.E0,0.E0));
#1468=VECTOR('',#1467,6.35E-1);
#1469=CARTESIAN_POINT('',(8.4325E0,-3.175E-1,2.25E0));
#1470=LINE('',#1469,#1468);
#1471=DIRECTION('',(0.E0,0.E0,-1.E0));
#1472=VECTOR('',#1471,4.02E0);
#1473=CARTESIAN_POINT('',(8.4325E0,-3.175E-1,2.25E0));
#1474=LINE('',#1473,#1472);
#1475=DIRECTION('',(0.E0,0.E0,1.E0));
#1476=VECTOR('',#1475,4.02E0);
#1477=CARTESIAN_POINT('',(8.4325E0,3.175E-1,-1.77E0));
#1478=LINE('',#1477,#1476);
#1479=DIRECTION('',(0.E0,0.E0,1.E0));
#1480=VECTOR('',#1479,6.35E-1);
#1481=CARTESIAN_POINT('',(8.4325E0,-4.69E0,-6.4675E0));
#1482=LINE('',#1481,#1480);
#1483=DIRECTION('',(0.E0,1.E0,0.E0));
#1484=VECTOR('',#1483,4.0725E0);
#1485=CARTESIAN_POINT('',(8.4325E0,-4.69E0,-6.4675E0));
#1486=LINE('',#1485,#1484);
#1487=CARTESIAN_POINT('',(8.4325E0,-6.175E-1,-5.5325E0));
#1488=DIRECTION('',(1.E0,0.E0,0.E0));
#1489=DIRECTION('',(0.E0,0.E0,-1.E0));
#1490=AXIS2_PLACEMENT_3D('',#1487,#1488,#1489);
#1492=DIRECTION('',(0.E0,0.E0,1.E0));
#1493=VECTOR('',#1492,1.3025E0);
#1494=CARTESIAN_POINT('',(8.4325E0,3.175E-1,-5.5325E0));
#1495=LINE('',#1494,#1493);
#1496=DIRECTION('',(0.E0,0.E0,-1.E0));
#1497=VECTOR('',#1496,1.3025E0);
#1498=CARTESIAN_POINT('',(8.4325E0,-3.175E-1,-4.23E0));
#1499=LINE('',#1498,#1497);
#1500=CARTESIAN_POINT('',(8.4325E0,-6.175E-1,-5.5325E0));
#1501=DIRECTION('',(-1.E0,0.E0,0.E0));
#1502=DIRECTION('',(0.E0,1.E0,0.E0));
#1503=AXIS2_PLACEMENT_3D('',#1500,#1501,#1502);
#1505=DIRECTION('',(0.E0,-1.E0,0.E0));
#1506=VECTOR('',#1505,4.0725E0);
#1507=CARTESIAN_POINT('',(8.4325E0,-6.175E-1,-5.8325E0));
#1508=LINE('',#1507,#1506);
#1509=DIRECTION('',(-1.E0,0.E0,0.E0));
#1510=VECTOR('',#1509,3.35E-1);
#1511=CARTESIAN_POINT('',(8.9175E0,1.675E-1,2.8E0));
#1512=LINE('',#1511,#1510);
#1513=DIRECTION('',(0.E0,-1.E0,0.E0));
#1514=VECTOR('',#1513,3.35E-1);
#1515=CARTESIAN_POINT('',(8.9175E0,1.675E-1,2.8E0));
#1516=LINE('',#1515,#1514);
#1517=DIRECTION('',(-1.E0,0.E0,0.E0));
#1518=VECTOR('',#1517,3.35E-1);
#1519=CARTESIAN_POINT('',(8.9175E0,-1.675E-1,2.8E0));
#1520=LINE('',#1519,#1518);
#1521=DIRECTION('',(0.E0,1.E0,0.E0));
#1522=VECTOR('',#1521,3.35E-1);
#1523=CARTESIAN_POINT('',(8.5825E0,-1.675E-1,2.8E0));
#1524=LINE('',#1523,#1522);
#1525=DIRECTION('',(2.544566789040E-1,-2.544566789040E-1,9.330078226480E-1));
#1526=VECTOR('',#1525,5.894913061276E-1);
#1527=CARTESIAN_POINT('',(8.4325E0,3.175E-1,2.25E0));
#1528=LINE('',#1527,#1526);
#1529=DIRECTION('',(2.544566789040E-1,2.544566789040E-1,-9.330078226480E-1));
#1530=VECTOR('',#1529,5.894913061276E-1);
#1531=CARTESIAN_POINT('',(8.9175E0,1.675E-1,2.8E0));
#1532=LINE('',#1531,#1530);
#1533=DIRECTION('',(1.E0,0.E0,0.E0));
#1534=VECTOR('',#1533,6.35E-1);
#1535=CARTESIAN_POINT('',(8.4325E0,3.175E-1,-5.5325E0));
#1536=LINE('',#1535,#1534);
#1537=DIRECTION('',(-1.E0,0.E0,0.E0));
#1538=VECTOR('',#1537,6.35E-1);
#1539=CARTESIAN_POINT('',(9.0675E0,3.175E-1,2.25E0));
#1540=LINE('',#1539,#1538);
#1541=DIRECTION('',(1.E0,0.E0,0.E0));
#1542=VECTOR('',#1541,6.35E-1);
#1543=CARTESIAN_POINT('',(8.4325E0,-6.175E-1,-6.4675E0));
#1544=LINE('',#1543,#1542);
#1545=DIRECTION('',(-1.E0,0.E0,0.E0));
#1546=VECTOR('',#1545,6.35E-1);
#1547=CARTESIAN_POINT('',(9.0675E0,-4.69E0,-6.4675E0));
#1548=LINE('',#1547,#1546);
#1549=DIRECTION('',(-2.544566789040E-1,9.330078226480E-1,-2.544566789040E-1));
#1550=VECTOR('',#1549,5.894913061276E-1);
#1551=CARTESIAN_POINT('',(8.5825E0,-5.24E0,-6.3175E0));
#1552=LINE('',#1551,#1550);
#1553=DIRECTION('',(-2.544566789040E-1,9.330078226480E-1,2.544566789040E-1));
#1554=VECTOR('',#1553,5.894913061276E-1);
#1555=CARTESIAN_POINT('',(8.5825E0,-5.24E0,-5.9825E0));
#1556=LINE('',#1555,#1554);
#1557=DIRECTION('',(2.544566789040E-1,9.330078226480E-1,2.544566789040E-1));
#1558=VECTOR('',#1557,5.894913061276E-1);
#1559=CARTESIAN_POINT('',(8.9175E0,-5.24E0,-5.9825E0));
#1560=LINE('',#1559,#1558);
#1561=DIRECTION('',(-1.E0,0.E0,0.E0));
#1562=VECTOR('',#1561,6.35E-1);
#1563=CARTESIAN_POINT('',(9.0675E0,-4.69E0,-5.8325E0));
#1564=LINE('',#1563,#1562);
#1565=DIRECTION('',(1.E0,0.E0,0.E0));
#1566=VECTOR('',#1565,6.35E-1);
#1567=CARTESIAN_POINT('',(8.4325E0,-6.175E-1,-5.8325E0));
#1568=LINE('',#1567,#1566);
#1569=DIRECTION('',(1.E0,0.E0,0.E0));
#1570=VECTOR('',#1569,6.35E-1);
#1571=CARTESIAN_POINT('',(8.4325E0,-3.175E-1,-5.5325E0));
#1572=LINE('',#1571,#1570);
#1573=DIRECTION('',(-1.E0,0.E0,0.E0));
#1574=VECTOR('',#1573,6.35E-1);
#1575=CARTESIAN_POINT('',(9.0675E0,-3.175E-1,2.25E0));
#1576=LINE('',#1575,#1574);
#1577=DIRECTION('',(0.E0,-1.E0,0.E0));
#1578=VECTOR('',#1577,6.35E-1);
#1579=CARTESIAN_POINT('',(9.0675E0,3.175E-1,2.25E0));
#1580=LINE('',#1579,#1578);
#1581=DIRECTION('',(0.E0,0.E0,1.E0));
#1582=VECTOR('',#1581,4.02E0);
#1583=CARTESIAN_POINT('',(9.0675E0,3.175E-1,-1.77E0));
#1584=LINE('',#1583,#1582);
#1585=DIRECTION('',(0.E0,0.E0,-1.E0));
#1586=VECTOR('',#1585,4.02E0);
#1587=CARTESIAN_POINT('',(9.0675E0,-3.175E-1,2.25E0));
#1588=LINE('',#1587,#1586);
#1589=DIRECTION('',(0.E0,0.E0,-1.E0));
#1590=VECTOR('',#1589,6.35E-1);
#1591=CARTESIAN_POINT('',(9.0675E0,-4.69E0,-5.8325E0));
#1592=LINE('',#1591,#1590);
#1593=DIRECTION('',(0.E0,-1.E0,0.E0));
#1594=VECTOR('',#1593,4.0725E0);
#1595=CARTESIAN_POINT('',(9.0675E0,-6.175E-1,-5.8325E0));
#1596=LINE('',#1595,#1594);
#1597=CARTESIAN_POINT('',(9.0675E0,-6.175E-1,-5.5325E0));
#1598=DIRECTION('',(-1.E0,0.E0,0.E0));
#1599=DIRECTION('',(0.E0,1.E0,0.E0));
#1600=AXIS2_PLACEMENT_3D('',#1597,#1598,#1599);
#1602=DIRECTION('',(0.E0,0.E0,-1.E0));
#1603=VECTOR('',#1602,1.3025E0);
#1604=CARTESIAN_POINT('',(9.0675E0,-3.175E-1,-4.23E0));
#1605=LINE('',#1604,#1603);
#1606=DIRECTION('',(0.E0,0.E0,1.E0));
#1607=VECTOR('',#1606,1.3025E0);
#1608=CARTESIAN_POINT('',(9.0675E0,3.175E-1,-5.5325E0));
#1609=LINE('',#1608,#1607);
#1610=CARTESIAN_POINT('',(9.0675E0,-6.175E-1,-5.5325E0));
#1611=DIRECTION('',(1.E0,0.E0,0.E0));
#1612=DIRECTION('',(0.E0,0.E0,-1.E0));
#1613=AXIS2_PLACEMENT_3D('',#1610,#1611,#1612);
#1615=DIRECTION('',(0.E0,1.E0,0.E0));
#1616=VECTOR('',#1615,4.0725E0);
#1617=CARTESIAN_POINT('',(9.0675E0,-4.69E0,-6.4675E0));
#1618=LINE('',#1617,#1616);
#1619=DIRECTION('',(-2.544566789040E-1,-2.544566789040E-1,-9.330078226480E-1));
#1620=VECTOR('',#1619,5.894913061276E-1);
#1621=CARTESIAN_POINT('',(8.5825E0,-1.675E-1,2.8E0));
#1622=LINE('',#1621,#1620);
#1623=DIRECTION('',(-2.544566789040E-1,2.544566789040E-1,9.330078226480E-1));
#1624=VECTOR('',#1623,5.894913061276E-1);
#1625=CARTESIAN_POINT('',(9.0675E0,-3.175E-1,2.25E0));
#1626=LINE('',#1625,#1624);
#1627=DIRECTION('',(0.E0,-1.E0,0.E0));
#1628=VECTOR('',#1627,2.19E0);
#1629=CARTESIAN_POINT('',(7.64E0,1.095E0,-1.77E0));
#1630=LINE('',#1629,#1628);
#1631=DIRECTION('',(-1.E0,0.E0,0.E0));
#1632=VECTOR('',#1631,2.22E0);
#1633=CARTESIAN_POINT('',(9.86E0,1.095E0,-1.77E0));
#1634=LINE('',#1633,#1632);
#1635=DIRECTION('',(0.E0,1.E0,0.E0));
#1636=VECTOR('',#1635,2.19E0);
#1637=CARTESIAN_POINT('',(9.86E0,-1.095E0,-1.77E0));
#1638=LINE('',#1637,#1636);
#1639=DIRECTION('',(1.E0,0.E0,0.E0));
#1640=VECTOR('',#1639,2.22E0);
#1641=CARTESIAN_POINT('',(7.64E0,-1.095E0,-1.77E0));
#1642=LINE('',#1641,#1640);
#1643=DIRECTION('',(0.E0,1.E0,0.E0));
#1644=VECTOR('',#1643,6.35E-1);
#1645=CARTESIAN_POINT('',(8.4325E0,-3.175E-1,-1.77E0));
#1646=LINE('',#1645,#1644);
#1647=DIRECTION('',(1.E0,0.E0,0.E0));
#1648=VECTOR('',#1647,6.35E-1);
#1649=CARTESIAN_POINT('',(8.4325E0,-3.175E-1,-1.77E0));
#1650=LINE('',#1649,#1648);
#1651=DIRECTION('',(0.E0,1.E0,0.E0));
#1652=VECTOR('',#1651,6.35E-1);
#1653=CARTESIAN_POINT('',(9.0675E0,-3.175E-1,-1.77E0));
#1654=LINE('',#1653,#1652);
#1655=DIRECTION('',(1.E0,0.E0,0.E0));
#1656=VECTOR('',#1655,6.35E-1);
#1657=CARTESIAN_POINT('',(8.4325E0,3.175E-1,-1.77E0));
#1658=LINE('',#1657,#1656);
#1659=DIRECTION('',(0.E0,1.E0,0.E0));
#1660=VECTOR('',#1659,7.1E-1);
#1661=CARTESIAN_POINT('',(7.64E0,-1.095E0,-7.E-2));
#1662=LINE('',#1661,#1660);
#1663=DIRECTION('',(0.E0,0.E0,1.E0));
#1664=VECTOR('',#1663,3.7E0);
#1665=CARTESIAN_POINT('',(7.64E0,-3.85E-1,-7.E-2));
#1666=LINE('',#1665,#1664);
#1667=DIRECTION('',(0.E0,7.071067811865E-1,7.071067811865E-1));
#1668=VECTOR('',#1667,8.485281374239E-1);
#1669=CARTESIAN_POINT('',(7.64E0,-3.85E-1,3.63E0));
#1670=LINE('',#1669,#1668);
#1671=DIRECTION('',(0.E0,0.E0,-1.E0));
#1672=VECTOR('',#1671,6.E0);
#1673=CARTESIAN_POINT('',(7.64E0,1.095E0,4.23E0));
#1674=LINE('',#1673,#1672);
#1675=DIRECTION('',(-1.E0,0.E0,0.E0));
#1676=VECTOR('',#1675,2.8E-1);
#1677=CARTESIAN_POINT('',(7.64E0,-1.095E0,-7.E-2));
#1678=LINE('',#1677,#1676);
#1679=DIRECTION('',(-1.E0,0.E0,0.E0));
#1680=VECTOR('',#1679,4.72E0);
#1681=CARTESIAN_POINT('',(9.86E0,-1.095E0,4.23E0));
#1682=LINE('',#1681,#1680);
#1683=DIRECTION('',(0.E0,0.E0,-1.E0));
#1684=VECTOR('',#1683,6.E0);
#1685=CARTESIAN_POINT('',(5.14E0,-1.095E0,4.23E0));
#1686=LINE('',#1685,#1684);
#1687=DIRECTION('',(0.E0,0.E0,-1.E0));
#1688=VECTOR('',#1687,1.7E0);
#1689=CARTESIAN_POINT('',(7.64E0,-1.095E0,-7.E-2));
#1690=LINE('',#1689,#1688);
#1691=DIRECTION('',(0.E0,0.E0,-1.E0));
#1692=VECTOR('',#1691,6.E0);
#1693=CARTESIAN_POINT('',(5.14E0,1.095E0,4.23E0));
#1694=LINE('',#1693,#1692);
#1695=DIRECTION('',(0.E0,0.E0,-1.E0));
#1696=VECTOR('',#1695,6.E0);
#1697=CARTESIAN_POINT('',(7.36E0,1.095E0,4.23E0));
#1698=LINE('',#1697,#1696);
#1699=DIRECTION('',(0.E0,1.E0,0.E0));
#1700=VECTOR('',#1699,7.1E-1);
#1701=CARTESIAN_POINT('',(7.36E0,-1.095E0,-7.E-2));
#1702=LINE('',#1701,#1700);
#1703=DIRECTION('',(0.E0,0.E0,-1.E0));
#1704=VECTOR('',#1703,1.7E0);
#1705=CARTESIAN_POINT('',(7.36E0,-1.095E0,-7.E-2));
#1706=LINE('',#1705,#1704);
#1707=DIRECTION('',(0.E0,7.071067811865E-1,7.071067811865E-1));
#1708=VECTOR('',#1707,8.485281374239E-1);
#1709=CARTESIAN_POINT('',(7.36E0,-3.85E-1,3.63E0));
#1710=LINE('',#1709,#1708);
#1711=DIRECTION('',(0.E0,0.E0,1.E0));
#1712=VECTOR('',#1711,3.7E0);
#1713=CARTESIAN_POINT('',(7.36E0,-3.85E-1,-7.E-2));
#1714=LINE('',#1713,#1712);
#1715=DIRECTION('',(0.E0,-1.E0,0.E0));
#1716=VECTOR('',#1715,2.19E0);
#1717=CARTESIAN_POINT('',(5.14E0,1.095E0,-1.77E0));
#1718=LINE('',#1717,#1716);
#1719=DIRECTION('',(-1.E0,0.E0,0.E0));
#1720=VECTOR('',#1719,2.22E0);
#1721=CARTESIAN_POINT('',(7.36E0,1.095E0,-1.77E0));
#1722=LINE('',#1721,#1720);
#1723=DIRECTION('',(0.E0,1.E0,0.E0));
#1724=VECTOR('',#1723,2.19E0);
#1725=CARTESIAN_POINT('',(7.36E0,-1.095E0,-1.77E0));
#1726=LINE('',#1725,#1724);
#1727=DIRECTION('',(1.E0,0.E0,0.E0));
#1728=VECTOR('',#1727,2.22E0);
#1729=CARTESIAN_POINT('',(5.14E0,-1.095E0,-1.77E0));
#1730=LINE('',#1729,#1728);
#1731=DIRECTION('',(0.E0,1.E0,0.E0));
#1732=VECTOR('',#1731,6.35E-1);
#1733=CARTESIAN_POINT('',(5.9325E0,-3.175E-1,-1.77E0));
#1734=LINE('',#1733,#1732);
#1735=DIRECTION('',(1.E0,0.E0,0.E0));
#1736=VECTOR('',#1735,6.35E-1);
#1737=CARTESIAN_POINT('',(5.9325E0,-3.175E-1,-1.77E0));
#1738=LINE('',#1737,#1736);
#1739=DIRECTION('',(0.E0,1.E0,0.E0));
#1740=VECTOR('',#1739,6.35E-1);
#1741=CARTESIAN_POINT('',(6.5675E0,-3.175E-1,-1.77E0));
#1742=LINE('',#1741,#1740);
#1743=DIRECTION('',(1.E0,0.E0,0.E0));
#1744=VECTOR('',#1743,6.35E-1);
#1745=CARTESIAN_POINT('',(5.9325E0,3.175E-1,-1.77E0));
#1746=LINE('',#1745,#1744);
#1747=DIRECTION('',(0.E0,0.E0,1.E0));
#1748=VECTOR('',#1747,6.35E-1);
#1749=CARTESIAN_POINT('',(5.9325E0,-4.69E0,-6.4675E0));
#1750=LINE('',#1749,#1748);
#1751=DIRECTION('',(0.E0,1.E0,0.E0));
#1752=VECTOR('',#1751,4.0725E0);
#1753=CARTESIAN_POINT('',(5.9325E0,-4.69E0,-6.4675E0));
#1754=LINE('',#1753,#1752);
#1755=CARTESIAN_POINT('',(5.9325E0,-6.175E-1,-5.5325E0));
#1756=DIRECTION('',(1.E0,0.E0,0.E0));
#1757=DIRECTION('',(0.E0,0.E0,-1.E0));
#1758=AXIS2_PLACEMENT_3D('',#1755,#1756,#1757);
#1760=DIRECTION('',(0.E0,0.E0,1.E0));
#1761=VECTOR('',#1760,1.3025E0);
#1762=CARTESIAN_POINT('',(5.9325E0,3.175E-1,-5.5325E0));
#1763=LINE('',#1762,#1761);
#1764=DIRECTION('',(0.E0,0.E0,-1.E0));
#1765=VECTOR('',#1764,1.3025E0);
#1766=CARTESIAN_POINT('',(5.9325E0,-3.175E-1,-4.23E0));
#1767=LINE('',#1766,#1765);
#1768=CARTESIAN_POINT('',(5.9325E0,-6.175E-1,-5.5325E0));
#1769=DIRECTION('',(-1.E0,0.E0,0.E0));
#1770=DIRECTION('',(0.E0,1.E0,0.E0));
#1771=AXIS2_PLACEMENT_3D('',#1768,#1769,#1770);
#1773=DIRECTION('',(0.E0,-1.E0,0.E0));
#1774=VECTOR('',#1773,4.0725E0);
#1775=CARTESIAN_POINT('',(5.9325E0,-6.175E-1,-5.8325E0));
#1776=LINE('',#1775,#1774);
#1777=DIRECTION('',(0.E0,1.E0,0.E0));
#1778=VECTOR('',#1777,6.35E-1);
#1779=CARTESIAN_POINT('',(5.9325E0,-3.175E-1,2.25E0));
#1780=LINE('',#1779,#1778);
#1781=DIRECTION('',(0.E0,0.E0,-1.E0));
#1782=VECTOR('',#1781,4.02E0);
#1783=CARTESIAN_POINT('',(5.9325E0,-3.175E-1,2.25E0));
#1784=LINE('',#1783,#1782);
#1785=DIRECTION('',(0.E0,0.E0,1.E0));
#1786=VECTOR('',#1785,4.02E0);
#1787=CARTESIAN_POINT('',(5.9325E0,3.175E-1,-1.77E0));
#1788=LINE('',#1787,#1786);
#1789=DIRECTION('',(-2.544566789040E-1,9.330078226480E-1,2.544566789040E-1));
#1790=VECTOR('',#1789,5.894913061276E-1);
#1791=CARTESIAN_POINT('',(6.0825E0,-5.24E0,-5.9825E0));
#1792=LINE('',#1791,#1790);
#1793=DIRECTION('',(2.544566789040E-1,9.330078226480E-1,2.544566789040E-1));
#1794=VECTOR('',#1793,5.894913061276E-1);
#1795=CARTESIAN_POINT('',(6.4175E0,-5.24E0,-5.9825E0));
#1796=LINE('',#1795,#1794);
#1797=DIRECTION('',(-1.E0,0.E0,0.E0));
#1798=VECTOR('',#1797,6.35E-1);
#1799=CARTESIAN_POINT('',(6.5675E0,-4.69E0,-5.8325E0));
#1800=LINE('',#1799,#1798);
#1801=DIRECTION('',(1.E0,0.E0,0.E0));
#1802=VECTOR('',#1801,6.35E-1);
#1803=CARTESIAN_POINT('',(5.9325E0,-6.175E-1,-5.8325E0));
#1804=LINE('',#1803,#1802);
#1805=DIRECTION('',(1.E0,0.E0,0.E0));
#1806=VECTOR('',#1805,6.35E-1);
#1807=CARTESIAN_POINT('',(5.9325E0,-3.175E-1,-5.5325E0));
#1808=LINE('',#1807,#1806);
#1809=DIRECTION('',(-1.E0,0.E0,0.E0));
#1810=VECTOR('',#1809,6.35E-1);
#1811=CARTESIAN_POINT('',(6.5675E0,-3.175E-1,2.25E0));
#1812=LINE('',#1811,#1810);
#1813=DIRECTION('',(0.E0,0.E0,-1.E0));
#1814=VECTOR('',#1813,6.35E-1);
#1815=CARTESIAN_POINT('',(6.5675E0,-4.69E0,-5.8325E0));
#1816=LINE('',#1815,#1814);
#1817=DIRECTION('',(0.E0,-1.E0,0.E0));
#1818=VECTOR('',#1817,4.0725E0);
#1819=CARTESIAN_POINT('',(6.5675E0,-6.175E-1,-5.8325E0));
#1820=LINE('',#1819,#1818);
#1821=CARTESIAN_POINT('',(6.5675E0,-6.175E-1,-5.5325E0));
#1822=DIRECTION('',(-1.E0,0.E0,0.E0));
#1823=DIRECTION('',(0.E0,1.E0,0.E0));
#1824=AXIS2_PLACEMENT_3D('',#1821,#1822,#1823);
#1826=DIRECTION('',(0.E0,0.E0,-1.E0));
#1827=VECTOR('',#1826,1.3025E0);
#1828=CARTESIAN_POINT('',(6.5675E0,-3.175E-1,-4.23E0));
#1829=LINE('',#1828,#1827);
#1830=DIRECTION('',(0.E0,0.E0,1.E0));
#1831=VECTOR('',#1830,1.3025E0);
#1832=CARTESIAN_POINT('',(6.5675E0,3.175E-1,-5.5325E0));
#1833=LINE('',#1832,#1831);
#1834=CARTESIAN_POINT('',(6.5675E0,-6.175E-1,-5.5325E0));
#1835=DIRECTION('',(1.E0,0.E0,0.E0));
#1836=DIRECTION('',(0.E0,0.E0,-1.E0));
#1837=AXIS2_PLACEMENT_3D('',#1834,#1835,#1836);
#1839=DIRECTION('',(0.E0,1.E0,0.E0));
#1840=VECTOR('',#1839,4.0725E0);
#1841=CARTESIAN_POINT('',(6.5675E0,-4.69E0,-6.4675E0));
#1842=LINE('',#1841,#1840);
#1843=DIRECTION('',(0.E0,-1.E0,0.E0));
#1844=VECTOR('',#1843,6.35E-1);
#1845=CARTESIAN_POINT('',(6.5675E0,3.175E-1,2.25E0));
#1846=LINE('',#1845,#1844);
#1847=DIRECTION('',(0.E0,0.E0,1.E0));
#1848=VECTOR('',#1847,4.02E0);
#1849=CARTESIAN_POINT('',(6.5675E0,3.175E-1,-1.77E0));
#1850=LINE('',#1849,#1848);
#1851=DIRECTION('',(0.E0,0.E0,-1.E0));
#1852=VECTOR('',#1851,4.02E0);
#1853=CARTESIAN_POINT('',(6.5675E0,-3.175E-1,2.25E0));
#1854=LINE('',#1853,#1852);
#1855=DIRECTION('',(-2.544566789040E-1,9.330078226480E-1,-2.544566789040E-1));
#1856=VECTOR('',#1855,5.894913061276E-1);
#1857=CARTESIAN_POINT('',(6.0825E0,-5.24E0,-6.3175E0));
#1858=LINE('',#1857,#1856);
#1859=DIRECTION('',(-2.544566789040E-1,-9.330078226480E-1,2.544566789040E-1));
#1860=VECTOR('',#1859,5.894913061276E-1);
#1861=CARTESIAN_POINT('',(6.5675E0,-4.69E0,-6.4675E0));
#1862=LINE('',#1861,#1860);
#1863=DIRECTION('',(-1.E0,0.E0,0.E0));
#1864=VECTOR('',#1863,3.35E-1);
#1865=CARTESIAN_POINT('',(6.4175E0,-5.24E0,-6.3175E0));
#1866=LINE('',#1865,#1864);
#1867=DIRECTION('',(0.E0,0.E0,1.E0));
#1868=VECTOR('',#1867,3.35E-1);
#1869=CARTESIAN_POINT('',(6.0825E0,-5.24E0,-6.3175E0));
#1870=LINE('',#1869,#1868);
#1871=DIRECTION('',(-1.E0,0.E0,0.E0));
#1872=VECTOR('',#1871,3.35E-1);
#1873=CARTESIAN_POINT('',(6.4175E0,-5.24E0,-5.9825E0));
#1874=LINE('',#1873,#1872);
#1875=DIRECTION('',(0.E0,0.E0,-1.E0));
#1876=VECTOR('',#1875,3.35E-1);
#1877=CARTESIAN_POINT('',(6.4175E0,-5.24E0,-5.9825E0));
#1878=LINE('',#1877,#1876);
#1879=DIRECTION('',(-1.E0,0.E0,0.E0));
#1880=VECTOR('',#1879,6.35E-1);
#1881=CARTESIAN_POINT('',(6.5675E0,-4.69E0,-6.4675E0));
#1882=LINE('',#1881,#1880);
#1883=DIRECTION('',(1.E0,0.E0,0.E0));
#1884=VECTOR('',#1883,6.35E-1);
#1885=CARTESIAN_POINT('',(5.9325E0,-6.175E-1,-6.4675E0));
#1886=LINE('',#1885,#1884);
#1887=DIRECTION('',(1.E0,0.E0,0.E0));
#1888=VECTOR('',#1887,6.35E-1);
#1889=CARTESIAN_POINT('',(5.9325E0,3.175E-1,-5.5325E0));
#1890=LINE('',#1889,#1888);
#1891=DIRECTION('',(-1.E0,0.E0,0.E0));
#1892=VECTOR('',#1891,6.35E-1);
#1893=CARTESIAN_POINT('',(6.5675E0,3.175E-1,2.25E0));
#1894=LINE('',#1893,#1892);
#1895=DIRECTION('',(2.544566789040E-1,-2.544566789040E-1,9.330078226480E-1));
#1896=VECTOR('',#1895,5.894913061276E-1);
#1897=CARTESIAN_POINT('',(5.9325E0,3.175E-1,2.25E0));
#1898=LINE('',#1897,#1896);
#1899=DIRECTION('',(2.544566789040E-1,2.544566789040E-1,-9.330078226480E-1));
#1900=VECTOR('',#1899,5.894913061276E-1);
#1901=CARTESIAN_POINT('',(6.4175E0,1.675E-1,2.8E0));
#1902=LINE('',#1901,#1900);
#1903=DIRECTION('',(-2.544566789040E-1,-2.544566789040E-1,-9.330078226480E-1));
#1904=VECTOR('',#1903,5.894913061276E-1);
#1905=CARTESIAN_POINT('',(6.0825E0,-1.675E-1,2.8E0));
#1906=LINE('',#1905,#1904);
#1907=DIRECTION('',(-2.544566789040E-1,2.544566789040E-1,9.330078226480E-1));
#1908=VECTOR('',#1907,5.894913061276E-1);
#1909=CARTESIAN_POINT('',(6.5675E0,-3.175E-1,2.25E0));
#1910=LINE('',#1909,#1908);
#1911=DIRECTION('',(-1.E0,0.E0,0.E0));
#1912=VECTOR('',#1911,3.35E-1);
#1913=CARTESIAN_POINT('',(6.4175E0,1.675E-1,2.8E0));
#1914=LINE('',#1913,#1912);
#1915=DIRECTION('',(0.E0,-1.E0,0.E0));
#1916=VECTOR('',#1915,3.35E-1);
#1917=CARTESIAN_POINT('',(6.4175E0,1.675E-1,2.8E0));
#1918=LINE('',#1917,#1916);
#1919=DIRECTION('',(-1.E0,0.E0,0.E0));
#1920=VECTOR('',#1919,3.35E-1);
#1921=CARTESIAN_POINT('',(6.4175E0,-1.675E-1,2.8E0));
#1922=LINE('',#1921,#1920);
#1923=DIRECTION('',(0.E0,1.E0,0.E0));
#1924=VECTOR('',#1923,3.35E-1);
#1925=CARTESIAN_POINT('',(6.0825E0,-1.675E-1,2.8E0));
#1926=LINE('',#1925,#1924);
#1927=DIRECTION('',(-1.E0,0.E0,0.E0));
#1928=VECTOR('',#1927,2.8E-1);
#1929=CARTESIAN_POINT('',(7.64E0,-3.85E-1,3.63E0));
#1930=LINE('',#1929,#1928);
#1931=DIRECTION('',(-1.E0,0.E0,0.E0));
#1932=VECTOR('',#1931,2.8E-1);
#1933=CARTESIAN_POINT('',(7.64E0,-3.85E-1,-7.E-2));
#1934=LINE('',#1933,#1932);
#1935=DIRECTION('',(0.E0,0.E0,-1.E0));
#1936=VECTOR('',#1935,6.E0);
#1937=CARTESIAN_POINT('',(9.86E0,-1.095E0,4.23E0));
#1938=LINE('',#1937,#1936);
#1939=DIRECTION('',(0.E0,0.E0,-1.E0));
#1940=VECTOR('',#1939,6.E0);
#1941=CARTESIAN_POINT('',(9.86E0,1.095E0,4.23E0));
#1942=LINE('',#1941,#1940);
#1943=DIRECTION('',(2.544566789040E-1,9.330078226480E-1,-2.544566789040E-1));
#1944=VECTOR('',#1943,5.894913061276E-1);
#1945=CARTESIAN_POINT('',(8.9175E0,-5.24E0,-6.3175E0));
#1946=LINE('',#1945,#1944);
#1947=DIRECTION('',(-1.E0,0.E0,0.E0));
#1948=VECTOR('',#1947,3.35E-1);
#1949=CARTESIAN_POINT('',(8.9175E0,-5.24E0,-6.3175E0));
#1950=LINE('',#1949,#1948);
#1951=DIRECTION('',(0.E0,0.E0,1.E0));
#1952=VECTOR('',#1951,3.35E-1);
#1953=CARTESIAN_POINT('',(8.5825E0,-5.24E0,-6.3175E0));
#1954=LINE('',#1953,#1952);
#1955=DIRECTION('',(-1.E0,0.E0,0.E0));
#1956=VECTOR('',#1955,3.35E-1);
#1957=CARTESIAN_POINT('',(8.9175E0,-5.24E0,-5.9825E0));
#1958=LINE('',#1957,#1956);
#1959=DIRECTION('',(0.E0,0.E0,-1.E0));
#1960=VECTOR('',#1959,3.35E-1);
#1961=CARTESIAN_POINT('',(8.9175E0,-5.24E0,-5.9825E0));
#1962=LINE('',#1961,#1960);
#1963=DIRECTION('',(1.E0,0.E0,0.E0));
#1964=VECTOR('',#1963,6.35E-1);
#1965=CARTESIAN_POINT('',(3.4325E0,3.175E-1,-5.5325E0));
#1966=LINE('',#1965,#1964);
#1967=DIRECTION('',(-1.E0,0.E0,0.E0));
#1968=VECTOR('',#1967,6.35E-1);
#1969=CARTESIAN_POINT('',(4.0675E0,3.175E-1,2.25E0));
#1970=LINE('',#1969,#1968);
#1971=DIRECTION('',(1.E0,0.E0,0.E0));
#1972=VECTOR('',#1971,6.35E-1);
#1973=CARTESIAN_POINT('',(3.4325E0,-6.175E-1,-6.4675E0));
#1974=LINE('',#1973,#1972);
#1975=DIRECTION('',(-1.E0,0.E0,0.E0));
#1976=VECTOR('',#1975,6.35E-1);
#1977=CARTESIAN_POINT('',(4.0675E0,-4.69E0,-6.4675E0));
#1978=LINE('',#1977,#1976);
#1979=DIRECTION('',(-2.544566789040E-1,9.330078226480E-1,-2.544566789040E-1));
#1980=VECTOR('',#1979,5.894913061276E-1);
#1981=CARTESIAN_POINT('',(3.5825E0,-5.24E0,-6.3175E0));
#1982=LINE('',#1981,#1980);
#1983=DIRECTION('',(-2.544566789040E-1,-9.330078226480E-1,2.544566789040E-1));
#1984=VECTOR('',#1983,5.894913061276E-1);
#1985=CARTESIAN_POINT('',(4.0675E0,-4.69E0,-6.4675E0));
#1986=LINE('',#1985,#1984);
#1987=DIRECTION('',(-1.E0,0.E0,0.E0));
#1988=VECTOR('',#1987,3.35E-1);
#1989=CARTESIAN_POINT('',(3.9175E0,-5.24E0,-6.3175E0));
#1990=LINE('',#1989,#1988);
#1991=DIRECTION('',(0.E0,0.E0,1.E0));
#1992=VECTOR('',#1991,3.35E-1);
#1993=CARTESIAN_POINT('',(3.5825E0,-5.24E0,-6.3175E0));
#1994=LINE('',#1993,#1992);
#1995=DIRECTION('',(-1.E0,0.E0,0.E0));
#1996=VECTOR('',#1995,3.35E-1);
#1997=CARTESIAN_POINT('',(3.9175E0,-5.24E0,-5.9825E0));
#1998=LINE('',#1997,#1996);
#1999=DIRECTION('',(0.E0,0.E0,-1.E0));
#2000=VECTOR('',#1999,3.35E-1);
#2001=CARTESIAN_POINT('',(3.9175E0,-5.24E0,-5.9825E0));
#2002=LINE('',#2001,#2000);
#2003=DIRECTION('',(0.E0,0.E0,-1.E0));
#2004=VECTOR('',#2003,6.35E-1);
#2005=CARTESIAN_POINT('',(4.0675E0,-4.69E0,-5.8325E0));
#2006=LINE('',#2005,#2004);
#2007=DIRECTION('',(0.E0,-1.E0,0.E0));
#2008=VECTOR('',#2007,4.0725E0);
#2009=CARTESIAN_POINT('',(4.0675E0,-6.175E-1,-5.8325E0));
#2010=LINE('',#2009,#2008);
#2011=CARTESIAN_POINT('',(4.0675E0,-6.175E-1,-5.5325E0));
#2012=DIRECTION('',(-1.E0,0.E0,0.E0));
#2013=DIRECTION('',(0.E0,1.E0,0.E0));
#2014=AXIS2_PLACEMENT_3D('',#2011,#2012,#2013);
#2016=DIRECTION('',(0.E0,0.E0,-1.E0));
#2017=VECTOR('',#2016,1.3025E0);
#2018=CARTESIAN_POINT('',(4.0675E0,-3.175E-1,-4.23E0));
#2019=LINE('',#2018,#2017);
#2020=DIRECTION('',(0.E0,0.E0,1.E0));
#2021=VECTOR('',#2020,1.3025E0);
#2022=CARTESIAN_POINT('',(4.0675E0,3.175E-1,-5.5325E0));
#2023=LINE('',#2022,#2021);
#2024=CARTESIAN_POINT('',(4.0675E0,-6.175E-1,-5.5325E0));
#2025=DIRECTION('',(1.E0,0.E0,0.E0));
#2026=DIRECTION('',(0.E0,0.E0,-1.E0));
#2027=AXIS2_PLACEMENT_3D('',#2024,#2025,#2026);
#2029=DIRECTION('',(0.E0,1.E0,0.E0));
#2030=VECTOR('',#2029,4.0725E0);
#2031=CARTESIAN_POINT('',(4.0675E0,-4.69E0,-6.4675E0));
#2032=LINE('',#2031,#2030);
#2033=DIRECTION('',(0.E0,-1.E0,0.E0));
#2034=VECTOR('',#2033,6.35E-1);
#2035=CARTESIAN_POINT('',(4.0675E0,3.175E-1,2.25E0));
#2036=LINE('',#2035,#2034);
#2037=DIRECTION('',(0.E0,0.E0,1.E0));
#2038=VECTOR('',#2037,4.02E0);
#2039=CARTESIAN_POINT('',(4.0675E0,3.175E-1,-1.77E0));
#2040=LINE('',#2039,#2038);
#2041=DIRECTION('',(0.E0,0.E0,-1.E0));
#2042=VECTOR('',#2041,4.02E0);
#2043=CARTESIAN_POINT('',(4.0675E0,-3.175E-1,2.25E0));
#2044=LINE('',#2043,#2042);
#2045=DIRECTION('',(-2.544566789040E-1,-2.544566789040E-1,-9.330078226480E-1));
#2046=VECTOR('',#2045,5.894913061276E-1);
#2047=CARTESIAN_POINT('',(3.5825E0,-1.675E-1,2.8E0));
#2048=LINE('',#2047,#2046);
#2049=DIRECTION('',(-2.544566789040E-1,2.544566789040E-1,9.330078226480E-1));
#2050=VECTOR('',#2049,5.894913061276E-1);
#2051=CARTESIAN_POINT('',(4.0675E0,-3.175E-1,2.25E0));
#2052=LINE('',#2051,#2050);
#2053=DIRECTION('',(2.544566789040E-1,-2.544566789040E-1,9.330078226480E-1));
#2054=VECTOR('',#2053,5.894913061276E-1);
#2055=CARTESIAN_POINT('',(3.4325E0,3.175E-1,2.25E0));
#2056=LINE('',#2055,#2054);
#2057=DIRECTION('',(2.544566789040E-1,2.544566789040E-1,-9.330078226480E-1));
#2058=VECTOR('',#2057,5.894913061276E-1);
#2059=CARTESIAN_POINT('',(3.9175E0,1.675E-1,2.8E0));
#2060=LINE('',#2059,#2058);
#2061=DIRECTION('',(-1.E0,0.E0,0.E0));
#2062=VECTOR('',#2061,3.35E-1);
#2063=CARTESIAN_POINT('',(3.9175E0,1.675E-1,2.8E0));
#2064=LINE('',#2063,#2062);
#2065=DIRECTION('',(0.E0,-1.E0,0.E0));
#2066=VECTOR('',#2065,3.35E-1);
#2067=CARTESIAN_POINT('',(3.9175E0,1.675E-1,2.8E0));
#2068=LINE('',#2067,#2066);
#2069=DIRECTION('',(-1.E0,0.E0,0.E0));
#2070=VECTOR('',#2069,3.35E-1);
#2071=CARTESIAN_POINT('',(3.9175E0,-1.675E-1,2.8E0));
#2072=LINE('',#2071,#2070);
#2073=DIRECTION('',(0.E0,1.E0,0.E0));
#2074=VECTOR('',#2073,3.35E-1);
#2075=CARTESIAN_POINT('',(3.5825E0,-1.675E-1,2.8E0));
#2076=LINE('',#2075,#2074);
#2077=DIRECTION('',(0.E0,0.E0,1.E0));
#2078=VECTOR('',#2077,6.35E-1);
#2079=CARTESIAN_POINT('',(-4.0675E0,-4.69E0,-6.4675E0));
#2080=LINE('',#2079,#2078);
#2081=DIRECTION('',(0.E0,1.E0,0.E0));
#2082=VECTOR('',#2081,4.0725E0);
#2083=CARTESIAN_POINT('',(-4.0675E0,-4.69E0,-6.4675E0));
#2084=LINE('',#2083,#2082);
#2085=CARTESIAN_POINT('',(-4.0675E0,-6.175E-1,-5.5325E0));
#2086=DIRECTION('',(1.E0,0.E0,0.E0));
#2087=DIRECTION('',(0.E0,0.E0,-1.E0));
#2088=AXIS2_PLACEMENT_3D('',#2085,#2086,#2087);
#2090=DIRECTION('',(0.E0,0.E0,1.E0));
#2091=VECTOR('',#2090,1.3025E0);
#2092=CARTESIAN_POINT('',(-4.0675E0,3.175E-1,-5.5325E0));
#2093=LINE('',#2092,#2091);
#2094=DIRECTION('',(0.E0,0.E0,-1.E0));
#2095=VECTOR('',#2094,1.3025E0);
#2096=CARTESIAN_POINT('',(-4.0675E0,-3.175E-1,-4.23E0));
#2097=LINE('',#2096,#2095);
#2098=CARTESIAN_POINT('',(-4.0675E0,-6.175E-1,-5.5325E0));
#2099=DIRECTION('',(-1.E0,0.E0,0.E0));
#2100=DIRECTION('',(0.E0,1.E0,0.E0));
#2101=AXIS2_PLACEMENT_3D('',#2098,#2099,#2100);
#2103=DIRECTION('',(0.E0,-1.E0,0.E0));
#2104=VECTOR('',#2103,4.0725E0);
#2105=CARTESIAN_POINT('',(-4.0675E0,-6.175E-1,-5.8325E0));
#2106=LINE('',#2105,#2104);
#2107=DIRECTION('',(0.E0,1.E0,0.E0));
#2108=VECTOR('',#2107,6.35E-1);
#2109=CARTESIAN_POINT('',(-4.0675E0,-3.175E-1,2.25E0));
#2110=LINE('',#2109,#2108);
#2111=DIRECTION('',(0.E0,0.E0,-1.E0));
#2112=VECTOR('',#2111,4.02E0);
#2113=CARTESIAN_POINT('',(-4.0675E0,-3.175E-1,2.25E0));
#2114=LINE('',#2113,#2112);
#2115=DIRECTION('',(0.E0,0.E0,1.E0));
#2116=VECTOR('',#2115,4.02E0);
#2117=CARTESIAN_POINT('',(-4.0675E0,3.175E-1,-1.77E0));
#2118=LINE('',#2117,#2116);
#2119=DIRECTION('',(-2.544566789040E-1,9.330078226480E-1,2.544566789040E-1));
#2120=VECTOR('',#2119,5.894913061276E-1);
#2121=CARTESIAN_POINT('',(-3.9175E0,-5.24E0,-5.9825E0));
#2122=LINE('',#2121,#2120);
#2123=DIRECTION('',(2.544566789040E-1,9.330078226480E-1,2.544566789040E-1));
#2124=VECTOR('',#2123,5.894913061276E-1);
#2125=CARTESIAN_POINT('',(-3.5825E0,-5.24E0,-5.9825E0));
#2126=LINE('',#2125,#2124);
#2127=DIRECTION('',(-1.E0,0.E0,0.E0));
#2128=VECTOR('',#2127,6.35E-1);
#2129=CARTESIAN_POINT('',(-3.4325E0,-4.69E0,-5.8325E0));
#2130=LINE('',#2129,#2128);
#2131=DIRECTION('',(1.E0,0.E0,0.E0));
#2132=VECTOR('',#2131,6.35E-1);
#2133=CARTESIAN_POINT('',(-4.0675E0,-6.175E-1,-5.8325E0));
#2134=LINE('',#2133,#2132);
#2135=DIRECTION('',(1.E0,0.E0,0.E0));
#2136=VECTOR('',#2135,6.35E-1);
#2137=CARTESIAN_POINT('',(-4.0675E0,-3.175E-1,-5.5325E0));
#2138=LINE('',#2137,#2136);
#2139=DIRECTION('',(-1.E0,0.E0,0.E0));
#2140=VECTOR('',#2139,6.35E-1);
#2141=CARTESIAN_POINT('',(-3.4325E0,-3.175E-1,2.25E0));
#2142=LINE('',#2141,#2140);
#2143=DIRECTION('',(0.E0,0.E0,-1.E0));
#2144=VECTOR('',#2143,6.35E-1);
#2145=CARTESIAN_POINT('',(-3.4325E0,-4.69E0,-5.8325E0));
#2146=LINE('',#2145,#2144);
#2147=DIRECTION('',(0.E0,-1.E0,0.E0));
#2148=VECTOR('',#2147,4.0725E0);
#2149=CARTESIAN_POINT('',(-3.4325E0,-6.175E-1,-5.8325E0));
#2150=LINE('',#2149,#2148);
#2151=CARTESIAN_POINT('',(-3.4325E0,-6.175E-1,-5.5325E0));
#2152=DIRECTION('',(-1.E0,0.E0,0.E0));
#2153=DIRECTION('',(0.E0,1.E0,0.E0));
#2154=AXIS2_PLACEMENT_3D('',#2151,#2152,#2153);
#2156=DIRECTION('',(0.E0,0.E0,-1.E0));
#2157=VECTOR('',#2156,1.3025E0);
#2158=CARTESIAN_POINT('',(-3.4325E0,-3.175E-1,-4.23E0));
#2159=LINE('',#2158,#2157);
#2160=DIRECTION('',(0.E0,0.E0,1.E0));
#2161=VECTOR('',#2160,1.3025E0);
#2162=CARTESIAN_POINT('',(-3.4325E0,3.175E-1,-5.5325E0));
#2163=LINE('',#2162,#2161);
#2164=CARTESIAN_POINT('',(-3.4325E0,-6.175E-1,-5.5325E0));
#2165=DIRECTION('',(1.E0,0.E0,0.E0));
#2166=DIRECTION('',(0.E0,0.E0,-1.E0));
#2167=AXIS2_PLACEMENT_3D('',#2164,#2165,#2166);
#2169=DIRECTION('',(0.E0,1.E0,0.E0));
#2170=VECTOR('',#2169,4.0725E0);
#2171=CARTESIAN_POINT('',(-3.4325E0,-4.69E0,-6.4675E0));
#2172=LINE('',#2171,#2170);
#2173=DIRECTION('',(0.E0,-1.E0,0.E0));
#2174=VECTOR('',#2173,6.35E-1);
#2175=CARTESIAN_POINT('',(-3.4325E0,3.175E-1,2.25E0));
#2176=LINE('',#2175,#2174);
#2177=DIRECTION('',(0.E0,0.E0,1.E0));
#2178=VECTOR('',#2177,4.02E0);
#2179=CARTESIAN_POINT('',(-3.4325E0,3.175E-1,-1.77E0));
#2180=LINE('',#2179,#2178);
#2181=DIRECTION('',(0.E0,0.E0,-1.E0));
#2182=VECTOR('',#2181,4.02E0);
#2183=CARTESIAN_POINT('',(-3.4325E0,-3.175E-1,2.25E0));
#2184=LINE('',#2183,#2182);
#2185=DIRECTION('',(-2.544566789040E-1,9.330078226480E-1,-2.544566789040E-1));
#2186=VECTOR('',#2185,5.894913061276E-1);
#2187=CARTESIAN_POINT('',(-3.9175E0,-5.24E0,-6.3175E0));
#2188=LINE('',#2187,#2186);
#2189=DIRECTION('',(-2.544566789040E-1,-9.330078226480E-1,2.544566789040E-1));
#2190=VECTOR('',#2189,5.894913061276E-1);
#2191=CARTESIAN_POINT('',(-3.4325E0,-4.69E0,-6.4675E0));
#2192=LINE('',#2191,#2190);
#2193=DIRECTION('',(-1.E0,0.E0,0.E0));
#2194=VECTOR('',#2193,3.35E-1);
#2195=CARTESIAN_POINT('',(-3.5825E0,-5.24E0,-6.3175E0));
#2196=LINE('',#2195,#2194);
#2197=DIRECTION('',(0.E0,0.E0,1.E0));
#2198=VECTOR('',#2197,3.35E-1);
#2199=CARTESIAN_POINT('',(-3.9175E0,-5.24E0,-6.3175E0));
#2200=LINE('',#2199,#2198);
#2201=DIRECTION('',(-1.E0,0.E0,0.E0));
#2202=VECTOR('',#2201,3.35E-1);
#2203=CARTESIAN_POINT('',(-3.5825E0,-5.24E0,-5.9825E0));
#2204=LINE('',#2203,#2202);
#2205=DIRECTION('',(0.E0,0.E0,-1.E0));
#2206=VECTOR('',#2205,3.35E-1);
#2207=CARTESIAN_POINT('',(-3.5825E0,-5.24E0,-5.9825E0));
#2208=LINE('',#2207,#2206);
#2209=DIRECTION('',(-1.E0,0.E0,0.E0));
#2210=VECTOR('',#2209,6.35E-1);
#2211=CARTESIAN_POINT('',(-3.4325E0,-4.69E0,-6.4675E0));
#2212=LINE('',#2211,#2210);
#2213=DIRECTION('',(1.E0,0.E0,0.E0));
#2214=VECTOR('',#2213,6.35E-1);
#2215=CARTESIAN_POINT('',(-4.0675E0,-6.175E-1,-6.4675E0));
#2216=LINE('',#2215,#2214);
#2217=DIRECTION('',(1.E0,0.E0,0.E0));
#2218=VECTOR('',#2217,6.35E-1);
#2219=CARTESIAN_POINT('',(-4.0675E0,3.175E-1,-5.5325E0));
#2220=LINE('',#2219,#2218);
#2221=DIRECTION('',(-1.E0,0.E0,0.E0));
#2222=VECTOR('',#2221,6.35E-1);
#2223=CARTESIAN_POINT('',(-3.4325E0,3.175E-1,2.25E0));
#2224=LINE('',#2223,#2222);
#2225=DIRECTION('',(2.544566789040E-1,-2.544566789040E-1,9.330078226480E-1));
#2226=VECTOR('',#2225,5.894913061276E-1);
#2227=CARTESIAN_POINT('',(-4.0675E0,3.175E-1,2.25E0));
#2228=LINE('',#2227,#2226);
#2229=DIRECTION('',(2.544566789040E-1,2.544566789040E-1,-9.330078226480E-1));
#2230=VECTOR('',#2229,5.894913061276E-1);
#2231=CARTESIAN_POINT('',(-3.5825E0,1.675E-1,2.8E0));
#2232=LINE('',#2231,#2230);
#2233=DIRECTION('',(-2.544566789040E-1,-2.544566789040E-1,-9.330078226480E-1));
#2234=VECTOR('',#2233,5.894913061276E-1);
#2235=CARTESIAN_POINT('',(-3.9175E0,-1.675E-1,2.8E0));
#2236=LINE('',#2235,#2234);
#2237=DIRECTION('',(-2.544566789040E-1,2.544566789040E-1,9.330078226480E-1));
#2238=VECTOR('',#2237,5.894913061276E-1);
#2239=CARTESIAN_POINT('',(-3.4325E0,-3.175E-1,2.25E0));
#2240=LINE('',#2239,#2238);
#2241=DIRECTION('',(-1.E0,0.E0,0.E0));
#2242=VECTOR('',#2241,3.35E-1);
#2243=CARTESIAN_POINT('',(-3.5825E0,1.675E-1,2.8E0));
#2244=LINE('',#2243,#2242);
#2245=DIRECTION('',(0.E0,-1.E0,0.E0));
#2246=VECTOR('',#2245,3.35E-1);
#2247=CARTESIAN_POINT('',(-3.5825E0,1.675E-1,2.8E0));
#2248=LINE('',#2247,#2246);
#2249=DIRECTION('',(-1.E0,0.E0,0.E0));
#2250=VECTOR('',#2249,3.35E-1);
#2251=CARTESIAN_POINT('',(-3.5825E0,-1.675E-1,2.8E0));
#2252=LINE('',#2251,#2250);
#2253=DIRECTION('',(0.E0,1.E0,0.E0));
#2254=VECTOR('',#2253,3.35E-1);
#2255=CARTESIAN_POINT('',(-3.9175E0,-1.675E-1,2.8E0));
#2256=LINE('',#2255,#2254);
#2257=DIRECTION('',(0.E0,-1.E0,0.E0));
#2258=VECTOR('',#2257,2.19E0);
#2259=CARTESIAN_POINT('',(-4.86E0,1.095E0,-1.77E0));
#2260=LINE('',#2259,#2258);
#2261=DIRECTION('',(-1.E0,0.E0,0.E0));
#2262=VECTOR('',#2261,2.22E0);
#2263=CARTESIAN_POINT('',(-2.64E0,1.095E0,-1.77E0));
#2264=LINE('',#2263,#2262);
#2265=DIRECTION('',(0.E0,1.E0,0.E0));
#2266=VECTOR('',#2265,2.19E0);
#2267=CARTESIAN_POINT('',(-2.64E0,-1.095E0,-1.77E0));
#2268=LINE('',#2267,#2266);
#2269=DIRECTION('',(1.E0,0.E0,0.E0));
#2270=VECTOR('',#2269,2.22E0);
#2271=CARTESIAN_POINT('',(-4.86E0,-1.095E0,-1.77E0));
#2272=LINE('',#2271,#2270);
#2273=DIRECTION('',(0.E0,1.E0,0.E0));
#2274=VECTOR('',#2273,6.35E-1);
#2275=CARTESIAN_POINT('',(-4.0675E0,-3.175E-1,-1.77E0));
#2276=LINE('',#2275,#2274);
#2277=DIRECTION('',(1.E0,0.E0,0.E0));
#2278=VECTOR('',#2277,6.35E-1);
#2279=CARTESIAN_POINT('',(-4.0675E0,-3.175E-1,-1.77E0));
#2280=LINE('',#2279,#2278);
#2281=DIRECTION('',(0.E0,1.E0,0.E0));
#2282=VECTOR('',#2281,6.35E-1);
#2283=CARTESIAN_POINT('',(-3.4325E0,-3.175E-1,-1.77E0));
#2284=LINE('',#2283,#2282);
#2285=DIRECTION('',(1.E0,0.E0,0.E0));
#2286=VECTOR('',#2285,6.35E-1);
#2287=CARTESIAN_POINT('',(-4.0675E0,3.175E-1,-1.77E0));
#2288=LINE('',#2287,#2286);
#2289=DIRECTION('',(0.E0,0.E0,-1.E0));
#2290=VECTOR('',#2289,6.E0);
#2291=CARTESIAN_POINT('',(-4.86E0,1.095E0,4.23E0));
#2292=LINE('',#2291,#2290);
#2293=DIRECTION('',(0.E0,0.E0,-1.E0));
#2294=VECTOR('',#2293,6.E0);
#2295=CARTESIAN_POINT('',(-2.64E0,1.095E0,4.23E0));
#2296=LINE('',#2295,#2294);
#2297=DIRECTION('',(0.E0,0.E0,-1.E0));
#2298=VECTOR('',#2297,6.E0);
#2299=CARTESIAN_POINT('',(-2.64E0,-1.095E0,4.23E0));
#2300=LINE('',#2299,#2298);
#2301=DIRECTION('',(0.E0,0.E0,-1.E0));
#2302=VECTOR('',#2301,6.E0);
#2303=CARTESIAN_POINT('',(-4.86E0,-1.095E0,4.23E0));
#2304=LINE('',#2303,#2302);
#2305=DIRECTION('',(0.E0,0.E0,1.E0));
#2306=VECTOR('',#2305,6.35E-1);
#2307=CARTESIAN_POINT('',(-6.5675E0,-4.69E0,-6.4675E0));
#2308=LINE('',#2307,#2306);
#2309=DIRECTION('',(0.E0,1.E0,0.E0));
#2310=VECTOR('',#2309,4.0725E0);
#2311=CARTESIAN_POINT('',(-6.5675E0,-4.69E0,-6.4675E0));
#2312=LINE('',#2311,#2310);
#2313=CARTESIAN_POINT('',(-6.5675E0,-6.175E-1,-5.5325E0));
#2314=DIRECTION('',(1.E0,0.E0,0.E0));
#2315=DIRECTION('',(0.E0,0.E0,-1.E0));
#2316=AXIS2_PLACEMENT_3D('',#2313,#2314,#2315);
#2318=DIRECTION('',(0.E0,0.E0,1.E0));
#2319=VECTOR('',#2318,1.3025E0);
#2320=CARTESIAN_POINT('',(-6.5675E0,3.175E-1,-5.5325E0));
#2321=LINE('',#2320,#2319);
#2322=DIRECTION('',(0.E0,0.E0,-1.E0));
#2323=VECTOR('',#2322,1.3025E0);
#2324=CARTESIAN_POINT('',(-6.5675E0,-3.175E-1,-4.23E0));
#2325=LINE('',#2324,#2323);
#2326=CARTESIAN_POINT('',(-6.5675E0,-6.175E-1,-5.5325E0));
#2327=DIRECTION('',(-1.E0,0.E0,0.E0));
#2328=DIRECTION('',(0.E0,1.E0,0.E0));
#2329=AXIS2_PLACEMENT_3D('',#2326,#2327,#2328);
#2331=DIRECTION('',(0.E0,-1.E0,0.E0));
#2332=VECTOR('',#2331,4.0725E0);
#2333=CARTESIAN_POINT('',(-6.5675E0,-6.175E-1,-5.8325E0));
#2334=LINE('',#2333,#2332);
#2335=DIRECTION('',(0.E0,1.E0,0.E0));
#2336=VECTOR('',#2335,6.35E-1);
#2337=CARTESIAN_POINT('',(-6.5675E0,-3.175E-1,2.25E0));
#2338=LINE('',#2337,#2336);
#2339=DIRECTION('',(0.E0,0.E0,-1.E0));
#2340=VECTOR('',#2339,4.02E0);
#2341=CARTESIAN_POINT('',(-6.5675E0,-3.175E-1,2.25E0));
#2342=LINE('',#2341,#2340);
#2343=DIRECTION('',(0.E0,0.E0,1.E0));
#2344=VECTOR('',#2343,4.02E0);
#2345=CARTESIAN_POINT('',(-6.5675E0,3.175E-1,-1.77E0));
#2346=LINE('',#2345,#2344);
#2347=DIRECTION('',(-2.544566789040E-1,9.330078226480E-1,2.544566789040E-1));
#2348=VECTOR('',#2347,5.894913061276E-1);
#2349=CARTESIAN_POINT('',(-6.4175E0,-5.24E0,-5.9825E0));
#2350=LINE('',#2349,#2348);
#2351=DIRECTION('',(2.544566789040E-1,9.330078226480E-1,2.544566789040E-1));
#2352=VECTOR('',#2351,5.894913061276E-1);
#2353=CARTESIAN_POINT('',(-6.0825E0,-5.24E0,-5.9825E0));
#2354=LINE('',#2353,#2352);
#2355=DIRECTION('',(-1.E0,0.E0,0.E0));
#2356=VECTOR('',#2355,6.35E-1);
#2357=CARTESIAN_POINT('',(-5.9325E0,-4.69E0,-5.8325E0));
#2358=LINE('',#2357,#2356);
#2359=DIRECTION('',(1.E0,0.E0,0.E0));
#2360=VECTOR('',#2359,6.35E-1);
#2361=CARTESIAN_POINT('',(-6.5675E0,-6.175E-1,-5.8325E0));
#2362=LINE('',#2361,#2360);
#2363=DIRECTION('',(1.E0,0.E0,0.E0));
#2364=VECTOR('',#2363,6.35E-1);
#2365=CARTESIAN_POINT('',(-6.5675E0,-3.175E-1,-5.5325E0));
#2366=LINE('',#2365,#2364);
#2367=DIRECTION('',(-1.E0,0.E0,0.E0));
#2368=VECTOR('',#2367,6.35E-1);
#2369=CARTESIAN_POINT('',(-5.9325E0,-3.175E-1,2.25E0));
#2370=LINE('',#2369,#2368);
#2371=DIRECTION('',(0.E0,0.E0,-1.E0));
#2372=VECTOR('',#2371,6.35E-1);
#2373=CARTESIAN_POINT('',(-5.9325E0,-4.69E0,-5.8325E0));
#2374=LINE('',#2373,#2372);
#2375=DIRECTION('',(0.E0,-1.E0,0.E0));
#2376=VECTOR('',#2375,4.0725E0);
#2377=CARTESIAN_POINT('',(-5.9325E0,-6.175E-1,-5.8325E0));
#2378=LINE('',#2377,#2376);
#2379=CARTESIAN_POINT('',(-5.9325E0,-6.175E-1,-5.5325E0));
#2380=DIRECTION('',(-1.E0,0.E0,0.E0));
#2381=DIRECTION('',(0.E0,1.E0,0.E0));
#2382=AXIS2_PLACEMENT_3D('',#2379,#2380,#2381);
#2384=DIRECTION('',(0.E0,0.E0,-1.E0));
#2385=VECTOR('',#2384,1.3025E0);
#2386=CARTESIAN_POINT('',(-5.9325E0,-3.175E-1,-4.23E0));
#2387=LINE('',#2386,#2385);
#2388=DIRECTION('',(0.E0,0.E0,1.E0));
#2389=VECTOR('',#2388,1.3025E0);
#2390=CARTESIAN_POINT('',(-5.9325E0,3.175E-1,-5.5325E0));
#2391=LINE('',#2390,#2389);
#2392=CARTESIAN_POINT('',(-5.9325E0,-6.175E-1,-5.5325E0));
#2393=DIRECTION('',(1.E0,0.E0,0.E0));
#2394=DIRECTION('',(0.E0,0.E0,-1.E0));
#2395=AXIS2_PLACEMENT_3D('',#2392,#2393,#2394);
#2397=DIRECTION('',(0.E0,1.E0,0.E0));
#2398=VECTOR('',#2397,4.0725E0);
#2399=CARTESIAN_POINT('',(-5.9325E0,-4.69E0,-6.4675E0));
#2400=LINE('',#2399,#2398);
#2401=DIRECTION('',(0.E0,-1.E0,0.E0));
#2402=VECTOR('',#2401,6.35E-1);
#2403=CARTESIAN_POINT('',(-5.9325E0,3.175E-1,2.25E0));
#2404=LINE('',#2403,#2402);
#2405=DIRECTION('',(0.E0,0.E0,1.E0));
#2406=VECTOR('',#2405,4.02E0);
#2407=CARTESIAN_POINT('',(-5.9325E0,3.175E-1,-1.77E0));
#2408=LINE('',#2407,#2406);
#2409=DIRECTION('',(0.E0,0.E0,-1.E0));
#2410=VECTOR('',#2409,4.02E0);
#2411=CARTESIAN_POINT('',(-5.9325E0,-3.175E-1,2.25E0));
#2412=LINE('',#2411,#2410);
#2413=DIRECTION('',(-2.544566789040E-1,9.330078226480E-1,-2.544566789040E-1));
#2414=VECTOR('',#2413,5.894913061276E-1);
#2415=CARTESIAN_POINT('',(-6.4175E0,-5.24E0,-6.3175E0));
#2416=LINE('',#2415,#2414);
#2417=DIRECTION('',(-2.544566789040E-1,-9.330078226480E-1,2.544566789040E-1));
#2418=VECTOR('',#2417,5.894913061276E-1);
#2419=CARTESIAN_POINT('',(-5.9325E0,-4.69E0,-6.4675E0));
#2420=LINE('',#2419,#2418);
#2421=DIRECTION('',(-1.E0,0.E0,0.E0));
#2422=VECTOR('',#2421,3.35E-1);
#2423=CARTESIAN_POINT('',(-6.0825E0,-5.24E0,-6.3175E0));
#2424=LINE('',#2423,#2422);
#2425=DIRECTION('',(0.E0,0.E0,1.E0));
#2426=VECTOR('',#2425,3.35E-1);
#2427=CARTESIAN_POINT('',(-6.4175E0,-5.24E0,-6.3175E0));
#2428=LINE('',#2427,#2426);
#2429=DIRECTION('',(-1.E0,0.E0,0.E0));
#2430=VECTOR('',#2429,3.35E-1);
#2431=CARTESIAN_POINT('',(-6.0825E0,-5.24E0,-5.9825E0));
#2432=LINE('',#2431,#2430);
#2433=DIRECTION('',(0.E0,0.E0,-1.E0));
#2434=VECTOR('',#2433,3.35E-1);
#2435=CARTESIAN_POINT('',(-6.0825E0,-5.24E0,-5.9825E0));
#2436=LINE('',#2435,#2434);
#2437=DIRECTION('',(-1.E0,0.E0,0.E0));
#2438=VECTOR('',#2437,6.35E-1);
#2439=CARTESIAN_POINT('',(-5.9325E0,-4.69E0,-6.4675E0));
#2440=LINE('',#2439,#2438);
#2441=DIRECTION('',(1.E0,0.E0,0.E0));
#2442=VECTOR('',#2441,6.35E-1);
#2443=CARTESIAN_POINT('',(-6.5675E0,-6.175E-1,-6.4675E0));
#2444=LINE('',#2443,#2442);
#2445=DIRECTION('',(1.E0,0.E0,0.E0));
#2446=VECTOR('',#2445,6.35E-1);
#2447=CARTESIAN_POINT('',(-6.5675E0,3.175E-1,-5.5325E0));
#2448=LINE('',#2447,#2446);
#2449=DIRECTION('',(-1.E0,0.E0,0.E0));
#2450=VECTOR('',#2449,6.35E-1);
#2451=CARTESIAN_POINT('',(-5.9325E0,3.175E-1,2.25E0));
#2452=LINE('',#2451,#2450);
#2453=DIRECTION('',(2.544566789040E-1,-2.544566789040E-1,9.330078226480E-1));
#2454=VECTOR('',#2453,5.894913061276E-1);
#2455=CARTESIAN_POINT('',(-6.5675E0,3.175E-1,2.25E0));
#2456=LINE('',#2455,#2454);
#2457=DIRECTION('',(2.544566789040E-1,2.544566789040E-1,-9.330078226480E-1));
#2458=VECTOR('',#2457,5.894913061276E-1);
#2459=CARTESIAN_POINT('',(-6.0825E0,1.675E-1,2.8E0));
#2460=LINE('',#2459,#2458);
#2461=DIRECTION('',(-2.544566789040E-1,-2.544566789040E-1,-9.330078226480E-1));
#2462=VECTOR('',#2461,5.894913061276E-1);
#2463=CARTESIAN_POINT('',(-6.4175E0,-1.675E-1,2.8E0));
#2464=LINE('',#2463,#2462);
#2465=DIRECTION('',(-2.544566789040E-1,2.544566789040E-1,9.330078226480E-1));
#2466=VECTOR('',#2465,5.894913061276E-1);
#2467=CARTESIAN_POINT('',(-5.9325E0,-3.175E-1,2.25E0));
#2468=LINE('',#2467,#2466);
#2469=DIRECTION('',(-1.E0,0.E0,0.E0));
#2470=VECTOR('',#2469,3.35E-1);
#2471=CARTESIAN_POINT('',(-6.0825E0,1.675E-1,2.8E0));
#2472=LINE('',#2471,#2470);
#2473=DIRECTION('',(0.E0,-1.E0,0.E0));
#2474=VECTOR('',#2473,3.35E-1);
#2475=CARTESIAN_POINT('',(-6.0825E0,1.675E-1,2.8E0));
#2476=LINE('',#2475,#2474);
#2477=DIRECTION('',(-1.E0,0.E0,0.E0));
#2478=VECTOR('',#2477,3.35E-1);
#2479=CARTESIAN_POINT('',(-6.0825E0,-1.675E-1,2.8E0));
#2480=LINE('',#2479,#2478);
#2481=DIRECTION('',(0.E0,1.E0,0.E0));
#2482=VECTOR('',#2481,3.35E-1);
#2483=CARTESIAN_POINT('',(-6.4175E0,-1.675E-1,2.8E0));
#2484=LINE('',#2483,#2482);
#2485=DIRECTION('',(0.E0,-1.E0,0.E0));
#2486=VECTOR('',#2485,2.19E0);
#2487=CARTESIAN_POINT('',(-7.36E0,1.095E0,-1.77E0));
#2488=LINE('',#2487,#2486);
#2489=DIRECTION('',(-1.E0,0.E0,0.E0));
#2490=VECTOR('',#2489,2.22E0);
#2491=CARTESIAN_POINT('',(-5.14E0,1.095E0,-1.77E0));
#2492=LINE('',#2491,#2490);
#2493=DIRECTION('',(0.E0,1.E0,0.E0));
#2494=VECTOR('',#2493,2.19E0);
#2495=CARTESIAN_POINT('',(-5.14E0,-1.095E0,-1.77E0));
#2496=LINE('',#2495,#2494);
#2497=DIRECTION('',(1.E0,0.E0,0.E0));
#2498=VECTOR('',#2497,2.22E0);
#2499=CARTESIAN_POINT('',(-7.36E0,-1.095E0,-1.77E0));
#2500=LINE('',#2499,#2498);
#2501=DIRECTION('',(0.E0,1.E0,0.E0));
#2502=VECTOR('',#2501,6.35E-1);
#2503=CARTESIAN_POINT('',(-6.5675E0,-3.175E-1,-1.77E0));
#2504=LINE('',#2503,#2502);
#2505=DIRECTION('',(1.E0,0.E0,0.E0));
#2506=VECTOR('',#2505,6.35E-1);
#2507=CARTESIAN_POINT('',(-6.5675E0,-3.175E-1,-1.77E0));
#2508=LINE('',#2507,#2506);
#2509=DIRECTION('',(0.E0,1.E0,0.E0));
#2510=VECTOR('',#2509,6.35E-1);
#2511=CARTESIAN_POINT('',(-5.9325E0,-3.175E-1,-1.77E0));
#2512=LINE('',#2511,#2510);
#2513=DIRECTION('',(1.E0,0.E0,0.E0));
#2514=VECTOR('',#2513,6.35E-1);
#2515=CARTESIAN_POINT('',(-6.5675E0,3.175E-1,-1.77E0));
#2516=LINE('',#2515,#2514);
#2517=DIRECTION('',(0.E0,0.E0,-1.E0));
#2518=VECTOR('',#2517,6.E0);
#2519=CARTESIAN_POINT('',(-7.36E0,1.095E0,4.23E0));
#2520=LINE('',#2519,#2518);
#2521=DIRECTION('',(0.E0,0.E0,-1.E0));
#2522=VECTOR('',#2521,6.E0);
#2523=CARTESIAN_POINT('',(-5.14E0,1.095E0,4.23E0));
#2524=LINE('',#2523,#2522);
#2525=DIRECTION('',(0.E0,0.E0,-1.E0));
#2526=VECTOR('',#2525,6.E0);
#2527=CARTESIAN_POINT('',(-5.14E0,-1.095E0,4.23E0));
#2528=LINE('',#2527,#2526);
#2529=DIRECTION('',(0.E0,0.E0,-1.E0));
#2530=VECTOR('',#2529,6.E0);
#2531=CARTESIAN_POINT('',(-7.36E0,-1.095E0,4.23E0));
#2532=LINE('',#2531,#2530);
#2533=DIRECTION('',(0.E0,0.E0,1.E0));
#2534=VECTOR('',#2533,6.35E-1);
#2535=CARTESIAN_POINT('',(-9.0675E0,-4.69E0,-6.4675E0));
#2536=LINE('',#2535,#2534);
#2537=DIRECTION('',(0.E0,1.E0,0.E0));
#2538=VECTOR('',#2537,4.0725E0);
#2539=CARTESIAN_POINT('',(-9.0675E0,-4.69E0,-6.4675E0));
#2540=LINE('',#2539,#2538);
#2541=CARTESIAN_POINT('',(-9.0675E0,-6.175E-1,-5.5325E0));
#2542=DIRECTION('',(1.E0,0.E0,0.E0));
#2543=DIRECTION('',(0.E0,0.E0,-1.E0));
#2544=AXIS2_PLACEMENT_3D('',#2541,#2542,#2543);
#2546=DIRECTION('',(0.E0,0.E0,1.E0));
#2547=VECTOR('',#2546,1.3025E0);
#2548=CARTESIAN_POINT('',(-9.0675E0,3.175E-1,-5.5325E0));
#2549=LINE('',#2548,#2547);
#2550=DIRECTION('',(0.E0,0.E0,-1.E0));
#2551=VECTOR('',#2550,1.3025E0);
#2552=CARTESIAN_POINT('',(-9.0675E0,-3.175E-1,-4.23E0));
#2553=LINE('',#2552,#2551);
#2554=CARTESIAN_POINT('',(-9.0675E0,-6.175E-1,-5.5325E0));
#2555=DIRECTION('',(-1.E0,0.E0,0.E0));
#2556=DIRECTION('',(0.E0,1.E0,0.E0));
#2557=AXIS2_PLACEMENT_3D('',#2554,#2555,#2556);
#2559=DIRECTION('',(0.E0,-1.E0,0.E0));
#2560=VECTOR('',#2559,4.0725E0);
#2561=CARTESIAN_POINT('',(-9.0675E0,-6.175E-1,-5.8325E0));
#2562=LINE('',#2561,#2560);
#2563=DIRECTION('',(0.E0,1.E0,0.E0));
#2564=VECTOR('',#2563,6.35E-1);
#2565=CARTESIAN_POINT('',(-9.0675E0,-3.175E-1,2.25E0));
#2566=LINE('',#2565,#2564);
#2567=DIRECTION('',(0.E0,0.E0,-1.E0));
#2568=VECTOR('',#2567,4.02E0);
#2569=CARTESIAN_POINT('',(-9.0675E0,-3.175E-1,2.25E0));
#2570=LINE('',#2569,#2568);
#2571=DIRECTION('',(0.E0,0.E0,1.E0));
#2572=VECTOR('',#2571,4.02E0);
#2573=CARTESIAN_POINT('',(-9.0675E0,3.175E-1,-1.77E0));
#2574=LINE('',#2573,#2572);
#2575=DIRECTION('',(-2.544566789040E-1,9.330078226480E-1,2.544566789040E-1));
#2576=VECTOR('',#2575,5.894913061276E-1);
#2577=CARTESIAN_POINT('',(-8.9175E0,-5.24E0,-5.9825E0));
#2578=LINE('',#2577,#2576);
#2579=DIRECTION('',(2.544566789040E-1,9.330078226480E-1,2.544566789040E-1));
#2580=VECTOR('',#2579,5.894913061276E-1);
#2581=CARTESIAN_POINT('',(-8.5825E0,-5.24E0,-5.9825E0));
#2582=LINE('',#2581,#2580);
#2583=DIRECTION('',(-1.E0,0.E0,0.E0));
#2584=VECTOR('',#2583,6.35E-1);
#2585=CARTESIAN_POINT('',(-8.4325E0,-4.69E0,-5.8325E0));
#2586=LINE('',#2585,#2584);
#2587=DIRECTION('',(1.E0,0.E0,0.E0));
#2588=VECTOR('',#2587,6.35E-1);
#2589=CARTESIAN_POINT('',(-9.0675E0,-6.175E-1,-5.8325E0));
#2590=LINE('',#2589,#2588);
#2591=DIRECTION('',(1.E0,0.E0,0.E0));
#2592=VECTOR('',#2591,6.35E-1);
#2593=CARTESIAN_POINT('',(-9.0675E0,-3.175E-1,-5.5325E0));
#2594=LINE('',#2593,#2592);
#2595=DIRECTION('',(-1.E0,0.E0,0.E0));
#2596=VECTOR('',#2595,6.35E-1);
#2597=CARTESIAN_POINT('',(-8.4325E0,-3.175E-1,2.25E0));
#2598=LINE('',#2597,#2596);
#2599=DIRECTION('',(0.E0,0.E0,-1.E0));
#2600=VECTOR('',#2599,6.35E-1);
#2601=CARTESIAN_POINT('',(-8.4325E0,-4.69E0,-5.8325E0));
#2602=LINE('',#2601,#2600);
#2603=DIRECTION('',(0.E0,-1.E0,0.E0));
#2604=VECTOR('',#2603,4.0725E0);
#2605=CARTESIAN_POINT('',(-8.4325E0,-6.175E-1,-5.8325E0));
#2606=LINE('',#2605,#2604);
#2607=CARTESIAN_POINT('',(-8.4325E0,-6.175E-1,-5.5325E0));
#2608=DIRECTION('',(-1.E0,0.E0,0.E0));
#2609=DIRECTION('',(0.E0,1.E0,0.E0));
#2610=AXIS2_PLACEMENT_3D('',#2607,#2608,#2609);
#2612=DIRECTION('',(0.E0,0.E0,-1.E0));
#2613=VECTOR('',#2612,1.3025E0);
#2614=CARTESIAN_POINT('',(-8.4325E0,-3.175E-1,-4.23E0));
#2615=LINE('',#2614,#2613);
#2616=DIRECTION('',(0.E0,0.E0,1.E0));
#2617=VECTOR('',#2616,1.3025E0);
#2618=CARTESIAN_POINT('',(-8.4325E0,3.175E-1,-5.5325E0));
#2619=LINE('',#2618,#2617);
#2620=CARTESIAN_POINT('',(-8.4325E0,-6.175E-1,-5.5325E0));
#2621=DIRECTION('',(1.E0,0.E0,0.E0));
#2622=DIRECTION('',(0.E0,0.E0,-1.E0));
#2623=AXIS2_PLACEMENT_3D('',#2620,#2621,#2622);
#2625=DIRECTION('',(0.E0,1.E0,0.E0));
#2626=VECTOR('',#2625,4.0725E0);
#2627=CARTESIAN_POINT('',(-8.4325E0,-4.69E0,-6.4675E0));
#2628=LINE('',#2627,#2626);
#2629=DIRECTION('',(0.E0,-1.E0,0.E0));
#2630=VECTOR('',#2629,6.35E-1);
#2631=CARTESIAN_POINT('',(-8.4325E0,3.175E-1,2.25E0));
#2632=LINE('',#2631,#2630);
#2633=DIRECTION('',(0.E0,0.E0,1.E0));
#2634=VECTOR('',#2633,4.02E0);
#2635=CARTESIAN_POINT('',(-8.4325E0,3.175E-1,-1.77E0));
#2636=LINE('',#2635,#2634);
#2637=DIRECTION('',(0.E0,0.E0,-1.E0));
#2638=VECTOR('',#2637,4.02E0);
#2639=CARTESIAN_POINT('',(-8.4325E0,-3.175E-1,2.25E0));
#2640=LINE('',#2639,#2638);
#2641=DIRECTION('',(-2.544566789040E-1,9.330078226480E-1,-2.544566789040E-1));
#2642=VECTOR('',#2641,5.894913061276E-1);
#2643=CARTESIAN_POINT('',(-8.9175E0,-5.24E0,-6.3175E0));
#2644=LINE('',#2643,#2642);
#2645=DIRECTION('',(-2.544566789040E-1,-9.330078226480E-1,2.544566789040E-1));
#2646=VECTOR('',#2645,5.894913061276E-1);
#2647=CARTESIAN_POINT('',(-8.4325E0,-4.69E0,-6.4675E0));
#2648=LINE('',#2647,#2646);
#2649=DIRECTION('',(-1.E0,0.E0,0.E0));
#2650=VECTOR('',#2649,3.35E-1);
#2651=CARTESIAN_POINT('',(-8.5825E0,-5.24E0,-6.3175E0));
#2652=LINE('',#2651,#2650);
#2653=DIRECTION('',(0.E0,0.E0,1.E0));
#2654=VECTOR('',#2653,3.35E-1);
#2655=CARTESIAN_POINT('',(-8.9175E0,-5.24E0,-6.3175E0));
#2656=LINE('',#2655,#2654);
#2657=DIRECTION('',(-1.E0,0.E0,0.E0));
#2658=VECTOR('',#2657,3.35E-1);
#2659=CARTESIAN_POINT('',(-8.5825E0,-5.24E0,-5.9825E0));
#2660=LINE('',#2659,#2658);
#2661=DIRECTION('',(0.E0,0.E0,-1.E0));
#2662=VECTOR('',#2661,3.35E-1);
#2663=CARTESIAN_POINT('',(-8.5825E0,-5.24E0,-5.9825E0));
#2664=LINE('',#2663,#2662);
#2665=DIRECTION('',(-1.E0,0.E0,0.E0));
#2666=VECTOR('',#2665,6.35E-1);
#2667=CARTESIAN_POINT('',(-8.4325E0,-4.69E0,-6.4675E0));
#2668=LINE('',#2667,#2666);
#2669=DIRECTION('',(1.E0,0.E0,0.E0));
#2670=VECTOR('',#2669,6.35E-1);
#2671=CARTESIAN_POINT('',(-9.0675E0,-6.175E-1,-6.4675E0));
#2672=LINE('',#2671,#2670);
#2673=DIRECTION('',(1.E0,0.E0,0.E0));
#2674=VECTOR('',#2673,6.35E-1);
#2675=CARTESIAN_POINT('',(-9.0675E0,3.175E-1,-5.5325E0));
#2676=LINE('',#2675,#2674);
#2677=DIRECTION('',(-1.E0,0.E0,0.E0));
#2678=VECTOR('',#2677,6.35E-1);
#2679=CARTESIAN_POINT('',(-8.4325E0,3.175E-1,2.25E0));
#2680=LINE('',#2679,#2678);
#2681=DIRECTION('',(2.544566789040E-1,-2.544566789040E-1,9.330078226480E-1));
#2682=VECTOR('',#2681,5.894913061276E-1);
#2683=CARTESIAN_POINT('',(-9.0675E0,3.175E-1,2.25E0));
#2684=LINE('',#2683,#2682);
#2685=DIRECTION('',(2.544566789040E-1,2.544566789040E-1,-9.330078226480E-1));
#2686=VECTOR('',#2685,5.894913061276E-1);
#2687=CARTESIAN_POINT('',(-8.5825E0,1.675E-1,2.8E0));
#2688=LINE('',#2687,#2686);
#2689=DIRECTION('',(-2.544566789040E-1,-2.544566789040E-1,-9.330078226480E-1));
#2690=VECTOR('',#2689,5.894913061276E-1);
#2691=CARTESIAN_POINT('',(-8.9175E0,-1.675E-1,2.8E0));
#2692=LINE('',#2691,#2690);
#2693=DIRECTION('',(-2.544566789040E-1,2.544566789040E-1,9.330078226480E-1));
#2694=VECTOR('',#2693,5.894913061276E-1);
#2695=CARTESIAN_POINT('',(-8.4325E0,-3.175E-1,2.25E0));
#2696=LINE('',#2695,#2694);
#2697=DIRECTION('',(-1.E0,0.E0,0.E0));
#2698=VECTOR('',#2697,3.35E-1);
#2699=CARTESIAN_POINT('',(-8.5825E0,1.675E-1,2.8E0));
#2700=LINE('',#2699,#2698);
#2701=DIRECTION('',(0.E0,-1.E0,0.E0));
#2702=VECTOR('',#2701,3.35E-1);
#2703=CARTESIAN_POINT('',(-8.5825E0,1.675E-1,2.8E0));
#2704=LINE('',#2703,#2702);
#2705=DIRECTION('',(-1.E0,0.E0,0.E0));
#2706=VECTOR('',#2705,3.35E-1);
#2707=CARTESIAN_POINT('',(-8.5825E0,-1.675E-1,2.8E0));
#2708=LINE('',#2707,#2706);
#2709=DIRECTION('',(0.E0,1.E0,0.E0));
#2710=VECTOR('',#2709,3.35E-1);
#2711=CARTESIAN_POINT('',(-8.9175E0,-1.675E-1,2.8E0));
#2712=LINE('',#2711,#2710);
#2713=DIRECTION('',(0.E0,-1.E0,0.E0));
#2714=VECTOR('',#2713,2.19E0);
#2715=CARTESIAN_POINT('',(-9.86E0,1.095E0,-1.77E0));
#2716=LINE('',#2715,#2714);
#2717=DIRECTION('',(-1.E0,0.E0,0.E0));
#2718=VECTOR('',#2717,2.22E0);
#2719=CARTESIAN_POINT('',(-7.64E0,1.095E0,-1.77E0));
#2720=LINE('',#2719,#2718);
#2721=DIRECTION('',(0.E0,1.E0,0.E0));
#2722=VECTOR('',#2721,2.19E0);
#2723=CARTESIAN_POINT('',(-7.64E0,-1.095E0,-1.77E0));
#2724=LINE('',#2723,#2722);
#2725=DIRECTION('',(1.E0,0.E0,0.E0));
#2726=VECTOR('',#2725,2.22E0);
#2727=CARTESIAN_POINT('',(-9.86E0,-1.095E0,-1.77E0));
#2728=LINE('',#2727,#2726);
#2729=DIRECTION('',(0.E0,1.E0,0.E0));
#2730=VECTOR('',#2729,6.35E-1);
#2731=CARTESIAN_POINT('',(-9.0675E0,-3.175E-1,-1.77E0));
#2732=LINE('',#2731,#2730);
#2733=DIRECTION('',(1.E0,0.E0,0.E0));
#2734=VECTOR('',#2733,6.35E-1);
#2735=CARTESIAN_POINT('',(-9.0675E0,-3.175E-1,-1.77E0));
#2736=LINE('',#2735,#2734);
#2737=DIRECTION('',(0.E0,1.E0,0.E0));
#2738=VECTOR('',#2737,6.35E-1);
#2739=CARTESIAN_POINT('',(-8.4325E0,-3.175E-1,-1.77E0));
#2740=LINE('',#2739,#2738);
#2741=DIRECTION('',(1.E0,0.E0,0.E0));
#2742=VECTOR('',#2741,6.35E-1);
#2743=CARTESIAN_POINT('',(-9.0675E0,3.175E-1,-1.77E0));
#2744=LINE('',#2743,#2742);
#2745=DIRECTION('',(0.E0,0.E0,-1.E0));
#2746=VECTOR('',#2745,6.E0);
#2747=CARTESIAN_POINT('',(-9.86E0,1.095E0,4.23E0));
#2748=LINE('',#2747,#2746);
#2749=DIRECTION('',(0.E0,0.E0,-1.E0));
#2750=VECTOR('',#2749,6.E0);
#2751=CARTESIAN_POINT('',(-7.64E0,1.095E0,4.23E0));
#2752=LINE('',#2751,#2750);
#2753=DIRECTION('',(0.E0,0.E0,-1.E0));
#2754=VECTOR('',#2753,6.E0);
#2755=CARTESIAN_POINT('',(-7.64E0,-1.095E0,4.23E0));
#2756=LINE('',#2755,#2754);
#2757=DIRECTION('',(0.E0,0.E0,-1.E0));
#2758=VECTOR('',#2757,6.E0);
#2759=CARTESIAN_POINT('',(-9.86E0,-1.095E0,4.23E0));
#2760=LINE('',#2759,#2758);
#2761=CARTESIAN_POINT('',(-8.950003881222E0,-3.340000648808E0,
1.648467950039E0));
#2762=CARTESIAN_POINT('',(-8.950003881222E0,-3.278842487379E0,
1.672570356929E0));
#2763=CARTESIAN_POINT('',(-8.949996472446E0,-3.151015413720E0,
1.722688008686E0));
#2764=CARTESIAN_POINT('',(-8.950003173885E0,-3.012171352600E0,
1.776646118541E0));
#2765=CARTESIAN_POINT('',(-8.950003173885E0,-2.939999774295E0,
1.804596552892E0));
#2767=DIRECTION('',(-2.644904630211E-6,-9.999999999965E-1,-9.695764312799E-8));
#2768=VECTOR('',#2767,1.199999774299E0);
#2769=CARTESIAN_POINT('',(-8.95E0,-1.74E0,1.804596669241E0));
#2770=LINE('',#2769,#2768);
#2771=CARTESIAN_POINT('',(-8.750004808309E0,-3.34E0,1.030000833351E0));
#2772=DIRECTION('',(0.E0,-1.E0,0.E0));
#2773=DIRECTION('',(3.076993800764E-1,0.E0,9.514836265016E-1));
#2774=AXIS2_PLACEMENT_3D('',#2771,#2772,#2773);
#2776=CARTESIAN_POINT('',(-8.750004808309E0,-2.940001626742E0,
1.030000833351E0));
#2777=DIRECTION('',(0.E0,1.E0,0.E0));
#2778=DIRECTION('',(-2.499946173987E-1,0.E0,9.682472263176E-1));
#2779=AXIS2_PLACEMENT_3D('',#2776,#2777,#2778);
#2781=DIRECTION('',(-3.031729324224E-6,-3.694631414250E-6,-9.999999999886E-1));
#2782=VECTOR('',#2781,2.184678919526E-1);
#2783=CARTESIAN_POINT('',(8.55E0,-3.34E0,6.3E-1));
#2784=LINE('',#2783,#2782);
#2785=CARTESIAN_POINT('',(8.35E0,-3.34E0,6.3E-1));
#2786=DIRECTION('',(0.E0,1.E0,0.E0));
#2787=DIRECTION('',(0.E0,0.E0,1.E0));
#2788=AXIS2_PLACEMENT_3D('',#2785,#2786,#2787);
#2790=DIRECTION('',(9.999999998378E-1,2.969807582277E-6,1.776563791194E-5));
#2791=VECTOR('',#2790,2.184679500749E-1);
#2792=CARTESIAN_POINT('',(8.131532049961E0,-3.340000648808E0,
8.299961187775E-1));
#2793=LINE('',#2792,#2791);
#2794=DIRECTION('',(-9.999999999886E-1,-3.694631414250E-6,3.031729324224E-6));
#2795=VECTOR('',#2794,2.184678919526E-1);
#2796=CARTESIAN_POINT('',(8.35E0,-3.34E0,1.23E0));
#2797=LINE('',#2796,#2795);
#2798=CARTESIAN_POINT('',(8.35E0,-3.34E0,1.43E0));
#2799=DIRECTION('',(0.E0,1.E0,0.E0));
#2800=DIRECTION('',(1.E0,0.E0,9.103828801926E-14));
#2801=AXIS2_PLACEMENT_3D('',#2798,#2799,#2800);
#2803=DIRECTION('',(1.776563789923E-5,2.969806905373E-6,-9.999999998378E-1));
#2804=VECTOR('',#2803,2.184679500749E-1);
#2805=CARTESIAN_POINT('',(8.549996118778E0,-3.340000648808E0,1.648467950039E0));
#2806=LINE('',#2805,#2804);
#2807=DIRECTION('',(3.031729332355E-6,-3.694631414250E-6,9.999999999886E-1));
#2808=VECTOR('',#2807,2.184678919526E-1);
#2809=CARTESIAN_POINT('',(8.95E0,-3.34E0,1.43E0));
#2810=LINE('',#2809,#2808);
#2811=CARTESIAN_POINT('',(9.15E0,-3.34E0,1.43E0));
#2812=DIRECTION('',(0.E0,1.E0,0.E0));
#2813=DIRECTION('',(-1.776356839400E-14,0.E0,-1.E0));
#2814=AXIS2_PLACEMENT_3D('',#2811,#2812,#2813);
#2816=DIRECTION('',(-9.999999998378E-1,2.969806948061E-6,-1.776563790431E-5));
#2817=VECTOR('',#2816,2.184679500749E-1);
#2818=CARTESIAN_POINT('',(9.368467950039E0,-3.340000648808E0,1.230003881222E0));
#2819=LINE('',#2818,#2817);
#2820=DIRECTION('',(9.999999999886E-1,-3.694631414250E-6,-3.031729325241E-6));
#2821=VECTOR('',#2820,2.184678919526E-1);
#2822=CARTESIAN_POINT('',(9.15E0,-3.34E0,8.3E-1));
#2823=LINE('',#2822,#2821);
#2824=CARTESIAN_POINT('',(9.15E0,-3.34E0,6.3E-1));
#2825=DIRECTION('',(0.E0,1.E0,0.E0));
#2826=DIRECTION('',(-1.E0,0.E0,-8.437694987151E-14));
#2827=AXIS2_PLACEMENT_3D('',#2824,#2825,#2826);
#2829=DIRECTION('',(-1.776563789923E-5,2.969807143204E-6,9.999999998378E-1));
#2830=VECTOR('',#2829,2.184679500749E-1);
#2831=CARTESIAN_POINT('',(8.950003881222E0,-3.340000648808E0,
4.115320499605E-1));
#2832=LINE('',#2831,#2830);
#2833=DIRECTION('',(3.031729324224E-6,-3.694631414250E-6,9.999999999886E-1));
#2834=VECTOR('',#2833,2.184678919526E-1);
#2835=CARTESIAN_POINT('',(-8.55E0,-3.34E0,1.43E0));
#2836=LINE('',#2835,#2834);
#2837=CARTESIAN_POINT('',(-8.35E0,-3.34E0,1.43E0));
#2838=DIRECTION('',(0.E0,1.E0,0.E0));
#2839=DIRECTION('',(0.E0,0.E0,-1.E0));
#2840=AXIS2_PLACEMENT_3D('',#2837,#2838,#2839);
#2842=DIRECTION('',(-9.999999998378E-1,2.969807230612E-6,-1.776563789923E-5));
#2843=VECTOR('',#2842,2.184679500749E-1);
#2844=CARTESIAN_POINT('',(-8.131532049961E0,-3.340000648808E0,
1.230003881222E0));
#2845=LINE('',#2844,#2843);
#2846=DIRECTION('',(9.999999999886E-1,-3.694631416283E-6,-3.031729325241E-6));
#2847=VECTOR('',#2846,2.184678919526E-1);
#2848=CARTESIAN_POINT('',(-8.35E0,-3.34E0,8.3E-1));
#2849=LINE('',#2848,#2847);
#2850=CARTESIAN_POINT('',(-8.35E0,-3.34E0,6.3E-1));
#2851=DIRECTION('',(0.E0,1.E0,0.E0));
#2852=DIRECTION('',(-1.E0,0.E0,0.E0));
#2853=AXIS2_PLACEMENT_3D('',#2850,#2851,#2852);
#2855=DIRECTION('',(-1.776563789110E-5,2.969807685947E-6,9.999999998378E-1));
#2856=VECTOR('',#2855,2.184679500749E-1);
#2857=CARTESIAN_POINT('',(-8.549996118778E0,-3.340000648808E0,
4.115320499606E-1));
#2858=LINE('',#2857,#2856);
#2859=DIRECTION('',(-3.031729316093E-6,-3.694631416283E-6,-9.999999999886E-1));
#2860=VECTOR('',#2859,2.184678919526E-1);
#2861=CARTESIAN_POINT('',(-8.95E0,-3.34E0,6.3E-1));
#2862=LINE('',#2861,#2860);
#2863=CARTESIAN_POINT('',(-9.15E0,-3.34E0,6.3E-1));
#2864=DIRECTION('',(0.E0,1.E0,0.E0));
#2865=DIRECTION('',(0.E0,0.E0,1.E0));
#2866=AXIS2_PLACEMENT_3D('',#2863,#2864,#2865);
#2868=DIRECTION('',(9.999999998378E-1,2.969807285497E-6,1.776563790431E-5));
#2869=VECTOR('',#2868,2.184679500749E-1);
#2870=CARTESIAN_POINT('',(-9.368467950039E0,-3.340000648808E0,
8.299961187775E-1));
#2871=LINE('',#2870,#2869);
#2872=DIRECTION('',(-9.999999999886E-1,-3.694631416283E-6,3.031729326257E-6));
#2873=VECTOR('',#2872,2.184678919526E-1);
#2874=CARTESIAN_POINT('',(-9.15E0,-3.34E0,1.23E0));
#2875=LINE('',#2874,#2873);
#2876=CARTESIAN_POINT('',(-9.15E0,-3.34E0,1.43E0));
#2877=DIRECTION('',(0.E0,1.E0,0.E0));
#2878=DIRECTION('',(1.E0,0.E0,0.E0));
#2879=AXIS2_PLACEMENT_3D('',#2876,#2877,#2878);
#2881=DIRECTION('',(1.776563789923E-5,2.969807322086E-6,-9.999999998378E-1));
#2882=VECTOR('',#2881,2.184679500749E-1);
#2883=CARTESIAN_POINT('',(-8.950003881222E0,-3.340000648808E0,
1.648467950039E0));
#2884=LINE('',#2883,#2882);
#2885=CARTESIAN_POINT('',(8.750004808309E0,-3.34E0,1.029999166649E0));
#2886=DIRECTION('',(0.E0,-1.E0,0.E0));
#2887=DIRECTION('',(-3.076993800764E-1,0.E0,-9.514836265016E-1));
#2888=AXIS2_PLACEMENT_3D('',#2885,#2886,#2887);
#2890=CARTESIAN_POINT('',(8.750004808309E0,-2.940001626742E0,1.029999166649E0));
#2891=DIRECTION('',(0.E0,1.E0,0.E0));
#2892=DIRECTION('',(2.499946173987E-1,0.E0,-9.682472263176E-1));
#2893=AXIS2_PLACEMENT_3D('',#2890,#2891,#2892);
#2895=CARTESIAN_POINT('',(8.950003881222E0,-3.340000648808E0,
4.115320499605E-1));
#2896=CARTESIAN_POINT('',(8.950003881222E0,-3.278844197310E0,
3.874303169539E-1));
#2897=CARTESIAN_POINT('',(8.949996472446E0,-3.151018838336E0,
3.373133270563E-1));
#2898=CARTESIAN_POINT('',(8.950003173885E0,-3.012173066493E0,
2.833545452114E-1));
#2899=CARTESIAN_POINT('',(8.950003173885E0,-2.939999774295E0,
2.554034471077E-1));
#2901=DIRECTION('',(2.644904633172E-6,-9.999999999965E-1,9.695763156317E-8));
#2902=VECTOR('',#2901,1.199999774299E0);
#2903=CARTESIAN_POINT('',(8.95E0,-1.74E0,2.554033307585E-1));
#2904=LINE('',#2903,#2902);
#2905=DIRECTION('',(0.E0,-1.E0,0.E0));
#2906=VECTOR('',#2905,1.6E0);
#2907=CARTESIAN_POINT('',(8.95E0,-1.74E0,6.3E-1));
#2908=LINE('',#2907,#2906);
#2909=CARTESIAN_POINT('',(9.524596495048E0,-2.939999932539E0,
8.300000449777E-1));
#2910=CARTESIAN_POINT('',(9.496644566014E0,-3.012175370196E0,
8.300000449777E-1));
#2911=CARTESIAN_POINT('',(9.442685061439E0,-3.151022968037E0,
8.300003086789E-1));
#2912=CARTESIAN_POINT('',(9.392568781544E0,-3.278846496233E0,
8.299993376645E-1));
#2913=CARTESIAN_POINT('',(9.368467891950E0,-3.340000807158E0,
8.299993376645E-1));
#2915=DIRECTION('',(0.E0,-1.E0,0.E0));
#2916=VECTOR('',#2915,1.6E0);
#2917=CARTESIAN_POINT('',(9.15E0,-1.74E0,8.3E-1));
#2918=LINE('',#2917,#2916);
#2919=CARTESIAN_POINT('',(8.750000833351E0,-3.34E0,1.030004808309E0));
#2920=DIRECTION('',(0.E0,-1.E0,0.E0));
#2921=DIRECTION('',(9.514836265016E-1,0.E0,-3.076993800764E-1));
#2922=AXIS2_PLACEMENT_3D('',#2919,#2920,#2921);
#2924=CARTESIAN_POINT('',(8.750000833351E0,-2.940001626742E0,1.030004808309E0));
#2925=DIRECTION('',(0.E0,1.E0,0.E0));
#2926=DIRECTION('',(9.682472263176E-1,0.E0,2.499946173987E-1));
#2927=AXIS2_PLACEMENT_3D('',#2924,#2925,#2926);
#2929=CARTESIAN_POINT('',(9.368467950039E0,-3.340000648808E0,1.230003881222E0));
#2930=CARTESIAN_POINT('',(9.392564334245E0,-3.278857769516E0,1.230003881222E0));
#2931=CARTESIAN_POINT('',(9.442676070775E0,-3.151046020474E0,1.229996472446E0));
#2932=CARTESIAN_POINT('',(9.496640186400E0,-3.012186670142E0,1.230003173885E0));
#2933=CARTESIAN_POINT('',(9.524596552892E0,-2.939999774294E0,1.230003173885E0));
#2935=DIRECTION('',(-9.695757429417E-8,-9.999999999965E-1,2.644904631322E-6));
#2936=VECTOR('',#2935,1.199999774299E0);
#2937=CARTESIAN_POINT('',(9.524596669241E0,-1.74E0,1.23E0));
#2938=LINE('',#2937,#2936);
#2939=DIRECTION('',(0.E0,-1.E0,0.E0));
#2940=VECTOR('',#2939,1.6E0);
#2941=CARTESIAN_POINT('',(9.15E0,-1.74E0,1.23E0));
#2942=LINE('',#2941,#2940);
#2943=CARTESIAN_POINT('',(8.949999955022E0,-2.939999932539E0,1.804596495048E0));
#2944=CARTESIAN_POINT('',(8.949999955022E0,-3.012167896365E0,1.776647460461E0));
#2945=CARTESIAN_POINT('',(8.949999691321E0,-3.151008034197E0,1.722690886256E0));
#2946=CARTESIAN_POINT('',(8.950000662336E0,-3.278839039678E0,1.672571720170E0));
#2947=CARTESIAN_POINT('',(8.950000662336E0,-3.340000807158E0,1.648467891950E0));
#2949=DIRECTION('',(0.E0,-1.E0,0.E0));
#2950=VECTOR('',#2949,1.6E0);
#2951=CARTESIAN_POINT('',(8.95E0,-1.74E0,1.43E0));
#2952=LINE('',#2951,#2950);
#2953=CARTESIAN_POINT('',(8.749995191691E0,-3.34E0,1.030000833351E0));
#2954=DIRECTION('',(0.E0,-1.E0,0.E0));
#2955=DIRECTION('',(3.076993800764E-1,0.E0,9.514836265016E-1));
#2956=AXIS2_PLACEMENT_3D('',#2953,#2954,#2955);
#2958=CARTESIAN_POINT('',(8.749995191691E0,-2.940001626742E0,1.030000833351E0));
#2959=DIRECTION('',(0.E0,1.E0,0.E0));
#2960=DIRECTION('',(-2.499946173988E-1,0.E0,9.682472263176E-1));
#2961=AXIS2_PLACEMENT_3D('',#2958,#2959,#2960);
#2963=CARTESIAN_POINT('',(8.549996118778E0,-3.340000648808E0,1.648467950039E0));
#2964=CARTESIAN_POINT('',(8.549996118778E0,-3.278858910183E0,1.672563884709E0));
#2965=CARTESIAN_POINT('',(8.550003527554E0,-3.151048304978E0,1.722675179723E0));
#2966=CARTESIAN_POINT('',(8.549996826115E0,-3.012187813452E0,1.776639743622E0));
#2967=CARTESIAN_POINT('',(8.549996826115E0,-2.939999774294E0,1.804596552892E0));
#2969=DIRECTION('',(-2.644904630212E-6,-9.999999999965E-1,-9.695761611257E-8));
#2970=VECTOR('',#2969,1.199999774299E0);
#2971=CARTESIAN_POINT('',(8.55E0,-1.74E0,1.804596669241E0));
#2972=LINE('',#2971,#2970);
#2973=DIRECTION('',(0.E0,-1.E0,0.E0));
#2974=VECTOR('',#2973,1.6E0);
#2975=CARTESIAN_POINT('',(8.55E0,-1.74E0,1.43E0));
#2976=LINE('',#2975,#2974);
#2977=CARTESIAN_POINT('',(7.975403504952E0,-2.939999932539E0,1.229999955022E0));
#2978=CARTESIAN_POINT('',(8.003319010866E0,-3.012081321065E0,1.229999955022E0));
#2979=CARTESIAN_POINT('',(8.057241640557E0,-3.150835043609E0,1.229999691321E0));
#2980=CARTESIAN_POINT('',(8.107394239404E0,-3.278752664492E0,1.230000662336E0));
#2981=CARTESIAN_POINT('',(8.131532108050E0,-3.340000807158E0,1.230000662336E0));
#2983=DIRECTION('',(0.E0,-1.E0,0.E0));
#2984=VECTOR('',#2983,1.6E0);
#2985=CARTESIAN_POINT('',(8.35E0,-1.74E0,1.23E0));
#2986=LINE('',#2985,#2984);
#2987=CARTESIAN_POINT('',(8.749999166649E0,-3.34E0,1.029995191691E0));
#2988=DIRECTION('',(0.E0,-1.E0,0.E0));
#2989=DIRECTION('',(-9.514836265016E-1,0.E0,3.076993800764E-1));
#2990=AXIS2_PLACEMENT_3D('',#2987,#2988,#2989);
#2992=CARTESIAN_POINT('',(8.749999166649E0,-2.940001626742E0,1.029995191691E0));
#2993=DIRECTION('',(0.E0,1.E0,0.E0));
#2994=DIRECTION('',(-9.682472263176E-1,0.E0,-2.499946173987E-1));
#2995=AXIS2_PLACEMENT_3D('',#2992,#2993,#2994);
#2997=CARTESIAN_POINT('',(8.131532049961E0,-3.340000648808E0,
8.299961187775E-1));
#2998=CARTESIAN_POINT('',(8.107402327868E0,-3.278773176974E0,
8.299961187775E-1));
#2999=CARTESIAN_POINT('',(8.057257848463E0,-3.150876600172E0,
8.300035275537E-1));
#3000=CARTESIAN_POINT('',(8.003326976904E0,-3.012101881616E0,
8.299968261150E-1));
#3001=CARTESIAN_POINT('',(7.975403447108E0,-2.939999774294E0,
8.299968261150E-1));
#3003=DIRECTION('',(9.695761796294E-8,-9.999999999965E-1,-2.644904631044E-6));
#3004=VECTOR('',#3003,1.199999774299E0);
#3005=CARTESIAN_POINT('',(7.975403330759E0,-1.74E0,8.3E-1));
#3006=LINE('',#3005,#3004);
#3007=DIRECTION('',(0.E0,-1.E0,0.E0));
#3008=VECTOR('',#3007,1.6E0);
#3009=CARTESIAN_POINT('',(8.35E0,-1.74E0,8.3E-1));
#3010=LINE('',#3009,#3008);
#3011=CARTESIAN_POINT('',(8.550000044978E0,-2.939999932539E0,
2.554035049519E-1));
#3012=CARTESIAN_POINT('',(8.550000044978E0,-3.012091430479E0,
2.833229260153E-1));
#3013=CARTESIAN_POINT('',(8.550000308679E0,-3.150855243762E0,
3.372495193881E-1));
#3014=CARTESIAN_POINT('',(8.549999337664E0,-3.278762750539E0,
3.873982143109E-1));
#3015=CARTESIAN_POINT('',(8.549999337664E0,-3.340000807158E0,
4.115321080499E-1));
#3017=DIRECTION('',(0.E0,-1.E0,0.E0));
#3018=VECTOR('',#3017,1.6E0);
#3019=CARTESIAN_POINT('',(8.55E0,-1.74E0,6.3E-1));
#3020=LINE('',#3019,#3018);
#3021=DIRECTION('',(3.748139195080E-8,-1.E0,1.451611662544E-7));
#3022=VECTOR('',#3021,1.199999932539E0);
#3023=CARTESIAN_POINT('',(8.55E0,-1.74E0,2.554033307585E-1));
#3024=LINE('',#3023,#3022);
#3025=DIRECTION('',(1.451611409044E-7,-1.E0,-3.748139398621E-8));
#3026=VECTOR('',#3025,1.199999932539E0);
#3027=CARTESIAN_POINT('',(7.975403330759E0,-1.74E0,1.23E0));
#3028=LINE('',#3027,#3026);
#3029=DIRECTION('',(-3.748139195080E-8,-1.E0,-1.451611664395E-7));
#3030=VECTOR('',#3029,1.199999932539E0);
#3031=CARTESIAN_POINT('',(8.95E0,-1.74E0,1.804596669241E0));
#3032=LINE('',#3031,#3030);
#3033=DIRECTION('',(-1.451611386839E-7,-1.E0,3.748139417125E-8));
#3034=VECTOR('',#3033,1.199999932539E0);
#3035=CARTESIAN_POINT('',(9.524596669241E0,-1.74E0,8.3E-1));
#3036=LINE('',#3035,#3034);
#3037=CARTESIAN_POINT('',(-8.550000044978E0,-2.939999932539E0,
1.804596495048E0));
#3038=CARTESIAN_POINT('',(-8.550000044978E0,-3.012160408668E0,
1.776650360278E0));
#3039=CARTESIAN_POINT('',(-8.550000308679E0,-3.150993072649E0,
1.722696721875E0));
#3040=CARTESIAN_POINT('',(-8.549999337664E0,-3.278831569288E0,
1.672574664247E0));
#3041=CARTESIAN_POINT('',(-8.549999337664E0,-3.340000807158E0,
1.648467891950E0));
#3043=DIRECTION('',(0.E0,-1.E0,0.E0));
#3044=VECTOR('',#3043,1.6E0);
#3045=CARTESIAN_POINT('',(-8.55E0,-1.74E0,1.43E0));
#3046=LINE('',#3045,#3044);
#3047=DIRECTION('',(-3.748139343109E-8,-1.E0,-1.451611664395E-7));
#3048=VECTOR('',#3047,1.199999932539E0);
#3049=CARTESIAN_POINT('',(-8.55E0,-1.74E0,1.804596669241E0));
#3050=LINE('',#3049,#3048);
#3051=DIRECTION('',(0.E0,-1.E0,0.E0));
#3052=VECTOR('',#3051,1.6E0);
#3053=CARTESIAN_POINT('',(-8.35E0,-1.74E0,1.23E0));
#3054=LINE('',#3053,#3052);
#3055=CARTESIAN_POINT('',(-8.131532049961E0,-3.340000648808E0,
1.230003881222E0));
#3056=CARTESIAN_POINT('',(-8.107428283085E0,-3.278839036512E0,
1.230003881222E0));
#3057=CARTESIAN_POINT('',(-8.057309295610E0,-3.151008502392E0,
1.229996472446E0));
#3058=CARTESIAN_POINT('',(-8.003352541919E0,-3.012167893737E0,
1.230003173885E0));
#3059=CARTESIAN_POINT('',(-7.975403447108E0,-2.939999774294E0,
1.230003173885E0));
#3061=DIRECTION('',(-9.695759501833E-8,-9.999999999965E-1,2.644904630027E-6));
#3062=VECTOR('',#3061,1.199999774299E0);
#3063=CARTESIAN_POINT('',(-7.975403330759E0,-1.74E0,1.23E0));
#3064=LINE('',#3063,#3062);
#3065=CARTESIAN_POINT('',(-8.749999166649E0,-3.34E0,1.030004808309E0));
#3066=DIRECTION('',(0.E0,-1.E0,0.E0));
#3067=DIRECTION('',(9.514836265016E-1,0.E0,-3.076993800764E-1));
#3068=AXIS2_PLACEMENT_3D('',#3065,#3066,#3067);
#3070=CARTESIAN_POINT('',(-8.749999166649E0,-2.940001626742E0,
1.030004808309E0));
#3071=DIRECTION('',(0.E0,1.E0,0.E0));
#3072=DIRECTION('',(9.682472263176E-1,0.E0,2.499946173987E-1));
#3073=AXIS2_PLACEMENT_3D('',#3070,#3071,#3072);
#3075=DIRECTION('',(-1.451611394241E-7,-1.E0,3.748139398621E-8));
#3076=VECTOR('',#3075,1.199999932539E0);
#3077=CARTESIAN_POINT('',(-7.975403330759E0,-1.74E0,8.3E-1));
#3078=LINE('',#3077,#3076);
#3079=CARTESIAN_POINT('',(-7.975403504952E0,-2.939999932539E0,
8.300000449777E-1));
#3080=CARTESIAN_POINT('',(-8.003344060018E0,-3.012146001162E0,
8.300000449777E-1));
#3081=CARTESIAN_POINT('',(-8.057292049488E0,-3.150964284278E0,
8.300003086789E-1));
#3082=CARTESIAN_POINT('',(-8.107419670885E0,-3.278817195085E0,
8.299993376645E-1));
#3083=CARTESIAN_POINT('',(-8.131532108050E0,-3.340000807158E0,
8.299993376645E-1));
#3085=DIRECTION('',(0.E0,-1.E0,0.E0));
#3086=VECTOR('',#3085,1.6E0);
#3087=CARTESIAN_POINT('',(-8.35E0,-1.74E0,8.3E-1));
#3088=LINE('',#3087,#3086);
#3089=DIRECTION('',(0.E0,-1.E0,0.E0));
#3090=VECTOR('',#3089,1.6E0);
#3091=CARTESIAN_POINT('',(-8.55E0,-1.74E0,6.3E-1));
#3092=LINE('',#3091,#3090);
#3093=CARTESIAN_POINT('',(-8.549996118778E0,-3.340000648808E0,
4.115320499606E-1));
#3094=CARTESIAN_POINT('',(-8.549996118778E0,-3.278846987957E0,
3.874314167465E-1));
#3095=CARTESIAN_POINT('',(-8.550003527554E0,-3.151024427386E0,
3.373155070178E-1));
#3096=CARTESIAN_POINT('',(-8.549996826115E0,-3.012175863605E0,
2.833556284701E-1));
#3097=CARTESIAN_POINT('',(-8.549996826115E0,-2.939999774295E0,
2.554034471077E-1));
#3099=DIRECTION('',(2.644904631692E-6,-9.999999999965E-1,9.695766931075E-8));
#3100=VECTOR('',#3099,1.199999774299E0);
#3101=CARTESIAN_POINT('',(-8.55E0,-1.74E0,2.554033307585E-1));
#3102=LINE('',#3101,#3100);
#3103=CARTESIAN_POINT('',(-8.749995191691E0,-3.34E0,1.029999166649E0));
#3104=DIRECTION('',(0.E0,-1.E0,0.E0));
#3105=DIRECTION('',(-3.076993800764E-1,0.E0,-9.514836265016E-1));
#3106=AXIS2_PLACEMENT_3D('',#3103,#3104,#3105);
#3108=CARTESIAN_POINT('',(-8.749995191691E0,-2.940001626742E0,
1.029999166649E0));
#3109=DIRECTION('',(0.E0,1.E0,0.E0));
#3110=DIRECTION('',(2.499946173987E-1,0.E0,-9.682472263176E-1));
#3111=AXIS2_PLACEMENT_3D('',#3108,#3109,#3110);
#3113=DIRECTION('',(3.748139195080E-8,-1.E0,1.451611660694E-7));
#3114=VECTOR('',#3113,1.199999932539E0);
#3115=CARTESIAN_POINT('',(-8.95E0,-1.74E0,2.554033307585E-1));
#3116=LINE('',#3115,#3114);
#3117=CARTESIAN_POINT('',(-8.949999955022E0,-2.939999932539E0,
2.554035049519E-1));
#3118=CARTESIAN_POINT('',(-8.949999955022E0,-3.012155289255E0,
2.833476570877E-1));
#3119=CARTESIAN_POINT('',(-8.949999691321E0,-3.150982843290E0,
3.372992882566E-1));
#3120=CARTESIAN_POINT('',(-8.950000662336E0,-3.278826461708E0,
3.874233228575E-1));
#3121=CARTESIAN_POINT('',(-8.950000662336E0,-3.340000807158E0,
4.115321080499E-1));
#3123=DIRECTION('',(0.E0,-1.E0,0.E0));
#3124=VECTOR('',#3123,1.6E0);
#3125=CARTESIAN_POINT('',(-8.95E0,-1.74E0,6.3E-1));
#3126=LINE('',#3125,#3124);
#3127=DIRECTION('',(0.E0,-1.E0,0.E0));
#3128=VECTOR('',#3127,1.6E0);
#3129=CARTESIAN_POINT('',(-9.15E0,-1.74E0,8.3E-1));
#3130=LINE('',#3129,#3128);
#3131=CARTESIAN_POINT('',(-9.368467950039E0,-3.340000648808E0,
8.299961187775E-1));
#3132=CARTESIAN_POINT('',(-9.392556522910E0,-3.278877590231E0,
8.299961187775E-1));
#3133=CARTESIAN_POINT('',(-9.442660587452E0,-3.151085716990E0,
8.300035275537E-1));
#3134=CARTESIAN_POINT('',(-9.496632492497E0,-3.012206536778E0,
8.299968261150E-1));
#3135=CARTESIAN_POINT('',(-9.524596552892E0,-2.939999774294E0,
8.299968261150E-1));
#3137=DIRECTION('',(9.695759649863E-8,-9.999999999965E-1,-2.644904630952E-6));
#3138=VECTOR('',#3137,1.199999774299E0);
#3139=CARTESIAN_POINT('',(-9.524596669241E0,-1.74E0,8.3E-1));
#3140=LINE('',#3139,#3138);
#3141=CARTESIAN_POINT('',(-8.750000833351E0,-3.34E0,1.029995191691E0));
#3142=DIRECTION('',(0.E0,-1.E0,0.E0));
#3143=DIRECTION('',(-9.514836265016E-1,0.E0,3.076993800764E-1));
#3144=AXIS2_PLACEMENT_3D('',#3141,#3142,#3143);
#3146=CARTESIAN_POINT('',(-8.750000833351E0,-2.940001626742E0,
1.029995191691E0));
#3147=DIRECTION('',(0.E0,1.E0,0.E0));
#3148=DIRECTION('',(-9.682472263176E-1,0.E0,-2.499946173987E-1));
#3149=AXIS2_PLACEMENT_3D('',#3146,#3147,#3148);
#3151=DIRECTION('',(1.451611386839E-7,-1.E0,-3.748139380117E-8));
#3152=VECTOR('',#3151,1.199999932539E0);
#3153=CARTESIAN_POINT('',(-9.524596669241E0,-1.74E0,1.23E0));
#3154=LINE('',#3153,#3152);
#3155=CARTESIAN_POINT('',(-9.524596495048E0,-2.939999932539E0,
1.229999955022E0));
#3156=CARTESIAN_POINT('',(-9.496653305340E0,-3.012152804144E0,
1.229999955022E0));
#3157=CARTESIAN_POINT('',(-9.442702648540E0,-3.150977877663E0,
1.229999691321E0));
#3158=CARTESIAN_POINT('',(-9.392577654260E0,-3.278823982342E0,
1.230000662336E0));
#3159=CARTESIAN_POINT('',(-9.368467891950E0,-3.340000807158E0,
1.230000662336E0));
#3161=DIRECTION('',(0.E0,-1.E0,0.E0));
#3162=VECTOR('',#3161,1.6E0);
#3163=CARTESIAN_POINT('',(-9.15E0,-1.74E0,1.23E0));
#3164=LINE('',#3163,#3162);
#3165=DIRECTION('',(0.E0,-1.E0,0.E0));
#3166=VECTOR('',#3165,1.6E0);
#3167=CARTESIAN_POINT('',(-8.95E0,-1.74E0,1.43E0));
#3168=LINE('',#3167,#3166);
#3169=CARTESIAN_POINT('',(-1.047E1,-1.74E0,4.23E0));
#3170=CARTESIAN_POINT('',(1.047E1,-1.74E0,4.23E0));
#3171=VERTEX_POINT('',#3169);
#3172=VERTEX_POINT('',#3170);
#3173=CARTESIAN_POINT('',(1.047E1,-1.74E0,-4.23E0));
#3174=CARTESIAN_POINT('',(-1.047E1,-1.74E0,-4.23E0));
#3175=VERTEX_POINT('',#3173);
#3176=VERTEX_POINT('',#3174);
#3177=CARTESIAN_POINT('',(-1.047E1,1.74E0,-4.23E0));
#3178=CARTESIAN_POINT('',(-1.047E1,1.74E0,4.23E0));
#3179=VERTEX_POINT('',#3177);
#3180=VERTEX_POINT('',#3178);
#3181=CARTESIAN_POINT('',(1.047E1,1.74E0,4.23E0));
#3182=CARTESIAN_POINT('',(1.047E1,1.74E0,-4.23E0));
#3183=VERTEX_POINT('',#3181);
#3184=VERTEX_POINT('',#3182);
#3185=CARTESIAN_POINT('',(-2.6E0,4.02E0,5.69E0));
#3186=CARTESIAN_POINT('',(-2.6E0,2.56E0,4.23E0));
#3187=VERTEX_POINT('',#3185);
#3188=VERTEX_POINT('',#3186);
#3189=CARTESIAN_POINT('',(2.6E0,4.02E0,5.69E0));
#3190=CARTESIAN_POINT('',(2.6E0,2.56E0,4.23E0));
#3191=VERTEX_POINT('',#3189);
#3192=VERTEX_POINT('',#3190);
#3193=CARTESIAN_POINT('',(-2.6E0,1.74E0,4.23E0));
#3194=VERTEX_POINT('',#3193);
#3195=CARTESIAN_POINT('',(2.6E0,1.74E0,4.23E0));
#3196=VERTEX_POINT('',#3195);
#3197=CARTESIAN_POINT('',(1.047E1,-2.04E0,-2.73E0));
#3198=CARTESIAN_POINT('',(1.047E1,-2.04E0,2.73E0));
#3199=VERTEX_POINT('',#3197);
#3200=VERTEX_POINT('',#3198);
#3201=CARTESIAN_POINT('',(9.87E0,-2.04E0,2.73E0));
#3202=VERTEX_POINT('',#3201);
#3203=CARTESIAN_POINT('',(9.87E0,-2.04E0,-2.73E0));
#3204=VERTEX_POINT('',#3203);
#3205=CARTESIAN_POINT('',(-1.047E1,-2.04E0,-2.73E0));
#3206=CARTESIAN_POINT('',(-9.87E0,-2.04E0,-2.73E0));
#3207=VERTEX_POINT('',#3205);
#3208=VERTEX_POINT('',#3206);
#3209=CARTESIAN_POINT('',(-9.87E0,-2.04E0,2.73E0));
#3210=VERTEX_POINT('',#3209);
#3211=CARTESIAN_POINT('',(-1.047E1,-2.04E0,2.73E0));
#3212=VERTEX_POINT('',#3211);
#3213=CARTESIAN_POINT('',(-1.047E1,-1.74E0,-2.73E0));
#3214=VERTEX_POINT('',#3213);
#3215=CARTESIAN_POINT('',(1.047E1,-1.74E0,2.73E0));
#3216=VERTEX_POINT('',#3215);
#3217=CARTESIAN_POINT('',(1.047E1,-1.74E0,-2.73E0));
#3218=VERTEX_POINT('',#3217);
#3219=CARTESIAN_POINT('',(9.87E0,-1.74E0,2.73E0));
#3220=VERTEX_POINT('',#3219);
#3221=CARTESIAN_POINT('',(9.87E0,-1.74E0,-2.73E0));
#3222=VERTEX_POINT('',#3221);
#3223=CARTESIAN_POINT('',(-9.87E0,-1.74E0,-2.73E0));
#3224=VERTEX_POINT('',#3223);
#3225=CARTESIAN_POINT('',(-9.87E0,-1.74E0,2.73E0));
#3226=VERTEX_POINT('',#3225);
#3227=CARTESIAN_POINT('',(-1.047E1,-1.74E0,2.73E0));
#3228=VERTEX_POINT('',#3227);
#3229=CARTESIAN_POINT('',(7.64E0,1.095E0,-1.77E0));
#3230=CARTESIAN_POINT('',(7.64E0,-1.095E0,-1.77E0));
#3231=VERTEX_POINT('',#3229);
#3232=VERTEX_POINT('',#3230);
#3233=CARTESIAN_POINT('',(9.86E0,-1.095E0,-1.77E0));
#3234=VERTEX_POINT('',#3233);
#3235=CARTESIAN_POINT('',(9.86E0,1.095E0,-1.77E0));
#3236=VERTEX_POINT('',#3235);
#3237=CARTESIAN_POINT('',(9.86E0,-1.095E0,4.23E0));
#3238=CARTESIAN_POINT('',(9.86E0,1.095E0,4.23E0));
#3239=VERTEX_POINT('',#3237);
#3240=VERTEX_POINT('',#3238);
#3241=CARTESIAN_POINT('',(7.64E0,1.095E0,4.23E0));
#3242=VERTEX_POINT('',#3241);
#3243=CARTESIAN_POINT('',(8.4325E0,-3.175E-1,-4.23E0));
#3244=CARTESIAN_POINT('',(8.4325E0,3.175E-1,-4.23E0));
#3245=VERTEX_POINT('',#3243);
#3246=VERTEX_POINT('',#3244);
#3247=CARTESIAN_POINT('',(9.0675E0,-3.175E-1,-4.23E0));
#3248=CARTESIAN_POINT('',(9.0675E0,3.175E-1,-4.23E0));
#3249=VERTEX_POINT('',#3247);
#3250=VERTEX_POINT('',#3248);
#3251=CARTESIAN_POINT('',(8.4325E0,-3.175E-1,-1.77E0));
#3252=CARTESIAN_POINT('',(8.4325E0,3.175E-1,-1.77E0));
#3253=VERTEX_POINT('',#3251);
#3254=VERTEX_POINT('',#3252);
#3255=CARTESIAN_POINT('',(9.0675E0,-3.175E-1,-1.77E0));
#3256=CARTESIAN_POINT('',(9.0675E0,3.175E-1,-1.77E0));
#3257=VERTEX_POINT('',#3255);
#3258=VERTEX_POINT('',#3256);
#3259=CARTESIAN_POINT('',(8.4325E0,-3.175E-1,-5.5325E0));
#3260=VERTEX_POINT('',#3259);
#3261=CARTESIAN_POINT('',(8.4325E0,3.175E-1,-5.5325E0));
#3262=VERTEX_POINT('',#3261);
#3263=CARTESIAN_POINT('',(9.0675E0,-3.175E-1,-5.5325E0));
#3264=VERTEX_POINT('',#3263);
#3265=CARTESIAN_POINT('',(9.0675E0,3.175E-1,-5.5325E0));
#3266=VERTEX_POINT('',#3265);
#3267=CARTESIAN_POINT('',(8.9175E0,1.675E-1,2.8E0));
#3268=CARTESIAN_POINT('',(8.5825E0,1.675E-1,2.8E0));
#3269=VERTEX_POINT('',#3267);
#3270=VERTEX_POINT('',#3268);
#3271=CARTESIAN_POINT('',(9.0675E0,3.175E-1,2.25E0));
#3272=CARTESIAN_POINT('',(8.4325E0,3.175E-1,2.25E0));
#3273=VERTEX_POINT('',#3271);
#3274=VERTEX_POINT('',#3272);
#3275=CARTESIAN_POINT('',(8.9175E0,-1.675E-1,2.8E0));
#3276=VERTEX_POINT('',#3275);
#3277=CARTESIAN_POINT('',(9.0675E0,-3.175E-1,2.25E0));
#3278=VERTEX_POINT('',#3277);
#3279=CARTESIAN_POINT('',(8.4325E0,-3.175E-1,2.25E0));
#3280=VERTEX_POINT('',#3279);
#3281=CARTESIAN_POINT('',(8.5825E0,-1.675E-1,2.8E0));
#3282=VERTEX_POINT('',#3281);
#3283=CARTESIAN_POINT('',(8.5825E0,-5.24E0,-6.3175E0));
#3284=CARTESIAN_POINT('',(8.4325E0,-4.69E0,-6.4675E0));
#3285=VERTEX_POINT('',#3283);
#3286=VERTEX_POINT('',#3284);
#3287=CARTESIAN_POINT('',(8.9175E0,-5.24E0,-6.3175E0));
#3288=CARTESIAN_POINT('',(9.0675E0,-4.69E0,-6.4675E0));
#3289=VERTEX_POINT('',#3287);
#3290=VERTEX_POINT('',#3288);
#3291=CARTESIAN_POINT('',(7.36E0,2.15E-1,4.23E0));
#3292=CARTESIAN_POINT('',(7.64E0,2.15E-1,4.23E0));
#3293=VERTEX_POINT('',#3291);
#3294=VERTEX_POINT('',#3292);
#3295=CARTESIAN_POINT('',(7.64E0,-1.095E0,-7.E-2));
#3296=CARTESIAN_POINT('',(7.64E0,-3.85E-1,-7.E-2));
#3297=VERTEX_POINT('',#3295);
#3298=VERTEX_POINT('',#3296);
#3299=CARTESIAN_POINT('',(7.64E0,-3.85E-1,3.63E0));
#3300=VERTEX_POINT('',#3299);
#3301=CARTESIAN_POINT('',(7.36E0,-1.095E0,-7.E-2));
#3302=VERTEX_POINT('',#3301);
#3303=CARTESIAN_POINT('',(7.36E0,-3.85E-1,-7.E-2));
#3304=VERTEX_POINT('',#3303);
#3305=CARTESIAN_POINT('',(7.36E0,-3.85E-1,3.63E0));
#3306=VERTEX_POINT('',#3305);
#3307=CARTESIAN_POINT('',(2.6E0,4.35E0,5.69E0));
#3308=CARTESIAN_POINT('',(2.35E0,4.6E0,5.69E0));
#3309=VERTEX_POINT('',#3307);
#3310=VERTEX_POINT('',#3308);
#3311=CARTESIAN_POINT('',(2.35E0,4.6E0,-5.200000010235E-1));
#3312=VERTEX_POINT('',#3311);
#3313=CARTESIAN_POINT('',(2.6E0,4.35E0,-5.2E-1));
#3314=VERTEX_POINT('',#3313);
#3315=CARTESIAN_POINT('',(2.35E0,4.35E0,-7.7E-1));
#3316=VERTEX_POINT('',#3315);
#3317=CARTESIAN_POINT('',(2.6E0,1.74E0,-5.2E-1));
#3318=VERTEX_POINT('',#3317);
#3319=CARTESIAN_POINT('',(2.35E0,1.74E0,-7.7E-1));
#3320=VERTEX_POINT('',#3319);
#3321=CARTESIAN_POINT('',(-2.35E0,4.349999999684E0,-7.7E-1));
#3322=CARTESIAN_POINT('',(-2.35E0,1.74E0,-7.7E-1));
#3323=VERTEX_POINT('',#3321);
#3324=VERTEX_POINT('',#3322);
#3325=CARTESIAN_POINT('',(-2.6E0,4.35E0,-5.2E-1));
#3326=CARTESIAN_POINT('',(-2.6E0,1.74E0,-5.2E-1));
#3327=VERTEX_POINT('',#3325);
#3328=VERTEX_POINT('',#3326);
#3329=CARTESIAN_POINT('',(-2.35E0,4.6E0,-5.2E-1));
#3330=VERTEX_POINT('',#3329);
#3331=CARTESIAN_POINT('',(-2.35E0,4.6E0,5.69E0));
#3332=CARTESIAN_POINT('',(-2.6E0,4.35E0,5.69E0));
#3333=VERTEX_POINT('',#3331);
#3334=VERTEX_POINT('',#3332);
#3335=CARTESIAN_POINT('',(8.4325E0,-6.175E-1,-5.8325E0));
#3336=VERTEX_POINT('',#3335);
#3337=CARTESIAN_POINT('',(8.4325E0,-6.175E-1,-6.4675E0));
#3338=VERTEX_POINT('',#3337);
#3339=CARTESIAN_POINT('',(9.0675E0,-6.175E-1,-5.8325E0));
#3340=VERTEX_POINT('',#3339);
#3341=CARTESIAN_POINT('',(9.0675E0,-6.175E-1,-6.4675E0));
#3342=VERTEX_POINT('',#3341);
#3343=CARTESIAN_POINT('',(8.9175E0,-5.24E0,-5.9825E0));
#3344=VERTEX_POINT('',#3343);
#3345=CARTESIAN_POINT('',(9.0675E0,-4.69E0,-5.8325E0));
#3346=VERTEX_POINT('',#3345);
#3347=CARTESIAN_POINT('',(8.4325E0,-4.69E0,-5.8325E0));
#3348=VERTEX_POINT('',#3347);
#3349=CARTESIAN_POINT('',(8.5825E0,-5.24E0,-5.9825E0));
#3350=VERTEX_POINT('',#3349);
#3351=CARTESIAN_POINT('',(-8.95E0,-3.34E0,1.43E0));
#3352=CARTESIAN_POINT('',(-9.15E0,-3.34E0,1.23E0));
#3353=VERTEX_POINT('',#3351);
#3354=VERTEX_POINT('',#3352);
#3355=CARTESIAN_POINT('',(-9.15E0,-3.34E0,8.3E-1));
#3356=CARTESIAN_POINT('',(-8.95E0,-3.34E0,6.3E-1));
#3357=VERTEX_POINT('',#3355);
#3358=VERTEX_POINT('',#3356);
#3359=CARTESIAN_POINT('',(-8.55E0,-3.34E0,6.3E-1));
#3360=CARTESIAN_POINT('',(-8.35E0,-3.34E0,8.3E-1));
#3361=VERTEX_POINT('',#3359);
#3362=VERTEX_POINT('',#3360);
#3363=CARTESIAN_POINT('',(-8.35E0,-3.34E0,1.23E0));
#3364=CARTESIAN_POINT('',(-8.55E0,-3.34E0,1.43E0));
#3365=VERTEX_POINT('',#3363);
#3366=VERTEX_POINT('',#3364);
#3367=CARTESIAN_POINT('',(8.55E0,-3.34E0,1.43E0));
#3368=CARTESIAN_POINT('',(8.35E0,-3.34E0,1.23E0));
#3369=VERTEX_POINT('',#3367);
#3370=VERTEX_POINT('',#3368);
#3371=CARTESIAN_POINT('',(8.35E0,-3.34E0,8.3E-1));
#3372=CARTESIAN_POINT('',(8.55E0,-3.34E0,6.3E-1));
#3373=VERTEX_POINT('',#3371);
#3374=VERTEX_POINT('',#3372);
#3375=CARTESIAN_POINT('',(8.95E0,-3.34E0,6.3E-1));
#3376=CARTESIAN_POINT('',(9.15E0,-3.34E0,8.3E-1));
#3377=VERTEX_POINT('',#3375);
#3378=VERTEX_POINT('',#3376);
#3379=CARTESIAN_POINT('',(9.15E0,-3.34E0,1.23E0));
#3380=CARTESIAN_POINT('',(8.95E0,-3.34E0,1.43E0));
#3381=VERTEX_POINT('',#3379);
#3382=VERTEX_POINT('',#3380);
#3383=CARTESIAN_POINT('',(-8.95E0,-1.74E0,1.804596669241E0));
#3384=CARTESIAN_POINT('',(-8.95E0,-1.74E0,1.43E0));
#3385=VERTEX_POINT('',#3383);
#3386=VERTEX_POINT('',#3384);
#3387=CARTESIAN_POINT('',(-9.15E0,-1.74E0,1.23E0));
#3388=VERTEX_POINT('',#3387);
#3389=CARTESIAN_POINT('',(-9.524596669241E0,-1.74E0,1.23E0));
#3390=VERTEX_POINT('',#3389);
#3391=CARTESIAN_POINT('',(-9.524596669241E0,-1.74E0,8.3E-1));
#3392=VERTEX_POINT('',#3391);
#3393=CARTESIAN_POINT('',(-9.15E0,-1.74E0,8.3E-1));
#3394=VERTEX_POINT('',#3393);
#3395=CARTESIAN_POINT('',(-8.95E0,-1.74E0,6.3E-1));
#3396=VERTEX_POINT('',#3395);
#3397=CARTESIAN_POINT('',(-8.95E0,-1.74E0,2.554033307585E-1));
#3398=VERTEX_POINT('',#3397);
#3399=CARTESIAN_POINT('',(-8.55E0,-1.74E0,2.554033307585E-1));
#3400=VERTEX_POINT('',#3399);
#3401=CARTESIAN_POINT('',(-8.55E0,-1.74E0,6.3E-1));
#3402=VERTEX_POINT('',#3401);
#3403=CARTESIAN_POINT('',(-8.35E0,-1.74E0,8.3E-1));
#3404=VERTEX_POINT('',#3403);
#3405=CARTESIAN_POINT('',(-7.975403330759E0,-1.74E0,8.3E-1));
#3406=VERTEX_POINT('',#3405);
#3407=CARTESIAN_POINT('',(-7.975403330759E0,-1.74E0,1.23E0));
#3408=VERTEX_POINT('',#3407);
#3409=CARTESIAN_POINT('',(-8.35E0,-1.74E0,1.23E0));
#3410=VERTEX_POINT('',#3409);
#3411=CARTESIAN_POINT('',(-8.55E0,-1.74E0,1.43E0));
#3412=VERTEX_POINT('',#3411);
#3413=CARTESIAN_POINT('',(-8.55E0,-1.74E0,1.804596669241E0));
#3414=VERTEX_POINT('',#3413);
#3415=CARTESIAN_POINT('',(8.95E0,-1.74E0,1.804596669241E0));
#3416=CARTESIAN_POINT('',(8.55E0,-1.74E0,1.804596669241E0));
#3417=VERTEX_POINT('',#3415);
#3418=VERTEX_POINT('',#3416);
#3419=CARTESIAN_POINT('',(8.55E0,-1.74E0,1.43E0));
#3420=VERTEX_POINT('',#3419);
#3421=CARTESIAN_POINT('',(8.35E0,-1.74E0,1.23E0));
#3422=VERTEX_POINT('',#3421);
#3423=CARTESIAN_POINT('',(7.975403330759E0,-1.74E0,1.23E0));
#3424=VERTEX_POINT('',#3423);
#3425=CARTESIAN_POINT('',(7.975403330759E0,-1.74E0,8.3E-1));
#3426=VERTEX_POINT('',#3425);
#3427=CARTESIAN_POINT('',(8.35E0,-1.74E0,8.3E-1));
#3428=VERTEX_POINT('',#3427);
#3429=CARTESIAN_POINT('',(8.55E0,-1.74E0,6.3E-1));
#3430=VERTEX_POINT('',#3429);
#3431=CARTESIAN_POINT('',(8.55E0,-1.74E0,2.554033307585E-1));
#3432=VERTEX_POINT('',#3431);
#3433=CARTESIAN_POINT('',(8.95E0,-1.74E0,2.554033307585E-1));
#3434=VERTEX_POINT('',#3433);
#3435=CARTESIAN_POINT('',(8.95E0,-1.74E0,6.3E-1));
#3436=VERTEX_POINT('',#3435);
#3437=CARTESIAN_POINT('',(9.15E0,-1.74E0,8.3E-1));
#3438=VERTEX_POINT('',#3437);
#3439=CARTESIAN_POINT('',(9.524596669241E0,-1.74E0,8.3E-1));
#3440=VERTEX_POINT('',#3439);
#3441=CARTESIAN_POINT('',(9.524596669241E0,-1.74E0,1.23E0));
#3442=VERTEX_POINT('',#3441);
#3443=CARTESIAN_POINT('',(9.15E0,-1.74E0,1.23E0));
#3444=VERTEX_POINT('',#3443);
#3445=CARTESIAN_POINT('',(8.95E0,-1.74E0,1.43E0));
#3446=VERTEX_POINT('',#3445);
#3447=CARTESIAN_POINT('',(-1.33E0,1.37E0,-3.1E-1));
#3448=CARTESIAN_POINT('',(1.33E0,1.37E0,-3.1E-1));
#3449=VERTEX_POINT('',#3447);
#3450=VERTEX_POINT('',#3448);
#3451=CARTESIAN_POINT('',(-2.2E0,3.75E0,5.42E0));
#3452=CARTESIAN_POINT('',(-2.2E0,2.56E0,4.23E0));
#3453=VERTEX_POINT('',#3451);
#3454=VERTEX_POINT('',#3452);
#3455=CARTESIAN_POINT('',(2.2E0,3.75E0,5.42E0));
#3456=CARTESIAN_POINT('',(2.2E0,2.56E0,4.23E0));
#3457=VERTEX_POINT('',#3455);
#3458=VERTEX_POINT('',#3456);
#3459=CARTESIAN_POINT('',(-2.2E0,3.75E0,-3.1E-1));
#3460=VERTEX_POINT('',#3459);
#3461=CARTESIAN_POINT('',(2.2E0,3.75E0,-3.1E-1));
#3462=VERTEX_POINT('',#3461);
#3463=CARTESIAN_POINT('',(-2.2E0,1.095E0,4.23E0));
#3464=VERTEX_POINT('',#3463);
#3465=CARTESIAN_POINT('',(-1.33E0,1.095E0,4.23E0));
#3466=CARTESIAN_POINT('',(-1.33E0,1.37E0,4.23E0));
#3467=VERTEX_POINT('',#3465);
#3468=VERTEX_POINT('',#3466);
#3469=CARTESIAN_POINT('',(1.33E0,1.37E0,4.23E0));
#3470=VERTEX_POINT('',#3469);
#3471=CARTESIAN_POINT('',(1.33E0,1.095E0,4.23E0));
#3472=VERTEX_POINT('',#3471);
#3473=CARTESIAN_POINT('',(2.2E0,1.095E0,4.23E0));
#3474=VERTEX_POINT('',#3473);
#3475=CARTESIAN_POINT('',(-2.2E0,1.095E0,-3.1E-1));
#3476=VERTEX_POINT('',#3475);
#3477=CARTESIAN_POINT('',(-1.33E0,1.095E0,-3.1E-1));
#3478=VERTEX_POINT('',#3477);
#3479=CARTESIAN_POINT('',(1.33E0,1.095E0,-3.1E-1));
#3480=VERTEX_POINT('',#3479);
#3481=CARTESIAN_POINT('',(2.2E0,1.095E0,-3.1E-1));
#3482=VERTEX_POINT('',#3481);
#3483=CARTESIAN_POINT('',(5.14E0,1.095E0,-1.77E0));
#3484=CARTESIAN_POINT('',(5.14E0,-1.095E0,-1.77E0));
#3485=VERTEX_POINT('',#3483);
#3486=VERTEX_POINT('',#3484);
#3487=CARTESIAN_POINT('',(7.36E0,-1.095E0,-1.77E0));
#3488=VERTEX_POINT('',#3487);
#3489=CARTESIAN_POINT('',(7.36E0,1.095E0,-1.77E0));
#3490=VERTEX_POINT('',#3489);
#3491=CARTESIAN_POINT('',(5.14E0,1.095E0,4.23E0));
#3492=CARTESIAN_POINT('',(5.14E0,-1.095E0,4.23E0));
#3493=VERTEX_POINT('',#3491);
#3494=VERTEX_POINT('',#3492);
#3495=CARTESIAN_POINT('',(7.36E0,1.095E0,4.23E0));
#3496=VERTEX_POINT('',#3495);
#3497=CARTESIAN_POINT('',(2.64E0,1.095E0,-1.77E0));
#3498=CARTESIAN_POINT('',(2.64E0,-1.095E0,-1.77E0));
#3499=VERTEX_POINT('',#3497);
#3500=VERTEX_POINT('',#3498);
#3501=CARTESIAN_POINT('',(4.86E0,-1.095E0,-1.77E0));
#3502=VERTEX_POINT('',#3501);
#3503=CARTESIAN_POINT('',(4.86E0,1.095E0,-1.77E0));
#3504=VERTEX_POINT('',#3503);
#3505=CARTESIAN_POINT('',(2.64E0,1.095E0,4.23E0));
#3506=CARTESIAN_POINT('',(2.64E0,-1.095E0,4.23E0));
#3507=VERTEX_POINT('',#3505);
#3508=VERTEX_POINT('',#3506);
#3509=CARTESIAN_POINT('',(4.86E0,-1.095E0,4.23E0));
#3510=VERTEX_POINT('',#3509);
#3511=CARTESIAN_POINT('',(4.86E0,1.095E0,4.23E0));
#3512=VERTEX_POINT('',#3511);
#3513=CARTESIAN_POINT('',(1.4E-1,1.095E0,-1.77E0));
#3514=CARTESIAN_POINT('',(1.4E-1,-1.095E0,-1.77E0));
#3515=VERTEX_POINT('',#3513);
#3516=VERTEX_POINT('',#3514);
#3517=CARTESIAN_POINT('',(2.36E0,-1.095E0,-1.77E0));
#3518=VERTEX_POINT('',#3517);
#3519=CARTESIAN_POINT('',(2.36E0,1.095E0,-1.77E0));
#3520=VERTEX_POINT('',#3519);
#3521=CARTESIAN_POINT('',(1.4E-1,1.095E0,4.23E0));
#3522=CARTESIAN_POINT('',(1.4E-1,-1.095E0,4.23E0));
#3523=VERTEX_POINT('',#3521);
#3524=VERTEX_POINT('',#3522);
#3525=CARTESIAN_POINT('',(2.36E0,-1.095E0,4.23E0));
#3526=VERTEX_POINT('',#3525);
#3527=CARTESIAN_POINT('',(2.36E0,1.095E0,4.23E0));
#3528=VERTEX_POINT('',#3527);
#3529=CARTESIAN_POINT('',(6.0825E0,-5.24E0,-5.9825E0));
#3530=CARTESIAN_POINT('',(5.9325E0,-4.69E0,-5.8325E0));
#3531=VERTEX_POINT('',#3529);
#3532=VERTEX_POINT('',#3530);
#3533=CARTESIAN_POINT('',(6.4175E0,-5.24E0,-5.9825E0));
#3534=CARTESIAN_POINT('',(6.5675E0,-4.69E0,-5.8325E0));
#3535=VERTEX_POINT('',#3533);
#3536=VERTEX_POINT('',#3534);
#3537=CARTESIAN_POINT('',(6.0825E0,-5.24E0,-6.3175E0));
#3538=CARTESIAN_POINT('',(5.9325E0,-4.69E0,-6.4675E0));
#3539=VERTEX_POINT('',#3537);
#3540=VERTEX_POINT('',#3538);
#3541=CARTESIAN_POINT('',(6.5675E0,-4.69E0,-6.4675E0));
#3542=CARTESIAN_POINT('',(6.4175E0,-5.24E0,-6.3175E0));
#3543=VERTEX_POINT('',#3541);
#3544=VERTEX_POINT('',#3542);
#3545=CARTESIAN_POINT('',(6.0825E0,-1.675E-1,2.8E0));
#3546=CARTESIAN_POINT('',(5.9325E0,-3.175E-1,2.25E0));
#3547=VERTEX_POINT('',#3545);
#3548=VERTEX_POINT('',#3546);
#3549=CARTESIAN_POINT('',(6.5675E0,-3.175E-1,2.25E0));
#3550=CARTESIAN_POINT('',(6.4175E0,-1.675E-1,2.8E0));
#3551=VERTEX_POINT('',#3549);
#3552=VERTEX_POINT('',#3550);
#3553=CARTESIAN_POINT('',(5.9325E0,3.175E-1,2.25E0));
#3554=CARTESIAN_POINT('',(6.0825E0,1.675E-1,2.8E0));
#3555=VERTEX_POINT('',#3553);
#3556=VERTEX_POINT('',#3554);
#3557=CARTESIAN_POINT('',(6.4175E0,1.675E-1,2.8E0));
#3558=CARTESIAN_POINT('',(6.5675E0,3.175E-1,2.25E0));
#3559=VERTEX_POINT('',#3557);
#3560=VERTEX_POINT('',#3558);
#3561=CARTESIAN_POINT('',(3.5825E0,-5.24E0,-5.9825E0));
#3562=CARTESIAN_POINT('',(3.4325E0,-4.69E0,-5.8325E0));
#3563=VERTEX_POINT('',#3561);
#3564=VERTEX_POINT('',#3562);
#3565=CARTESIAN_POINT('',(3.9175E0,-5.24E0,-5.9825E0));
#3566=CARTESIAN_POINT('',(4.0675E0,-4.69E0,-5.8325E0));
#3567=VERTEX_POINT('',#3565);
#3568=VERTEX_POINT('',#3566);
#3569=CARTESIAN_POINT('',(3.5825E0,-5.24E0,-6.3175E0));
#3570=CARTESIAN_POINT('',(3.4325E0,-4.69E0,-6.4675E0));
#3571=VERTEX_POINT('',#3569);
#3572=VERTEX_POINT('',#3570);
#3573=CARTESIAN_POINT('',(4.0675E0,-4.69E0,-6.4675E0));
#3574=CARTESIAN_POINT('',(3.9175E0,-5.24E0,-6.3175E0));
#3575=VERTEX_POINT('',#3573);
#3576=VERTEX_POINT('',#3574);
#3577=CARTESIAN_POINT('',(3.5825E0,-1.675E-1,2.8E0));
#3578=CARTESIAN_POINT('',(3.4325E0,-3.175E-1,2.25E0));
#3579=VERTEX_POINT('',#3577);
#3580=VERTEX_POINT('',#3578);
#3581=CARTESIAN_POINT('',(4.0675E0,-3.175E-1,2.25E0));
#3582=CARTESIAN_POINT('',(3.9175E0,-1.675E-1,2.8E0));
#3583=VERTEX_POINT('',#3581);
#3584=VERTEX_POINT('',#3582);
#3585=CARTESIAN_POINT('',(3.4325E0,3.175E-1,2.25E0));
#3586=CARTESIAN_POINT('',(3.5825E0,1.675E-1,2.8E0));
#3587=VERTEX_POINT('',#3585);
#3588=VERTEX_POINT('',#3586);
#3589=CARTESIAN_POINT('',(3.9175E0,1.675E-1,2.8E0));
#3590=CARTESIAN_POINT('',(4.0675E0,3.175E-1,2.25E0));
#3591=VERTEX_POINT('',#3589);
#3592=VERTEX_POINT('',#3590);
#3593=CARTESIAN_POINT('',(1.0825E0,-5.24E0,-5.9825E0));
#3594=CARTESIAN_POINT('',(9.325E-1,-4.69E0,-5.8325E0));
#3595=VERTEX_POINT('',#3593);
#3596=VERTEX_POINT('',#3594);
#3597=CARTESIAN_POINT('',(1.4175E0,-5.24E0,-5.9825E0));
#3598=CARTESIAN_POINT('',(1.5675E0,-4.69E0,-5.8325E0));
#3599=VERTEX_POINT('',#3597);
#3600=VERTEX_POINT('',#3598);
#3601=CARTESIAN_POINT('',(1.0825E0,-5.24E0,-6.3175E0));
#3602=CARTESIAN_POINT('',(9.325E-1,-4.69E0,-6.4675E0));
#3603=VERTEX_POINT('',#3601);
#3604=VERTEX_POINT('',#3602);
#3605=CARTESIAN_POINT('',(1.5675E0,-4.69E0,-6.4675E0));
#3606=CARTESIAN_POINT('',(1.4175E0,-5.24E0,-6.3175E0));
#3607=VERTEX_POINT('',#3605);
#3608=VERTEX_POINT('',#3606);
#3609=CARTESIAN_POINT('',(1.0825E0,-1.675E-1,2.8E0));
#3610=CARTESIAN_POINT('',(9.325E-1,-3.175E-1,2.25E0));
#3611=VERTEX_POINT('',#3609);
#3612=VERTEX_POINT('',#3610);
#3613=CARTESIAN_POINT('',(1.5675E0,-3.175E-1,2.25E0));
#3614=CARTESIAN_POINT('',(1.4175E0,-1.675E-1,2.8E0));
#3615=VERTEX_POINT('',#3613);
#3616=VERTEX_POINT('',#3614);
#3617=CARTESIAN_POINT('',(9.325E-1,3.175E-1,2.25E0));
#3618=CARTESIAN_POINT('',(1.0825E0,1.675E-1,2.8E0));
#3619=VERTEX_POINT('',#3617);
#3620=VERTEX_POINT('',#3618);
#3621=CARTESIAN_POINT('',(1.4175E0,1.675E-1,2.8E0));
#3622=CARTESIAN_POINT('',(1.5675E0,3.175E-1,2.25E0));
#3623=VERTEX_POINT('',#3621);
#3624=VERTEX_POINT('',#3622);
#3625=CARTESIAN_POINT('',(-2.36E0,1.095E0,-1.77E0));
#3626=CARTESIAN_POINT('',(-2.36E0,-1.095E0,-1.77E0));
#3627=VERTEX_POINT('',#3625);
#3628=VERTEX_POINT('',#3626);
#3629=CARTESIAN_POINT('',(-1.4E-1,-1.095E0,-1.77E0));
#3630=VERTEX_POINT('',#3629);
#3631=CARTESIAN_POINT('',(-1.4E-1,1.095E0,-1.77E0));
#3632=VERTEX_POINT('',#3631);
#3633=CARTESIAN_POINT('',(-2.36E0,1.095E0,4.23E0));
#3634=CARTESIAN_POINT('',(-2.36E0,-1.095E0,4.23E0));
#3635=VERTEX_POINT('',#3633);
#3636=VERTEX_POINT('',#3634);
#3637=CARTESIAN_POINT('',(-1.4E-1,-1.095E0,4.23E0));
#3638=VERTEX_POINT('',#3637);
#3639=CARTESIAN_POINT('',(-1.4E-1,1.095E0,4.23E0));
#3640=VERTEX_POINT('',#3639);
#3641=CARTESIAN_POINT('',(-4.86E0,1.095E0,-1.77E0));
#3642=CARTESIAN_POINT('',(-4.86E0,-1.095E0,-1.77E0));
#3643=VERTEX_POINT('',#3641);
#3644=VERTEX_POINT('',#3642);
#3645=CARTESIAN_POINT('',(-2.64E0,-1.095E0,-1.77E0));
#3646=VERTEX_POINT('',#3645);
#3647=CARTESIAN_POINT('',(-2.64E0,1.095E0,-1.77E0));
#3648=VERTEX_POINT('',#3647);
#3649=CARTESIAN_POINT('',(-4.86E0,1.095E0,4.23E0));
#3650=CARTESIAN_POINT('',(-4.86E0,-1.095E0,4.23E0));
#3651=VERTEX_POINT('',#3649);
#3652=VERTEX_POINT('',#3650);
#3653=CARTESIAN_POINT('',(-2.64E0,-1.095E0,4.23E0));
#3654=VERTEX_POINT('',#3653);
#3655=CARTESIAN_POINT('',(-2.64E0,1.095E0,4.23E0));
#3656=VERTEX_POINT('',#3655);
#3657=CARTESIAN_POINT('',(-7.36E0,1.095E0,-1.77E0));
#3658=CARTESIAN_POINT('',(-7.36E0,-1.095E0,-1.77E0));
#3659=VERTEX_POINT('',#3657);
#3660=VERTEX_POINT('',#3658);
#3661=CARTESIAN_POINT('',(-5.14E0,-1.095E0,-1.77E0));
#3662=VERTEX_POINT('',#3661);
#3663=CARTESIAN_POINT('',(-5.14E0,1.095E0,-1.77E0));
#3664=VERTEX_POINT('',#3663);
#3665=CARTESIAN_POINT('',(-7.36E0,1.095E0,4.23E0));
#3666=CARTESIAN_POINT('',(-7.36E0,-1.095E0,4.23E0));
#3667=VERTEX_POINT('',#3665);
#3668=VERTEX_POINT('',#3666);
#3669=CARTESIAN_POINT('',(-5.14E0,-1.095E0,4.23E0));
#3670=VERTEX_POINT('',#3669);
#3671=CARTESIAN_POINT('',(-5.14E0,1.095E0,4.23E0));
#3672=VERTEX_POINT('',#3671);
#3673=CARTESIAN_POINT('',(-1.4175E0,-5.24E0,-5.9825E0));
#3674=CARTESIAN_POINT('',(-1.5675E0,-4.69E0,-5.8325E0));
#3675=VERTEX_POINT('',#3673);
#3676=VERTEX_POINT('',#3674);
#3677=CARTESIAN_POINT('',(-1.0825E0,-5.24E0,-5.9825E0));
#3678=CARTESIAN_POINT('',(-9.325E-1,-4.69E0,-5.8325E0));
#3679=VERTEX_POINT('',#3677);
#3680=VERTEX_POINT('',#3678);
#3681=CARTESIAN_POINT('',(-1.4175E0,-5.24E0,-6.3175E0));
#3682=CARTESIAN_POINT('',(-1.5675E0,-4.69E0,-6.4675E0));
#3683=VERTEX_POINT('',#3681);
#3684=VERTEX_POINT('',#3682);
#3685=CARTESIAN_POINT('',(-9.325E-1,-4.69E0,-6.4675E0));
#3686=CARTESIAN_POINT('',(-1.0825E0,-5.24E0,-6.3175E0));
#3687=VERTEX_POINT('',#3685);
#3688=VERTEX_POINT('',#3686);
#3689=CARTESIAN_POINT('',(-1.4175E0,-1.675E-1,2.8E0));
#3690=CARTESIAN_POINT('',(-1.5675E0,-3.175E-1,2.25E0));
#3691=VERTEX_POINT('',#3689);
#3692=VERTEX_POINT('',#3690);
#3693=CARTESIAN_POINT('',(-9.325E-1,-3.175E-1,2.25E0));
#3694=CARTESIAN_POINT('',(-1.0825E0,-1.675E-1,2.8E0));
#3695=VERTEX_POINT('',#3693);
#3696=VERTEX_POINT('',#3694);
#3697=CARTESIAN_POINT('',(-1.5675E0,3.175E-1,2.25E0));
#3698=CARTESIAN_POINT('',(-1.4175E0,1.675E-1,2.8E0));
#3699=VERTEX_POINT('',#3697);
#3700=VERTEX_POINT('',#3698);
#3701=CARTESIAN_POINT('',(-1.0825E0,1.675E-1,2.8E0));
#3702=CARTESIAN_POINT('',(-9.325E-1,3.175E-1,2.25E0));
#3703=VERTEX_POINT('',#3701);
#3704=VERTEX_POINT('',#3702);
#3705=CARTESIAN_POINT('',(-3.9175E0,-5.24E0,-5.9825E0));
#3706=CARTESIAN_POINT('',(-4.0675E0,-4.69E0,-5.8325E0));
#3707=VERTEX_POINT('',#3705);
#3708=VERTEX_POINT('',#3706);
#3709=CARTESIAN_POINT('',(-3.5825E0,-5.24E0,-5.9825E0));
#3710=CARTESIAN_POINT('',(-3.4325E0,-4.69E0,-5.8325E0));
#3711=VERTEX_POINT('',#3709);
#3712=VERTEX_POINT('',#3710);
#3713=CARTESIAN_POINT('',(-3.9175E0,-5.24E0,-6.3175E0));
#3714=CARTESIAN_POINT('',(-4.0675E0,-4.69E0,-6.4675E0));
#3715=VERTEX_POINT('',#3713);
#3716=VERTEX_POINT('',#3714);
#3717=CARTESIAN_POINT('',(-3.4325E0,-4.69E0,-6.4675E0));
#3718=CARTESIAN_POINT('',(-3.5825E0,-5.24E0,-6.3175E0));
#3719=VERTEX_POINT('',#3717);
#3720=VERTEX_POINT('',#3718);
#3721=CARTESIAN_POINT('',(-3.9175E0,-1.675E-1,2.8E0));
#3722=CARTESIAN_POINT('',(-4.0675E0,-3.175E-1,2.25E0));
#3723=VERTEX_POINT('',#3721);
#3724=VERTEX_POINT('',#3722);
#3725=CARTESIAN_POINT('',(-3.4325E0,-3.175E-1,2.25E0));
#3726=CARTESIAN_POINT('',(-3.5825E0,-1.675E-1,2.8E0));
#3727=VERTEX_POINT('',#3725);
#3728=VERTEX_POINT('',#3726);
#3729=CARTESIAN_POINT('',(-4.0675E0,3.175E-1,2.25E0));
#3730=CARTESIAN_POINT('',(-3.9175E0,1.675E-1,2.8E0));
#3731=VERTEX_POINT('',#3729);
#3732=VERTEX_POINT('',#3730);
#3733=CARTESIAN_POINT('',(-3.5825E0,1.675E-1,2.8E0));
#3734=CARTESIAN_POINT('',(-3.4325E0,3.175E-1,2.25E0));
#3735=VERTEX_POINT('',#3733);
#3736=VERTEX_POINT('',#3734);
#3737=CARTESIAN_POINT('',(-6.4175E0,-5.24E0,-5.9825E0));
#3738=CARTESIAN_POINT('',(-6.5675E0,-4.69E0,-5.8325E0));
#3739=VERTEX_POINT('',#3737);
#3740=VERTEX_POINT('',#3738);
#3741=CARTESIAN_POINT('',(-6.0825E0,-5.24E0,-5.9825E0));
#3742=CARTESIAN_POINT('',(-5.9325E0,-4.69E0,-5.8325E0));
#3743=VERTEX_POINT('',#3741);
#3744=VERTEX_POINT('',#3742);
#3745=CARTESIAN_POINT('',(-6.4175E0,-5.24E0,-6.3175E0));
#3746=CARTESIAN_POINT('',(-6.5675E0,-4.69E0,-6.4675E0));
#3747=VERTEX_POINT('',#3745);
#3748=VERTEX_POINT('',#3746);
#3749=CARTESIAN_POINT('',(-5.9325E0,-4.69E0,-6.4675E0));
#3750=CARTESIAN_POINT('',(-6.0825E0,-5.24E0,-6.3175E0));
#3751=VERTEX_POINT('',#3749);
#3752=VERTEX_POINT('',#3750);
#3753=CARTESIAN_POINT('',(-6.4175E0,-1.675E-1,2.8E0));
#3754=CARTESIAN_POINT('',(-6.5675E0,-3.175E-1,2.25E0));
#3755=VERTEX_POINT('',#3753);
#3756=VERTEX_POINT('',#3754);
#3757=CARTESIAN_POINT('',(-5.9325E0,-3.175E-1,2.25E0));
#3758=CARTESIAN_POINT('',(-6.0825E0,-1.675E-1,2.8E0));
#3759=VERTEX_POINT('',#3757);
#3760=VERTEX_POINT('',#3758);
#3761=CARTESIAN_POINT('',(-6.5675E0,3.175E-1,2.25E0));
#3762=CARTESIAN_POINT('',(-6.4175E0,1.675E-1,2.8E0));
#3763=VERTEX_POINT('',#3761);
#3764=VERTEX_POINT('',#3762);
#3765=CARTESIAN_POINT('',(-6.0825E0,1.675E-1,2.8E0));
#3766=CARTESIAN_POINT('',(-5.9325E0,3.175E-1,2.25E0));
#3767=VERTEX_POINT('',#3765);
#3768=VERTEX_POINT('',#3766);
#3769=CARTESIAN_POINT('',(1.15E0,3.75E0,-7.7E-1));
#3770=CARTESIAN_POINT('',(-1.15E0,3.75E0,-7.7E-1));
#3771=VERTEX_POINT('',#3769);
#3772=VERTEX_POINT('',#3770);
#3773=CARTESIAN_POINT('',(-1.15E0,4.35E0,-7.7E-1));
#3774=VERTEX_POINT('',#3773);
#3775=CARTESIAN_POINT('',(1.15E0,4.35E0,-7.7E-1));
#3776=VERTEX_POINT('',#3775);
#3777=CARTESIAN_POINT('',(-1.15E0,4.6E0,-5.2E-1));
#3778=CARTESIAN_POINT('',(-1.15E0,4.6E0,4.09E0));
#3779=VERTEX_POINT('',#3777);
#3780=VERTEX_POINT('',#3778);
#3781=CARTESIAN_POINT('',(-8.5E-1,4.6E0,4.39E0));
#3782=VERTEX_POINT('',#3781);
#3783=CARTESIAN_POINT('',(8.5E-1,4.6E0,4.39E0));
#3784=VERTEX_POINT('',#3783);
#3785=CARTESIAN_POINT('',(1.15E0,4.6E0,4.09E0));
#3786=VERTEX_POINT('',#3785);
#3787=CARTESIAN_POINT('',(1.15E0,4.6E0,-5.2E-1));
#3788=VERTEX_POINT('',#3787);
#3789=CARTESIAN_POINT('',(1.15E0,3.75E0,-3.1E-1));
#3790=CARTESIAN_POINT('',(-1.15E0,3.75E0,-3.1E-1));
#3791=VERTEX_POINT('',#3789);
#3792=VERTEX_POINT('',#3790);
#3793=CARTESIAN_POINT('',(-1.15E0,3.75E0,4.09E0));
#3794=VERTEX_POINT('',#3793);
#3795=CARTESIAN_POINT('',(-8.5E-1,3.75E0,4.39E0));
#3796=VERTEX_POINT('',#3795);
#3797=CARTESIAN_POINT('',(8.5E-1,3.75E0,4.39E0));
#3798=VERTEX_POINT('',#3797);
#3799=CARTESIAN_POINT('',(1.15E0,3.75E0,4.09E0));
#3800=VERTEX_POINT('',#3799);
#3801=VERTEX_POINT('',#2895);
#3802=VERTEX_POINT('',#2899);
#3803=VERTEX_POINT('',#3011);
#3804=VERTEX_POINT('',#3015);
#3805=VERTEX_POINT('',#2929);
#3806=VERTEX_POINT('',#2933);
#3807=VERTEX_POINT('',#2909);
#3808=VERTEX_POINT('',#2913);
#3809=VERTEX_POINT('',#2963);
#3810=VERTEX_POINT('',#2967);
#3811=VERTEX_POINT('',#2943);
#3812=VERTEX_POINT('',#2947);
#3813=VERTEX_POINT('',#2997);
#3814=VERTEX_POINT('',#3001);
#3815=VERTEX_POINT('',#2977);
#3816=VERTEX_POINT('',#2981);
#3817=VERTEX_POINT('',#2761);
#3818=VERTEX_POINT('',#2765);
#3819=VERTEX_POINT('',#3037);
#3820=VERTEX_POINT('',#3041);
#3821=VERTEX_POINT('',#3055);
#3822=VERTEX_POINT('',#3059);
#3823=VERTEX_POINT('',#3079);
#3824=VERTEX_POINT('',#3083);
#3825=VERTEX_POINT('',#3093);
#3826=VERTEX_POINT('',#3097);
#3827=VERTEX_POINT('',#3117);
#3828=VERTEX_POINT('',#3121);
#3829=VERTEX_POINT('',#3131);
#3830=VERTEX_POINT('',#3135);
#3831=VERTEX_POINT('',#3155);
#3832=VERTEX_POINT('',#3159);
#3833=CARTESIAN_POINT('',(-9.86E0,1.095E0,-1.77E0));
#3834=CARTESIAN_POINT('',(-9.86E0,-1.095E0,-1.77E0));
#3835=VERTEX_POINT('',#3833);
#3836=VERTEX_POINT('',#3834);
#3837=CARTESIAN_POINT('',(-7.64E0,-1.095E0,-1.77E0));
#3838=VERTEX_POINT('',#3837);
#3839=CARTESIAN_POINT('',(-7.64E0,1.095E0,-1.77E0));
#3840=VERTEX_POINT('',#3839);
#3841=CARTESIAN_POINT('',(-9.86E0,1.095E0,4.23E0));
#3842=CARTESIAN_POINT('',(-9.86E0,-1.095E0,4.23E0));
#3843=VERTEX_POINT('',#3841);
#3844=VERTEX_POINT('',#3842);
#3845=CARTESIAN_POINT('',(-7.64E0,-1.095E0,4.23E0));
#3846=VERTEX_POINT('',#3845);
#3847=CARTESIAN_POINT('',(-7.64E0,1.095E0,4.23E0));
#3848=VERTEX_POINT('',#3847);
#3849=CARTESIAN_POINT('',(-8.9175E0,-5.24E0,-5.9825E0));
#3850=CARTESIAN_POINT('',(-9.0675E0,-4.69E0,-5.8325E0));
#3851=VERTEX_POINT('',#3849);
#3852=VERTEX_POINT('',#3850);
#3853=CARTESIAN_POINT('',(-8.5825E0,-5.24E0,-5.9825E0));
#3854=CARTESIAN_POINT('',(-8.4325E0,-4.69E0,-5.8325E0));
#3855=VERTEX_POINT('',#3853);
#3856=VERTEX_POINT('',#3854);
#3857=CARTESIAN_POINT('',(-8.9175E0,-5.24E0,-6.3175E0));
#3858=CARTESIAN_POINT('',(-9.0675E0,-4.69E0,-6.4675E0));
#3859=VERTEX_POINT('',#3857);
#3860=VERTEX_POINT('',#3858);
#3861=CARTESIAN_POINT('',(-8.4325E0,-4.69E0,-6.4675E0));
#3862=CARTESIAN_POINT('',(-8.5825E0,-5.24E0,-6.3175E0));
#3863=VERTEX_POINT('',#3861);
#3864=VERTEX_POINT('',#3862);
#3865=CARTESIAN_POINT('',(-8.9175E0,-1.675E-1,2.8E0));
#3866=CARTESIAN_POINT('',(-9.0675E0,-3.175E-1,2.25E0));
#3867=VERTEX_POINT('',#3865);
#3868=VERTEX_POINT('',#3866);
#3869=CARTESIAN_POINT('',(-8.4325E0,-3.175E-1,2.25E0));
#3870=CARTESIAN_POINT('',(-8.5825E0,-1.675E-1,2.8E0));
#3871=VERTEX_POINT('',#3869);
#3872=VERTEX_POINT('',#3870);
#3873=CARTESIAN_POINT('',(-9.0675E0,3.175E-1,2.25E0));
#3874=CARTESIAN_POINT('',(-8.9175E0,1.675E-1,2.8E0));
#3875=VERTEX_POINT('',#3873);
#3876=VERTEX_POINT('',#3874);
#3877=CARTESIAN_POINT('',(-8.5825E0,1.675E-1,2.8E0));
#3878=CARTESIAN_POINT('',(-8.4325E0,3.175E-1,2.25E0));
#3879=VERTEX_POINT('',#3877);
#3880=VERTEX_POINT('',#3878);
#3881=CARTESIAN_POINT('',(5.9325E0,-3.175E-1,-5.5325E0));
#3882=CARTESIAN_POINT('',(5.9325E0,-6.175E-1,-5.8325E0));
#3883=VERTEX_POINT('',#3881);
#3884=VERTEX_POINT('',#3882);
#3885=CARTESIAN_POINT('',(5.9325E0,-6.175E-1,-6.4675E0));
#3886=CARTESIAN_POINT('',(5.9325E0,3.175E-1,-5.5325E0));
#3887=VERTEX_POINT('',#3885);
#3888=VERTEX_POINT('',#3886);
#3889=CARTESIAN_POINT('',(6.5675E0,-3.175E-1,-5.5325E0));
#3890=CARTESIAN_POINT('',(6.5675E0,-6.175E-1,-5.8325E0));
#3891=VERTEX_POINT('',#3889);
#3892=VERTEX_POINT('',#3890);
#3893=CARTESIAN_POINT('',(6.5675E0,-6.175E-1,-6.4675E0));
#3894=CARTESIAN_POINT('',(6.5675E0,3.175E-1,-5.5325E0));
#3895=VERTEX_POINT('',#3893);
#3896=VERTEX_POINT('',#3894);
#3897=CARTESIAN_POINT('',(5.9325E0,-3.175E-1,-4.23E0));
#3898=CARTESIAN_POINT('',(5.9325E0,3.175E-1,-4.23E0));
#3899=VERTEX_POINT('',#3897);
#3900=VERTEX_POINT('',#3898);
#3901=CARTESIAN_POINT('',(6.5675E0,-3.175E-1,-4.23E0));
#3902=CARTESIAN_POINT('',(6.5675E0,3.175E-1,-4.23E0));
#3903=VERTEX_POINT('',#3901);
#3904=VERTEX_POINT('',#3902);
#3905=CARTESIAN_POINT('',(5.9325E0,-3.175E-1,-1.77E0));
#3906=CARTESIAN_POINT('',(5.9325E0,3.175E-1,-1.77E0));
#3907=VERTEX_POINT('',#3905);
#3908=VERTEX_POINT('',#3906);
#3909=CARTESIAN_POINT('',(6.5675E0,-3.175E-1,-1.77E0));
#3910=CARTESIAN_POINT('',(6.5675E0,3.175E-1,-1.77E0));
#3911=VERTEX_POINT('',#3909);
#3912=VERTEX_POINT('',#3910);
#3913=CARTESIAN_POINT('',(3.4325E0,-3.175E-1,-5.5325E0));
#3914=CARTESIAN_POINT('',(3.4325E0,-6.175E-1,-5.8325E0));
#3915=VERTEX_POINT('',#3913);
#3916=VERTEX_POINT('',#3914);
#3917=CARTESIAN_POINT('',(3.4325E0,-6.175E-1,-6.4675E0));
#3918=CARTESIAN_POINT('',(3.4325E0,3.175E-1,-5.5325E0));
#3919=VERTEX_POINT('',#3917);
#3920=VERTEX_POINT('',#3918);
#3921=CARTESIAN_POINT('',(4.0675E0,-3.175E-1,-5.5325E0));
#3922=CARTESIAN_POINT('',(4.0675E0,-6.175E-1,-5.8325E0));
#3923=VERTEX_POINT('',#3921);
#3924=VERTEX_POINT('',#3922);
#3925=CARTESIAN_POINT('',(4.0675E0,-6.175E-1,-6.4675E0));
#3926=CARTESIAN_POINT('',(4.0675E0,3.175E-1,-5.5325E0));
#3927=VERTEX_POINT('',#3925);
#3928=VERTEX_POINT('',#3926);
#3929=CARTESIAN_POINT('',(3.4325E0,-3.175E-1,-4.23E0));
#3930=CARTESIAN_POINT('',(3.4325E0,3.175E-1,-4.23E0));
#3931=VERTEX_POINT('',#3929);
#3932=VERTEX_POINT('',#3930);
#3933=CARTESIAN_POINT('',(4.0675E0,-3.175E-1,-4.23E0));
#3934=CARTESIAN_POINT('',(4.0675E0,3.175E-1,-4.23E0));
#3935=VERTEX_POINT('',#3933);
#3936=VERTEX_POINT('',#3934);
#3937=CARTESIAN_POINT('',(3.4325E0,-3.175E-1,-1.77E0));
#3938=CARTESIAN_POINT('',(3.4325E0,3.175E-1,-1.77E0));
#3939=VERTEX_POINT('',#3937);
#3940=VERTEX_POINT('',#3938);
#3941=CARTESIAN_POINT('',(4.0675E0,-3.175E-1,-1.77E0));
#3942=CARTESIAN_POINT('',(4.0675E0,3.175E-1,-1.77E0));
#3943=VERTEX_POINT('',#3941);
#3944=VERTEX_POINT('',#3942);
#3945=CARTESIAN_POINT('',(9.325E-1,-3.175E-1,-5.5325E0));
#3946=CARTESIAN_POINT('',(9.325E-1,-6.175E-1,-5.8325E0));
#3947=VERTEX_POINT('',#3945);
#3948=VERTEX_POINT('',#3946);
#3949=CARTESIAN_POINT('',(9.325E-1,-6.175E-1,-6.4675E0));
#3950=CARTESIAN_POINT('',(9.325E-1,3.175E-1,-5.5325E0));
#3951=VERTEX_POINT('',#3949);
#3952=VERTEX_POINT('',#3950);
#3953=CARTESIAN_POINT('',(1.5675E0,-3.175E-1,-5.5325E0));
#3954=CARTESIAN_POINT('',(1.5675E0,-6.175E-1,-5.8325E0));
#3955=VERTEX_POINT('',#3953);
#3956=VERTEX_POINT('',#3954);
#3957=CARTESIAN_POINT('',(1.5675E0,-6.175E-1,-6.4675E0));
#3958=CARTESIAN_POINT('',(1.5675E0,3.175E-1,-5.5325E0));
#3959=VERTEX_POINT('',#3957);
#3960=VERTEX_POINT('',#3958);
#3961=CARTESIAN_POINT('',(9.325E-1,-3.175E-1,-4.23E0));
#3962=CARTESIAN_POINT('',(9.325E-1,3.175E-1,-4.23E0));
#3963=VERTEX_POINT('',#3961);
#3964=VERTEX_POINT('',#3962);
#3965=CARTESIAN_POINT('',(1.5675E0,-3.175E-1,-4.23E0));
#3966=CARTESIAN_POINT('',(1.5675E0,3.175E-1,-4.23E0));
#3967=VERTEX_POINT('',#3965);
#3968=VERTEX_POINT('',#3966);
#3969=CARTESIAN_POINT('',(9.325E-1,-3.175E-1,-1.77E0));
#3970=CARTESIAN_POINT('',(9.325E-1,3.175E-1,-1.77E0));
#3971=VERTEX_POINT('',#3969);
#3972=VERTEX_POINT('',#3970);
#3973=CARTESIAN_POINT('',(1.5675E0,-3.175E-1,-1.77E0));
#3974=CARTESIAN_POINT('',(1.5675E0,3.175E-1,-1.77E0));
#3975=VERTEX_POINT('',#3973);
#3976=VERTEX_POINT('',#3974);
#3977=CARTESIAN_POINT('',(-1.5675E0,-3.175E-1,-5.5325E0));
#3978=CARTESIAN_POINT('',(-1.5675E0,-6.175E-1,-5.8325E0));
#3979=VERTEX_POINT('',#3977);
#3980=VERTEX_POINT('',#3978);
#3981=CARTESIAN_POINT('',(-1.5675E0,-6.175E-1,-6.4675E0));
#3982=CARTESIAN_POINT('',(-1.5675E0,3.175E-1,-5.5325E0));
#3983=VERTEX_POINT('',#3981);
#3984=VERTEX_POINT('',#3982);
#3985=CARTESIAN_POINT('',(-9.325E-1,-3.175E-1,-5.5325E0));
#3986=CARTESIAN_POINT('',(-9.325E-1,-6.175E-1,-5.8325E0));
#3987=VERTEX_POINT('',#3985);
#3988=VERTEX_POINT('',#3986);
#3989=CARTESIAN_POINT('',(-9.325E-1,-6.175E-1,-6.4675E0));
#3990=CARTESIAN_POINT('',(-9.325E-1,3.175E-1,-5.5325E0));
#3991=VERTEX_POINT('',#3989);
#3992=VERTEX_POINT('',#3990);
#3993=CARTESIAN_POINT('',(-1.5675E0,-3.175E-1,-4.23E0));
#3994=CARTESIAN_POINT('',(-1.5675E0,3.175E-1,-4.23E0));
#3995=VERTEX_POINT('',#3993);
#3996=VERTEX_POINT('',#3994);
#3997=CARTESIAN_POINT('',(-9.325E-1,-3.175E-1,-4.23E0));
#3998=CARTESIAN_POINT('',(-9.325E-1,3.175E-1,-4.23E0));
#3999=VERTEX_POINT('',#3997);
#4000=VERTEX_POINT('',#3998);
#4001=CARTESIAN_POINT('',(-1.5675E0,-3.175E-1,-1.77E0));
#4002=CARTESIAN_POINT('',(-1.5675E0,3.175E-1,-1.77E0));
#4003=VERTEX_POINT('',#4001);
#4004=VERTEX_POINT('',#4002);
#4005=CARTESIAN_POINT('',(-9.325E-1,-3.175E-1,-1.77E0));
#4006=CARTESIAN_POINT('',(-9.325E-1,3.175E-1,-1.77E0));
#4007=VERTEX_POINT('',#4005);
#4008=VERTEX_POINT('',#4006);
#4009=CARTESIAN_POINT('',(-4.0675E0,-3.175E-1,-5.5325E0));
#4010=CARTESIAN_POINT('',(-4.0675E0,-6.175E-1,-5.8325E0));
#4011=VERTEX_POINT('',#4009);
#4012=VERTEX_POINT('',#4010);
#4013=CARTESIAN_POINT('',(-4.0675E0,-6.175E-1,-6.4675E0));
#4014=CARTESIAN_POINT('',(-4.0675E0,3.175E-1,-5.5325E0));
#4015=VERTEX_POINT('',#4013);
#4016=VERTEX_POINT('',#4014);
#4017=CARTESIAN_POINT('',(-3.4325E0,-3.175E-1,-5.5325E0));
#4018=CARTESIAN_POINT('',(-3.4325E0,-6.175E-1,-5.8325E0));
#4019=VERTEX_POINT('',#4017);
#4020=VERTEX_POINT('',#4018);
#4021=CARTESIAN_POINT('',(-3.4325E0,-6.175E-1,-6.4675E0));
#4022=CARTESIAN_POINT('',(-3.4325E0,3.175E-1,-5.5325E0));
#4023=VERTEX_POINT('',#4021);
#4024=VERTEX_POINT('',#4022);
#4025=CARTESIAN_POINT('',(-4.0675E0,-3.175E-1,-4.23E0));
#4026=CARTESIAN_POINT('',(-4.0675E0,3.175E-1,-4.23E0));
#4027=VERTEX_POINT('',#4025);
#4028=VERTEX_POINT('',#4026);
#4029=CARTESIAN_POINT('',(-3.4325E0,-3.175E-1,-4.23E0));
#4030=CARTESIAN_POINT('',(-3.4325E0,3.175E-1,-4.23E0));
#4031=VERTEX_POINT('',#4029);
#4032=VERTEX_POINT('',#4030);
#4033=CARTESIAN_POINT('',(-4.0675E0,-3.175E-1,-1.77E0));
#4034=CARTESIAN_POINT('',(-4.0675E0,3.175E-1,-1.77E0));
#4035=VERTEX_POINT('',#4033);
#4036=VERTEX_POINT('',#4034);
#4037=CARTESIAN_POINT('',(-3.4325E0,-3.175E-1,-1.77E0));
#4038=CARTESIAN_POINT('',(-3.4325E0,3.175E-1,-1.77E0));
#4039=VERTEX_POINT('',#4037);
#4040=VERTEX_POINT('',#4038);
#4041=CARTESIAN_POINT('',(-6.5675E0,-3.175E-1,-5.5325E0));
#4042=CARTESIAN_POINT('',(-6.5675E0,-6.175E-1,-5.8325E0));
#4043=VERTEX_POINT('',#4041);
#4044=VERTEX_POINT('',#4042);
#4045=CARTESIAN_POINT('',(-6.5675E0,-6.175E-1,-6.4675E0));
#4046=CARTESIAN_POINT('',(-6.5675E0,3.175E-1,-5.5325E0));
#4047=VERTEX_POINT('',#4045);
#4048=VERTEX_POINT('',#4046);
#4049=CARTESIAN_POINT('',(-5.9325E0,-3.175E-1,-5.5325E0));
#4050=CARTESIAN_POINT('',(-5.9325E0,-6.175E-1,-5.8325E0));
#4051=VERTEX_POINT('',#4049);
#4052=VERTEX_POINT('',#4050);
#4053=CARTESIAN_POINT('',(-5.9325E0,-6.175E-1,-6.4675E0));
#4054=CARTESIAN_POINT('',(-5.9325E0,3.175E-1,-5.5325E0));
#4055=VERTEX_POINT('',#4053);
#4056=VERTEX_POINT('',#4054);
#4057=CARTESIAN_POINT('',(-6.5675E0,-3.175E-1,-4.23E0));
#4058=CARTESIAN_POINT('',(-6.5675E0,3.175E-1,-4.23E0));
#4059=VERTEX_POINT('',#4057);
#4060=VERTEX_POINT('',#4058);
#4061=CARTESIAN_POINT('',(-5.9325E0,-3.175E-1,-4.23E0));
#4062=CARTESIAN_POINT('',(-5.9325E0,3.175E-1,-4.23E0));
#4063=VERTEX_POINT('',#4061);
#4064=VERTEX_POINT('',#4062);
#4065=CARTESIAN_POINT('',(-6.5675E0,-3.175E-1,-1.77E0));
#4066=CARTESIAN_POINT('',(-6.5675E0,3.175E-1,-1.77E0));
#4067=VERTEX_POINT('',#4065);
#4068=VERTEX_POINT('',#4066);
#4069=CARTESIAN_POINT('',(-5.9325E0,-3.175E-1,-1.77E0));
#4070=CARTESIAN_POINT('',(-5.9325E0,3.175E-1,-1.77E0));
#4071=VERTEX_POINT('',#4069);
#4072=VERTEX_POINT('',#4070);
#4073=CARTESIAN_POINT('',(-9.0675E0,-3.175E-1,-5.5325E0));
#4074=CARTESIAN_POINT('',(-9.0675E0,-6.175E-1,-5.8325E0));
#4075=VERTEX_POINT('',#4073);
#4076=VERTEX_POINT('',#4074);
#4077=CARTESIAN_POINT('',(-9.0675E0,-6.175E-1,-6.4675E0));
#4078=CARTESIAN_POINT('',(-9.0675E0,3.175E-1,-5.5325E0));
#4079=VERTEX_POINT('',#4077);
#4080=VERTEX_POINT('',#4078);
#4081=CARTESIAN_POINT('',(-8.4325E0,-3.175E-1,-5.5325E0));
#4082=CARTESIAN_POINT('',(-8.4325E0,-6.175E-1,-5.8325E0));
#4083=VERTEX_POINT('',#4081);
#4084=VERTEX_POINT('',#4082);
#4085=CARTESIAN_POINT('',(-8.4325E0,-6.175E-1,-6.4675E0));
#4086=CARTESIAN_POINT('',(-8.4325E0,3.175E-1,-5.5325E0));
#4087=VERTEX_POINT('',#4085);
#4088=VERTEX_POINT('',#4086);
#4089=CARTESIAN_POINT('',(-9.0675E0,-3.175E-1,-4.23E0));
#4090=CARTESIAN_POINT('',(-9.0675E0,3.175E-1,-4.23E0));
#4091=VERTEX_POINT('',#4089);
#4092=VERTEX_POINT('',#4090);
#4093=CARTESIAN_POINT('',(-8.4325E0,-3.175E-1,-4.23E0));
#4094=CARTESIAN_POINT('',(-8.4325E0,3.175E-1,-4.23E0));
#4095=VERTEX_POINT('',#4093);
#4096=VERTEX_POINT('',#4094);
#4097=CARTESIAN_POINT('',(-9.0675E0,-3.175E-1,-1.77E0));
#4098=CARTESIAN_POINT('',(-9.0675E0,3.175E-1,-1.77E0));
#4099=VERTEX_POINT('',#4097);
#4100=VERTEX_POINT('',#4098);
#4101=CARTESIAN_POINT('',(-8.4325E0,-3.175E-1,-1.77E0));
#4102=CARTESIAN_POINT('',(-8.4325E0,3.175E-1,-1.77E0));
#4103=VERTEX_POINT('',#4101);
#4104=VERTEX_POINT('',#4102);
#4105=CARTESIAN_POINT('',(0.E0,-1.74E0,0.E0));
#4106=DIRECTION('',(0.E0,1.E0,0.E0));
#4107=DIRECTION('',(1.E0,0.E0,0.E0));
#4108=AXIS2_PLACEMENT_3D('',#4105,#4106,#4107);
#4109=PLANE('',#4108);
#4111=ORIENTED_EDGE('',*,*,#4110,.T.);
#4113=ORIENTED_EDGE('',*,*,#4112,.T.);
#4115=ORIENTED_EDGE('',*,*,#4114,.T.);
#4117=ORIENTED_EDGE('',*,*,#4116,.F.);
#4119=ORIENTED_EDGE('',*,*,#4118,.T.);
#4121=ORIENTED_EDGE('',*,*,#4120,.T.);
#4123=ORIENTED_EDGE('',*,*,#4122,.T.);
#4125=ORIENTED_EDGE('',*,*,#4124,.T.);
#4127=ORIENTED_EDGE('',*,*,#4126,.T.);
#4129=ORIENTED_EDGE('',*,*,#4128,.F.);
#4131=ORIENTED_EDGE('',*,*,#4130,.T.);
#4133=ORIENTED_EDGE('',*,*,#4132,.T.);
#4134=EDGE_LOOP('',(#4111,#4113,#4115,#4117,#4119,#4121,#4123,#4125,#4127,#4129,
#4131,#4133));
#4135=FACE_OUTER_BOUND('',#4134,.F.);
#4137=ORIENTED_EDGE('',*,*,#4136,.T.);
#4139=ORIENTED_EDGE('',*,*,#4138,.F.);
#4141=ORIENTED_EDGE('',*,*,#4140,.T.);
#4143=ORIENTED_EDGE('',*,*,#4142,.T.);
#4145=ORIENTED_EDGE('',*,*,#4144,.T.);
#4147=ORIENTED_EDGE('',*,*,#4146,.F.);
#4149=ORIENTED_EDGE('',*,*,#4148,.T.);
#4151=ORIENTED_EDGE('',*,*,#4150,.T.);
#4153=ORIENTED_EDGE('',*,*,#4152,.T.);
#4155=ORIENTED_EDGE('',*,*,#4154,.F.);
#4157=ORIENTED_EDGE('',*,*,#4156,.T.);
#4159=ORIENTED_EDGE('',*,*,#4158,.T.);
#4161=ORIENTED_EDGE('',*,*,#4160,.T.);
#4163=ORIENTED_EDGE('',*,*,#4162,.F.);
#4165=ORIENTED_EDGE('',*,*,#4164,.T.);
#4167=ORIENTED_EDGE('',*,*,#4166,.T.);
#4168=EDGE_LOOP('',(#4137,#4139,#4141,#4143,#4145,#4147,#4149,#4151,#4153,#4155,
#4157,#4159,#4161,#4163,#4165,#4167));
#4169=FACE_BOUND('',#4168,.F.);
#4171=ORIENTED_EDGE('',*,*,#4170,.T.);
#4173=ORIENTED_EDGE('',*,*,#4172,.T.);
#4175=ORIENTED_EDGE('',*,*,#4174,.F.);
#4177=ORIENTED_EDGE('',*,*,#4176,.T.);
#4179=ORIENTED_EDGE('',*,*,#4178,.T.);
#4181=ORIENTED_EDGE('',*,*,#4180,.T.);
#4183=ORIENTED_EDGE('',*,*,#4182,.F.);
#4185=ORIENTED_EDGE('',*,*,#4184,.T.);
#4187=ORIENTED_EDGE('',*,*,#4186,.T.);
#4189=ORIENTED_EDGE('',*,*,#4188,.T.);
#4191=ORIENTED_EDGE('',*,*,#4190,.F.);
#4193=ORIENTED_EDGE('',*,*,#4192,.T.);
#4195=ORIENTED_EDGE('',*,*,#4194,.T.);
#4197=ORIENTED_EDGE('',*,*,#4196,.T.);
#4199=ORIENTED_EDGE('',*,*,#4198,.F.);
#4201=ORIENTED_EDGE('',*,*,#4200,.T.);
#4202=EDGE_LOOP('',(#4171,#4173,#4175,#4177,#4179,#4181,#4183,#4185,#4187,#4189,
#4191,#4193,#4195,#4197,#4199,#4201));
#4203=FACE_BOUND('',#4202,.F.);
#4204=ADVANCED_FACE('',(#4135,#4169,#4203),#4109,.F.);
#4205=CARTESIAN_POINT('',(-1.047E1,-1.74E0,-4.23E0));
#4206=DIRECTION('',(-1.E0,0.E0,0.E0));
#4207=DIRECTION('',(0.E0,0.E0,1.E0));
#4208=AXIS2_PLACEMENT_3D('',#4205,#4206,#4207);
#4209=PLANE('',#4208);
#4210=ORIENTED_EDGE('',*,*,#4118,.F.);
#4212=ORIENTED_EDGE('',*,*,#4211,.T.);
#4214=ORIENTED_EDGE('',*,*,#4213,.T.);
#4216=ORIENTED_EDGE('',*,*,#4215,.F.);
#4217=ORIENTED_EDGE('',*,*,#4110,.F.);
#4219=ORIENTED_EDGE('',*,*,#4218,.T.);
#4221=ORIENTED_EDGE('',*,*,#4220,.T.);
#4223=ORIENTED_EDGE('',*,*,#4222,.F.);
#4224=EDGE_LOOP('',(#4210,#4212,#4214,#4216,#4217,#4219,#4221,#4223));
#4225=FACE_OUTER_BOUND('',#4224,.F.);
#4226=ADVANCED_FACE('',(#4225),#4209,.T.);
#4227=CARTESIAN_POINT('',(-9.87E0,-1.74E0,2.73E0));
#4228=DIRECTION('',(0.E0,0.E0,1.E0));
#4229=DIRECTION('',(-1.E0,0.E0,0.E0));
#4230=AXIS2_PLACEMENT_3D('',#4227,#4228,#4229);
#4231=PLANE('',#4230);
#4233=ORIENTED_EDGE('',*,*,#4232,.T.);
#4235=ORIENTED_EDGE('',*,*,#4234,.T.);
#4236=ORIENTED_EDGE('',*,*,#4211,.F.);
#4237=ORIENTED_EDGE('',*,*,#4116,.T.);
#4238=EDGE_LOOP('',(#4233,#4235,#4236,#4237));
#4239=FACE_OUTER_BOUND('',#4238,.F.);
#4240=ADVANCED_FACE('',(#4239),#4231,.T.);
#4241=CARTESIAN_POINT('',(-9.87E0,-1.74E0,-2.73E0));
#4242=DIRECTION('',(1.E0,0.E0,0.E0));
#4243=DIRECTION('',(0.E0,0.E0,1.E0));
#4244=AXIS2_PLACEMENT_3D('',#4241,#4242,#4243);
#4245=PLANE('',#4244);
#4247=ORIENTED_EDGE('',*,*,#4246,.T.);
#4249=ORIENTED_EDGE('',*,*,#4248,.T.);
#4250=ORIENTED_EDGE('',*,*,#4232,.F.);
#4251=ORIENTED_EDGE('',*,*,#4114,.F.);
#4252=EDGE_LOOP('',(#4247,#4249,#4250,#4251));
#4253=FACE_OUTER_BOUND('',#4252,.F.);
#4254=ADVANCED_FACE('',(#4253),#4245,.T.);
#4255=CARTESIAN_POINT('',(-1.047E1,-1.74E0,-2.73E0));
#4256=DIRECTION('',(0.E0,0.E0,-1.E0));
#4257=DIRECTION('',(1.E0,0.E0,0.E0));
#4258=AXIS2_PLACEMENT_3D('',#4255,#4256,#4257);
#4259=PLANE('',#4258);
#4260=ORIENTED_EDGE('',*,*,#4215,.T.);
#4262=ORIENTED_EDGE('',*,*,#4261,.T.);
#4263=ORIENTED_EDGE('',*,*,#4246,.F.);
#4264=ORIENTED_EDGE('',*,*,#4112,.F.);
#4265=EDGE_LOOP('',(#4260,#4262,#4263,#4264));
#4266=FACE_OUTER_BOUND('',#4265,.F.);
#4267=ADVANCED_FACE('',(#4266),#4259,.T.);
#4268=CARTESIAN_POINT('',(0.E0,-2.04E0,0.E0));
#4269=DIRECTION('',(0.E0,-1.E0,0.E0));
#4270=DIRECTION('',(-1.E0,0.E0,0.E0));
#4271=AXIS2_PLACEMENT_3D('',#4268,#4269,#4270);
#4272=PLANE('',#4271);
#4274=ORIENTED_EDGE('',*,*,#4273,.F.);
#4276=ORIENTED_EDGE('',*,*,#4275,.F.);
#4278=ORIENTED_EDGE('',*,*,#4277,.F.);
#4280=ORIENTED_EDGE('',*,*,#4279,.F.);
#4281=EDGE_LOOP('',(#4274,#4276,#4278,#4280));
#4282=FACE_OUTER_BOUND('',#4281,.F.);
#4283=ADVANCED_FACE('',(#4282),#4272,.T.);
#4284=CARTESIAN_POINT('',(0.E0,-2.04E0,0.E0));
#4285=DIRECTION('',(0.E0,-1.E0,0.E0));
#4286=DIRECTION('',(-1.E0,0.E0,0.E0));
#4287=AXIS2_PLACEMENT_3D('',#4284,#4285,#4286);
#4288=PLANE('',#4287);
#4289=ORIENTED_EDGE('',*,*,#4261,.F.);
#4290=ORIENTED_EDGE('',*,*,#4213,.F.);
#4291=ORIENTED_EDGE('',*,*,#4234,.F.);
#4292=ORIENTED_EDGE('',*,*,#4248,.F.);
#4293=EDGE_LOOP('',(#4289,#4290,#4291,#4292));
#4294=FACE_OUTER_BOUND('',#4293,.F.);
#4295=ADVANCED_FACE('',(#4294),#4288,.T.);
#4296=CARTESIAN_POINT('',(1.047E1,-1.74E0,4.23E0));
#4297=DIRECTION('',(1.E0,0.E0,0.E0));
#4298=DIRECTION('',(0.E0,0.E0,-1.E0));
#4299=AXIS2_PLACEMENT_3D('',#4296,#4297,#4298);
#4300=PLANE('',#4299);
#4301=ORIENTED_EDGE('',*,*,#4130,.F.);
#4303=ORIENTED_EDGE('',*,*,#4302,.T.);
#4304=ORIENTED_EDGE('',*,*,#4273,.T.);
#4306=ORIENTED_EDGE('',*,*,#4305,.F.);
#4307=ORIENTED_EDGE('',*,*,#4122,.F.);
#4309=ORIENTED_EDGE('',*,*,#4308,.T.);
#4311=ORIENTED_EDGE('',*,*,#4310,.T.);
#4313=ORIENTED_EDGE('',*,*,#4312,.F.);
#4314=EDGE_LOOP('',(#4301,#4303,#4304,#4306,#4307,#4309,#4311,#4313));
#4315=FACE_OUTER_BOUND('',#4314,.F.);
#4316=ADVANCED_FACE('',(#4315),#4300,.T.);
#4317=CARTESIAN_POINT('',(9.87E0,-1.74E0,-2.73E0));
#4318=DIRECTION('',(0.E0,0.E0,-1.E0));
#4319=DIRECTION('',(1.E0,0.E0,0.E0));
#4320=AXIS2_PLACEMENT_3D('',#4317,#4318,#4319);
#4321=PLANE('',#4320);
#4322=ORIENTED_EDGE('',*,*,#4302,.F.);
#4323=ORIENTED_EDGE('',*,*,#4128,.T.);
#4325=ORIENTED_EDGE('',*,*,#4324,.T.);
#4326=ORIENTED_EDGE('',*,*,#4275,.T.);
#4327=EDGE_LOOP('',(#4322,#4323,#4325,#4326));
#4328=FACE_OUTER_BOUND('',#4327,.F.);
#4329=ADVANCED_FACE('',(#4328),#4321,.T.);
#4330=CARTESIAN_POINT('',(9.87E0,-1.74E0,2.73E0));
#4331=DIRECTION('',(-1.E0,0.E0,0.E0));
#4332=DIRECTION('',(0.E0,0.E0,-1.E0));
#4333=AXIS2_PLACEMENT_3D('',#4330,#4331,#4332);
#4334=PLANE('',#4333);
#4336=ORIENTED_EDGE('',*,*,#4335,.T.);
#4337=ORIENTED_EDGE('',*,*,#4277,.T.);
#4338=ORIENTED_EDGE('',*,*,#4324,.F.);
#4339=ORIENTED_EDGE('',*,*,#4126,.F.);
#4340=EDGE_LOOP('',(#4336,#4337,#4338,#4339));
#4341=FACE_OUTER_BOUND('',#4340,.F.);
#4342=ADVANCED_FACE('',(#4341),#4334,.T.);
#4343=CARTESIAN_POINT('',(1.047E1,-1.74E0,2.73E0));
#4344=DIRECTION('',(0.E0,0.E0,1.E0));
#4345=DIRECTION('',(-1.E0,0.E0,0.E0));
#4346=AXIS2_PLACEMENT_3D('',#4343,#4344,#4345);
#4347=PLANE('',#4346);
#4348=ORIENTED_EDGE('',*,*,#4305,.T.);
#4349=ORIENTED_EDGE('',*,*,#4279,.T.);
#4350=ORIENTED_EDGE('',*,*,#4335,.F.);
#4351=ORIENTED_EDGE('',*,*,#4124,.F.);
#4352=EDGE_LOOP('',(#4348,#4349,#4350,#4351));
#4353=FACE_OUTER_BOUND('',#4352,.F.);
#4354=ADVANCED_FACE('',(#4353),#4347,.T.);
#4355=CARTESIAN_POINT('',(-1.047E1,-1.74E0,4.23E0));
#4356=DIRECTION('',(0.E0,0.E0,1.E0));
#4357=DIRECTION('',(1.E0,0.E0,0.E0));
#4358=AXIS2_PLACEMENT_3D('',#4355,#4356,#4357);
#4359=PLANE('',#4358);
#4361=ORIENTED_EDGE('',*,*,#4360,.T.);
#4363=ORIENTED_EDGE('',*,*,#4362,.T.);
#4365=ORIENTED_EDGE('',*,*,#4364,.T.);
#4367=ORIENTED_EDGE('',*,*,#4366,.T.);
#4369=ORIENTED_EDGE('',*,*,#4368,.T.);
#4371=ORIENTED_EDGE('',*,*,#4370,.T.);
#4373=ORIENTED_EDGE('',*,*,#4372,.T.);
#4375=ORIENTED_EDGE('',*,*,#4374,.T.);
#4377=ORIENTED_EDGE('',*,*,#4376,.T.);
#4379=ORIENTED_EDGE('',*,*,#4378,.T.);
#4381=ORIENTED_EDGE('',*,*,#4380,.T.);
#4383=ORIENTED_EDGE('',*,*,#4382,.T.);
#4385=ORIENTED_EDGE('',*,*,#4384,.T.);
#4387=ORIENTED_EDGE('',*,*,#4386,.T.);
#4389=ORIENTED_EDGE('',*,*,#4388,.F.);
#4391=ORIENTED_EDGE('',*,*,#4390,.T.);
#4393=ORIENTED_EDGE('',*,*,#4392,.T.);
#4395=ORIENTED_EDGE('',*,*,#4394,.T.);
#4396=ORIENTED_EDGE('',*,*,#4308,.F.);
#4397=ORIENTED_EDGE('',*,*,#4120,.F.);
#4398=ORIENTED_EDGE('',*,*,#4222,.T.);
#4400=ORIENTED_EDGE('',*,*,#4399,.T.);
#4402=ORIENTED_EDGE('',*,*,#4401,.F.);
#4404=ORIENTED_EDGE('',*,*,#4403,.T.);
#4405=EDGE_LOOP('',(#4361,#4363,#4365,#4367,#4369,#4371,#4373,#4375,#4377,#4379,
#4381,#4383,#4385,#4387,#4389,#4391,#4393,#4395,#4396,#4397,#4398,#4400,#4402,
#4404));
#4406=FACE_OUTER_BOUND('',#4405,.F.);
#4408=ORIENTED_EDGE('',*,*,#4407,.T.);
#4410=ORIENTED_EDGE('',*,*,#4409,.T.);
#4412=ORIENTED_EDGE('',*,*,#4411,.T.);
#4414=ORIENTED_EDGE('',*,*,#4413,.T.);
#4415=EDGE_LOOP('',(#4408,#4410,#4412,#4414));
#4416=FACE_BOUND('',#4415,.F.);
#4418=ORIENTED_EDGE('',*,*,#4417,.T.);
#4420=ORIENTED_EDGE('',*,*,#4419,.T.);
#4422=ORIENTED_EDGE('',*,*,#4421,.T.);
#4424=ORIENTED_EDGE('',*,*,#4423,.T.);
#4425=EDGE_LOOP('',(#4418,#4420,#4422,#4424));
#4426=FACE_BOUND('',#4425,.F.);
#4428=ORIENTED_EDGE('',*,*,#4427,.T.);
#4430=ORIENTED_EDGE('',*,*,#4429,.T.);
#4432=ORIENTED_EDGE('',*,*,#4431,.T.);
#4434=ORIENTED_EDGE('',*,*,#4433,.T.);
#4435=EDGE_LOOP('',(#4428,#4430,#4432,#4434));
#4436=FACE_BOUND('',#4435,.F.);
#4438=ORIENTED_EDGE('',*,*,#4437,.F.);
#4440=ORIENTED_EDGE('',*,*,#4439,.T.);
#4442=ORIENTED_EDGE('',*,*,#4441,.T.);
#4444=ORIENTED_EDGE('',*,*,#4443,.T.);
#4446=ORIENTED_EDGE('',*,*,#4445,.F.);
#4448=ORIENTED_EDGE('',*,*,#4447,.T.);
#4450=ORIENTED_EDGE('',*,*,#4449,.T.);
#4452=ORIENTED_EDGE('',*,*,#4451,.T.);
#4453=EDGE_LOOP('',(#4438,#4440,#4442,#4444,#4446,#4448,#4450,#4452));
#4454=FACE_BOUND('',#4453,.F.);
#4456=ORIENTED_EDGE('',*,*,#4455,.T.);
#4458=ORIENTED_EDGE('',*,*,#4457,.T.);
#4460=ORIENTED_EDGE('',*,*,#4459,.T.);
#4462=ORIENTED_EDGE('',*,*,#4461,.T.);
#4463=EDGE_LOOP('',(#4456,#4458,#4460,#4462));
#4464=FACE_BOUND('',#4463,.F.);
#4465=ADVANCED_FACE('',(#4406,#4416,#4426,#4436,#4454,#4464),#4359,.T.);
#4466=CARTESIAN_POINT('',(2.64E0,1.095E0,4.23E0));
#4467=DIRECTION('',(-1.E0,0.E0,0.E0));
#4468=DIRECTION('',(0.E0,-1.E0,0.E0));
#4469=AXIS2_PLACEMENT_3D('',#4466,#4467,#4468);
#4470=PLANE('',#4469);
#4471=ORIENTED_EDGE('',*,*,#4455,.F.);
#4473=ORIENTED_EDGE('',*,*,#4472,.T.);
#4475=ORIENTED_EDGE('',*,*,#4474,.T.);
#4477=ORIENTED_EDGE('',*,*,#4476,.F.);
#4478=EDGE_LOOP('',(#4471,#4473,#4475,#4477));
#4479=FACE_OUTER_BOUND('',#4478,.F.);
#4480=ADVANCED_FACE('',(#4479),#4470,.F.);
#4481=CARTESIAN_POINT('',(4.86E0,1.095E0,4.23E0));
#4482=DIRECTION('',(0.E0,1.E0,0.E0));
#4483=DIRECTION('',(-1.E0,0.E0,0.E0));
#4484=AXIS2_PLACEMENT_3D('',#4481,#4482,#4483);
#4485=PLANE('',#4484);
#4486=ORIENTED_EDGE('',*,*,#4461,.F.);
#4488=ORIENTED_EDGE('',*,*,#4487,.T.);
#4490=ORIENTED_EDGE('',*,*,#4489,.T.);
#4491=ORIENTED_EDGE('',*,*,#4472,.F.);
#4492=EDGE_LOOP('',(#4486,#4488,#4490,#4491));
#4493=FACE_OUTER_BOUND('',#4492,.F.);
#4494=ADVANCED_FACE('',(#4493),#4485,.F.);
#4495=CARTESIAN_POINT('',(4.86E0,-1.095E0,4.23E0));
#4496=DIRECTION('',(1.E0,0.E0,0.E0));
#4497=DIRECTION('',(0.E0,1.E0,0.E0));
#4498=AXIS2_PLACEMENT_3D('',#4495,#4496,#4497);
#4499=PLANE('',#4498);
#4500=ORIENTED_EDGE('',*,*,#4459,.F.);
#4502=ORIENTED_EDGE('',*,*,#4501,.T.);
#4504=ORIENTED_EDGE('',*,*,#4503,.T.);
#4505=ORIENTED_EDGE('',*,*,#4487,.F.);
#4506=EDGE_LOOP('',(#4500,#4502,#4504,#4505));
#4507=FACE_OUTER_BOUND('',#4506,.F.);
#4508=ADVANCED_FACE('',(#4507),#4499,.F.);
#4509=CARTESIAN_POINT('',(2.64E0,-1.095E0,4.23E0));
#4510=DIRECTION('',(0.E0,-1.E0,0.E0));
#4511=DIRECTION('',(1.E0,0.E0,0.E0));
#4512=AXIS2_PLACEMENT_3D('',#4509,#4510,#4511);
#4513=PLANE('',#4512);
#4514=ORIENTED_EDGE('',*,*,#4457,.F.);
#4515=ORIENTED_EDGE('',*,*,#4476,.T.);
#4517=ORIENTED_EDGE('',*,*,#4516,.T.);
#4518=ORIENTED_EDGE('',*,*,#4501,.F.);
#4519=EDGE_LOOP('',(#4514,#4515,#4517,#4518));
#4520=FACE_OUTER_BOUND('',#4519,.F.);
#4521=ADVANCED_FACE('',(#4520),#4513,.F.);
#4522=CARTESIAN_POINT('',(0.E0,-1.74E0,-1.77E0));
#4523=DIRECTION('',(0.E0,0.E0,1.E0));
#4524=DIRECTION('',(1.E0,0.E0,0.E0));
#4525=AXIS2_PLACEMENT_3D('',#4522,#4523,#4524);
#4526=PLANE('',#4525);
#4527=ORIENTED_EDGE('',*,*,#4474,.F.);
#4528=ORIENTED_EDGE('',*,*,#4489,.F.);
#4529=ORIENTED_EDGE('',*,*,#4503,.F.);
#4530=ORIENTED_EDGE('',*,*,#4516,.F.);
#4531=EDGE_LOOP('',(#4527,#4528,#4529,#4530));
#4532=FACE_OUTER_BOUND('',#4531,.F.);
#4534=ORIENTED_EDGE('',*,*,#4533,.F.);
#4536=ORIENTED_EDGE('',*,*,#4535,.T.);
#4538=ORIENTED_EDGE('',*,*,#4537,.T.);
#4540=ORIENTED_EDGE('',*,*,#4539,.F.);
#4541=EDGE_LOOP('',(#4534,#4536,#4538,#4540));
#4542=FACE_BOUND('',#4541,.F.);
#4543=ADVANCED_FACE('',(#4532,#4542),#4526,.T.);
#4544=CARTESIAN_POINT('',(3.4325E0,-1.74E0,0.E0));
#4545=DIRECTION('',(1.E0,0.E0,0.E0));
#4546=DIRECTION('',(0.E0,0.E0,-1.E0));
#4547=AXIS2_PLACEMENT_3D('',#4544,#4545,#4546);
#4548=PLANE('',#4547);
#4550=ORIENTED_EDGE('',*,*,#4549,.F.);
#4552=ORIENTED_EDGE('',*,*,#4551,.T.);
#4554=ORIENTED_EDGE('',*,*,#4553,.T.);
#4556=ORIENTED_EDGE('',*,*,#4555,.T.);
#4558=ORIENTED_EDGE('',*,*,#4557,.F.);
#4560=ORIENTED_EDGE('',*,*,#4559,.T.);
#4562=ORIENTED_EDGE('',*,*,#4561,.T.);
#4564=ORIENTED_EDGE('',*,*,#4563,.T.);
#4565=EDGE_LOOP('',(#4550,#4552,#4554,#4556,#4558,#4560,#4562,#4564));
#4566=FACE_OUTER_BOUND('',#4565,.F.);
#4567=ADVANCED_FACE('',(#4566),#4548,.F.);
#4568=CARTESIAN_POINT('',(3.4325E0,-1.74E0,0.E0));
#4569=DIRECTION('',(1.E0,0.E0,0.E0));
#4570=DIRECTION('',(0.E0,0.E0,-1.E0));
#4571=AXIS2_PLACEMENT_3D('',#4568,#4569,#4570);
#4572=PLANE('',#4571);
#4574=ORIENTED_EDGE('',*,*,#4573,.F.);
#4576=ORIENTED_EDGE('',*,*,#4575,.T.);
#4577=ORIENTED_EDGE('',*,*,#4533,.T.);
#4579=ORIENTED_EDGE('',*,*,#4578,.T.);
#4580=EDGE_LOOP('',(#4574,#4576,#4577,#4579));
#4581=FACE_OUTER_BOUND('',#4580,.F.);
#4582=ADVANCED_FACE('',(#4581),#4572,.F.);
#4583=CARTESIAN_POINT('',(3.5075E0,-4.965E0,-6.15E0));
#4584=DIRECTION('',(-9.647638212377E-1,-2.631174057921E-1,0.E0));
#4585=DIRECTION('',(2.631174057921E-1,-9.647638212377E-1,0.E0));
#4586=AXIS2_PLACEMENT_3D('',#4583,#4584,#4585);
#4587=PLANE('',#4586);
#4589=ORIENTED_EDGE('',*,*,#4588,.F.);
#4591=ORIENTED_EDGE('',*,*,#4590,.F.);
#4593=ORIENTED_EDGE('',*,*,#4592,.T.);
#4594=ORIENTED_EDGE('',*,*,#4549,.T.);
#4595=EDGE_LOOP('',(#4589,#4591,#4593,#4594));
#4596=FACE_OUTER_BOUND('',#4595,.F.);
#4597=ADVANCED_FACE('',(#4596),#4587,.T.);
#4598=CARTESIAN_POINT('',(3.75E0,-4.965E0,-5.9075E0));
#4599=DIRECTION('',(0.E0,-2.631174057921E-1,9.647638212377E-1));
#4600=DIRECTION('',(0.E0,9.647638212377E-1,2.631174057921E-1));
#4601=AXIS2_PLACEMENT_3D('',#4598,#4599,#4600);
#4602=PLANE('',#4601);
#4603=ORIENTED_EDGE('',*,*,#4588,.T.);
#4605=ORIENTED_EDGE('',*,*,#4604,.F.);
#4607=ORIENTED_EDGE('',*,*,#4606,.F.);
#4609=ORIENTED_EDGE('',*,*,#4608,.T.);
#4610=EDGE_LOOP('',(#4603,#4605,#4607,#4609));
#4611=FACE_OUTER_BOUND('',#4610,.F.);
#4612=ADVANCED_FACE('',(#4611),#4602,.T.);
#4613=CARTESIAN_POINT('',(3.4325E0,-6.175E-1,-5.8325E0));
#4614=DIRECTION('',(0.E0,0.E0,1.E0));
#4615=DIRECTION('',(0.E0,-1.E0,0.E0));
#4616=AXIS2_PLACEMENT_3D('',#4613,#4614,#4615);
#4617=PLANE('',#4616);
#4618=ORIENTED_EDGE('',*,*,#4604,.T.);
#4619=ORIENTED_EDGE('',*,*,#4563,.F.);
#4621=ORIENTED_EDGE('',*,*,#4620,.T.);
#4623=ORIENTED_EDGE('',*,*,#4622,.T.);
#4624=EDGE_LOOP('',(#4618,#4619,#4621,#4623));
#4625=FACE_OUTER_BOUND('',#4624,.F.);
#4626=ADVANCED_FACE('',(#4625),#4617,.T.);
#4627=CARTESIAN_POINT('',(3.4325E0,-6.175E-1,-5.5325E0));
#4628=DIRECTION('',(1.E0,0.E0,0.E0));
#4629=DIRECTION('',(0.E0,0.E0,-1.E0));
#4630=AXIS2_PLACEMENT_3D('',#4627,#4628,#4629);
#4631=CYLINDRICAL_SURFACE('',#4630,3.E-1);
#4632=ORIENTED_EDGE('',*,*,#4561,.F.);
#4634=ORIENTED_EDGE('',*,*,#4633,.T.);
#4636=ORIENTED_EDGE('',*,*,#4635,.T.);
#4637=ORIENTED_EDGE('',*,*,#4620,.F.);
#4638=EDGE_LOOP('',(#4632,#4634,#4636,#4637));
#4639=FACE_OUTER_BOUND('',#4638,.F.);
#4640=ADVANCED_FACE('',(#4639),#4631,.F.);
#4641=CARTESIAN_POINT('',(3.4325E0,-3.175E-1,2.8E0));
#4642=DIRECTION('',(0.E0,-1.E0,0.E0));
#4643=DIRECTION('',(0.E0,0.E0,-1.E0));
#4644=AXIS2_PLACEMENT_3D('',#4641,#4642,#4643);
#4645=PLANE('',#4644);
#4647=ORIENTED_EDGE('',*,*,#4646,.T.);
#4649=ORIENTED_EDGE('',*,*,#4648,.T.);
#4650=ORIENTED_EDGE('',*,*,#4633,.F.);
#4651=ORIENTED_EDGE('',*,*,#4559,.F.);
#4652=EDGE_LOOP('',(#4647,#4649,#4650,#4651));
#4653=FACE_OUTER_BOUND('',#4652,.F.);
#4654=ADVANCED_FACE('',(#4653),#4645,.T.);
#4655=CARTESIAN_POINT('',(3.4325E0,-3.175E-1,2.8E0));
#4656=DIRECTION('',(0.E0,-1.E0,0.E0));
#4657=DIRECTION('',(0.E0,0.E0,-1.E0));
#4658=AXIS2_PLACEMENT_3D('',#4655,#4656,#4657);
#4659=PLANE('',#4658);
#4661=ORIENTED_EDGE('',*,*,#4660,.F.);
#4663=ORIENTED_EDGE('',*,*,#4662,.T.);
#4664=ORIENTED_EDGE('',*,*,#4535,.F.);
#4665=ORIENTED_EDGE('',*,*,#4575,.F.);
#4666=EDGE_LOOP('',(#4661,#4663,#4664,#4665));
#4667=FACE_OUTER_BOUND('',#4666,.F.);
#4668=ADVANCED_FACE('',(#4667),#4659,.T.);
#4669=CARTESIAN_POINT('',(1.047E1,-1.74E0,-4.23E0));
#4670=DIRECTION('',(0.E0,0.E0,-1.E0));
#4671=DIRECTION('',(-1.E0,0.E0,0.E0));
#4672=AXIS2_PLACEMENT_3D('',#4669,#4670,#4671);
#4673=PLANE('',#4672);
#4674=ORIENTED_EDGE('',*,*,#4132,.F.);
#4675=ORIENTED_EDGE('',*,*,#4312,.T.);
#4677=ORIENTED_EDGE('',*,*,#4676,.T.);
#4678=ORIENTED_EDGE('',*,*,#4218,.F.);
#4679=EDGE_LOOP('',(#4674,#4675,#4677,#4678));
#4680=FACE_OUTER_BOUND('',#4679,.F.);
#4682=ORIENTED_EDGE('',*,*,#4681,.T.);
#4684=ORIENTED_EDGE('',*,*,#4683,.T.);
#4686=ORIENTED_EDGE('',*,*,#4685,.F.);
#4688=ORIENTED_EDGE('',*,*,#4687,.F.);
#4689=EDGE_LOOP('',(#4682,#4684,#4686,#4688));
#4690=FACE_BOUND('',#4689,.F.);
#4692=ORIENTED_EDGE('',*,*,#4691,.T.);
#4694=ORIENTED_EDGE('',*,*,#4693,.T.);
#4696=ORIENTED_EDGE('',*,*,#4695,.F.);
#4698=ORIENTED_EDGE('',*,*,#4697,.F.);
#4699=EDGE_LOOP('',(#4692,#4694,#4696,#4698));
#4700=FACE_BOUND('',#4699,.F.);
#4701=ORIENTED_EDGE('',*,*,#4557,.T.);
#4703=ORIENTED_EDGE('',*,*,#4702,.T.);
#4705=ORIENTED_EDGE('',*,*,#4704,.F.);
#4706=ORIENTED_EDGE('',*,*,#4646,.F.);
#4707=EDGE_LOOP('',(#4701,#4703,#4705,#4706));
#4708=FACE_BOUND('',#4707,.F.);
#4710=ORIENTED_EDGE('',*,*,#4709,.T.);
#4712=ORIENTED_EDGE('',*,*,#4711,.T.);
#4714=ORIENTED_EDGE('',*,*,#4713,.F.);
#4716=ORIENTED_EDGE('',*,*,#4715,.F.);
#4717=EDGE_LOOP('',(#4710,#4712,#4714,#4716));
#4718=FACE_BOUND('',#4717,.F.);
#4720=ORIENTED_EDGE('',*,*,#4719,.T.);
#4722=ORIENTED_EDGE('',*,*,#4721,.T.);
#4724=ORIENTED_EDGE('',*,*,#4723,.F.);
#4726=ORIENTED_EDGE('',*,*,#4725,.F.);
#4727=EDGE_LOOP('',(#4720,#4722,#4724,#4726));
#4728=FACE_BOUND('',#4727,.F.);
#4730=ORIENTED_EDGE('',*,*,#4729,.T.);
#4732=ORIENTED_EDGE('',*,*,#4731,.T.);
#4734=ORIENTED_EDGE('',*,*,#4733,.F.);
#4736=ORIENTED_EDGE('',*,*,#4735,.F.);
#4737=EDGE_LOOP('',(#4730,#4732,#4734,#4736));
#4738=FACE_BOUND('',#4737,.F.);
#4740=ORIENTED_EDGE('',*,*,#4739,.T.);
#4742=ORIENTED_EDGE('',*,*,#4741,.T.);
#4744=ORIENTED_EDGE('',*,*,#4743,.F.);
#4746=ORIENTED_EDGE('',*,*,#4745,.F.);
#4747=EDGE_LOOP('',(#4740,#4742,#4744,#4746));
#4748=FACE_BOUND('',#4747,.F.);
#4750=ORIENTED_EDGE('',*,*,#4749,.T.);
#4752=ORIENTED_EDGE('',*,*,#4751,.T.);
#4754=ORIENTED_EDGE('',*,*,#4753,.F.);
#4756=ORIENTED_EDGE('',*,*,#4755,.F.);
#4757=EDGE_LOOP('',(#4750,#4752,#4754,#4756));
#4758=FACE_BOUND('',#4757,.F.);
#4759=ADVANCED_FACE('',(#4680,#4690,#4700,#4708,#4718,#4728,#4738,#4748,#4758),
#4673,.T.);
#4760=CARTESIAN_POINT('',(0.E0,1.74E0,0.E0));
#4761=DIRECTION('',(0.E0,1.E0,0.E0));
#4762=DIRECTION('',(1.E0,0.E0,0.E0));
#4763=AXIS2_PLACEMENT_3D('',#4760,#4761,#4762);
#4764=PLANE('',#4763);
#4766=ORIENTED_EDGE('',*,*,#4765,.F.);
#4768=ORIENTED_EDGE('',*,*,#4767,.F.);
#4770=ORIENTED_EDGE('',*,*,#4769,.F.);
#4771=ORIENTED_EDGE('',*,*,#4399,.F.);
#4772=ORIENTED_EDGE('',*,*,#4220,.F.);
#4773=ORIENTED_EDGE('',*,*,#4676,.F.);
#4774=ORIENTED_EDGE('',*,*,#4310,.F.);
#4775=ORIENTED_EDGE('',*,*,#4394,.F.);
#4777=ORIENTED_EDGE('',*,*,#4776,.T.);
#4779=ORIENTED_EDGE('',*,*,#4778,.F.);
#4780=EDGE_LOOP('',(#4766,#4768,#4770,#4771,#4772,#4773,#4774,#4775,#4777,
#4779));
#4781=FACE_OUTER_BOUND('',#4780,.F.);
#4782=ADVANCED_FACE('',(#4781),#4764,.T.);
#4783=CARTESIAN_POINT('',(-2.6E0,1.74E0,-7.7E-1));
#4784=DIRECTION('',(0.E0,0.E0,-1.E0));
#4785=DIRECTION('',(0.E0,1.E0,0.E0));
#4786=AXIS2_PLACEMENT_3D('',#4783,#4784,#4785);
#4787=PLANE('',#4786);
#4789=ORIENTED_EDGE('',*,*,#4788,.T.);
#4791=ORIENTED_EDGE('',*,*,#4790,.F.);
#4793=ORIENTED_EDGE('',*,*,#4792,.F.);
#4795=ORIENTED_EDGE('',*,*,#4794,.T.);
#4796=ORIENTED_EDGE('',*,*,#4765,.T.);
#4798=ORIENTED_EDGE('',*,*,#4797,.T.);
#4800=ORIENTED_EDGE('',*,*,#4799,.F.);
#4802=ORIENTED_EDGE('',*,*,#4801,.T.);
#4803=EDGE_LOOP('',(#4789,#4791,#4793,#4795,#4796,#4798,#4800,#4802));
#4804=FACE_OUTER_BOUND('',#4803,.F.);
#4805=ADVANCED_FACE('',(#4804),#4787,.T.);
#4806=CARTESIAN_POINT('',(2.2E0,3.75E0,5.69E0));
#4807=DIRECTION('',(0.E0,1.E0,0.E0));
#4808=DIRECTION('',(-1.E0,0.E0,0.E0));
#4809=AXIS2_PLACEMENT_3D('',#4806,#4807,#4808);
#4810=PLANE('',#4809);
#4811=ORIENTED_EDGE('',*,*,#4788,.F.);
#4813=ORIENTED_EDGE('',*,*,#4812,.F.);
#4815=ORIENTED_EDGE('',*,*,#4814,.T.);
#4817=ORIENTED_EDGE('',*,*,#4816,.F.);
#4818=EDGE_LOOP('',(#4811,#4813,#4815,#4817));
#4819=FACE_OUTER_BOUND('',#4818,.F.);
#4820=ADVANCED_FACE('',(#4819),#4810,.T.);
#4821=CARTESIAN_POINT('',(1.15E0,4.6E0,4.09E0));
#4822=DIRECTION('',(1.E0,0.E0,0.E0));
#4823=DIRECTION('',(0.E0,0.E0,-1.E0));
#4824=AXIS2_PLACEMENT_3D('',#4821,#4822,#4823);
#4825=PLANE('',#4824);
#4826=ORIENTED_EDGE('',*,*,#4801,.F.);
#4828=ORIENTED_EDGE('',*,*,#4827,.T.);
#4830=ORIENTED_EDGE('',*,*,#4829,.T.);
#4832=ORIENTED_EDGE('',*,*,#4831,.T.);
#4834=ORIENTED_EDGE('',*,*,#4833,.F.);
#4835=ORIENTED_EDGE('',*,*,#4812,.T.);
#4836=EDGE_LOOP('',(#4826,#4828,#4830,#4832,#4834,#4835));
#4837=FACE_OUTER_BOUND('',#4836,.F.);
#4838=ADVANCED_FACE('',(#4837),#4825,.F.);
#4839=CARTESIAN_POINT('',(-2.6E0,4.35E0,-5.2E-1));
#4840=DIRECTION('',(1.E0,0.E0,0.E0));
#4841=DIRECTION('',(0.E0,0.E0,-1.E0));
#4842=AXIS2_PLACEMENT_3D('',#4839,#4840,#4841);
#4843=CYLINDRICAL_SURFACE('',#4842,2.5E-1);
#4845=ORIENTED_EDGE('',*,*,#4844,.T.);
#4847=ORIENTED_EDGE('',*,*,#4846,.F.);
#4849=ORIENTED_EDGE('',*,*,#4848,.T.);
#4850=ORIENTED_EDGE('',*,*,#4792,.T.);
#4851=EDGE_LOOP('',(#4845,#4847,#4849,#4850));
#4852=FACE_OUTER_BOUND('',#4851,.F.);
#4853=ADVANCED_FACE('',(#4852),#4843,.T.);
#4854=CARTESIAN_POINT('',(-2.6E0,4.35E0,-5.2E-1));
#4855=DIRECTION('',(1.E0,0.E0,0.E0));
#4856=DIRECTION('',(0.E0,0.E0,-1.E0));
#4857=AXIS2_PLACEMENT_3D('',#4854,#4855,#4856);
#4858=CYLINDRICAL_SURFACE('',#4857,2.5E-1);
#4859=ORIENTED_EDGE('',*,*,#4827,.F.);
#4860=ORIENTED_EDGE('',*,*,#4799,.T.);
#4862=ORIENTED_EDGE('',*,*,#4861,.T.);
#4864=ORIENTED_EDGE('',*,*,#4863,.F.);
#4865=EDGE_LOOP('',(#4859,#4860,#4862,#4864));
#4866=FACE_OUTER_BOUND('',#4865,.F.);
#4867=ADVANCED_FACE('',(#4866),#4858,.T.);
#4868=CARTESIAN_POINT('',(-1.15E0,4.6E0,-7.7E-1));
#4869=DIRECTION('',(-1.E0,0.E0,0.E0));
#4870=DIRECTION('',(0.E0,0.E0,1.E0));
#4871=AXIS2_PLACEMENT_3D('',#4868,#4869,#4870);
#4872=PLANE('',#4871);
#4873=ORIENTED_EDGE('',*,*,#4790,.T.);
#4874=ORIENTED_EDGE('',*,*,#4816,.T.);
#4876=ORIENTED_EDGE('',*,*,#4875,.T.);
#4878=ORIENTED_EDGE('',*,*,#4877,.F.);
#4880=ORIENTED_EDGE('',*,*,#4879,.F.);
#4881=ORIENTED_EDGE('',*,*,#4844,.F.);
#4882=EDGE_LOOP('',(#4873,#4874,#4876,#4878,#4880,#4881));
#4883=FACE_OUTER_BOUND('',#4882,.F.);
#4884=ADVANCED_FACE('',(#4883),#4872,.F.);
#4885=CARTESIAN_POINT('',(2.2E0,3.75E0,5.69E0));
#4886=DIRECTION('',(0.E0,1.E0,0.E0));
#4887=DIRECTION('',(-1.E0,0.E0,0.E0));
#4888=AXIS2_PLACEMENT_3D('',#4885,#4886,#4887);
#4889=PLANE('',#4888);
#4890=ORIENTED_EDGE('',*,*,#4875,.F.);
#4892=ORIENTED_EDGE('',*,*,#4891,.T.);
#4894=ORIENTED_EDGE('',*,*,#4893,.F.);
#4896=ORIENTED_EDGE('',*,*,#4895,.F.);
#4898=ORIENTED_EDGE('',*,*,#4897,.T.);
#4900=ORIENTED_EDGE('',*,*,#4899,.T.);
#4901=ORIENTED_EDGE('',*,*,#4833,.T.);
#4903=ORIENTED_EDGE('',*,*,#4902,.F.);
#4905=ORIENTED_EDGE('',*,*,#4904,.F.);
#4907=ORIENTED_EDGE('',*,*,#4906,.F.);
#4908=EDGE_LOOP('',(#4890,#4892,#4894,#4896,#4898,#4900,#4901,#4903,#4905,
#4907));
#4909=FACE_OUTER_BOUND('',#4908,.F.);
#4910=ADVANCED_FACE('',(#4909),#4889,.F.);
#4911=CARTESIAN_POINT('',(-2.6E0,0.E0,-3.1E-1));
#4912=DIRECTION('',(0.E0,0.E0,1.E0));
#4913=DIRECTION('',(1.E0,0.E0,0.E0));
#4914=AXIS2_PLACEMENT_3D('',#4911,#4912,#4913);
#4915=PLANE('',#4914);
#4916=ORIENTED_EDGE('',*,*,#4814,.F.);
#4917=ORIENTED_EDGE('',*,*,#4899,.F.);
#4919=ORIENTED_EDGE('',*,*,#4918,.F.);
#4921=ORIENTED_EDGE('',*,*,#4920,.F.);
#4923=ORIENTED_EDGE('',*,*,#4922,.F.);
#4925=ORIENTED_EDGE('',*,*,#4924,.F.);
#4927=ORIENTED_EDGE('',*,*,#4926,.F.);
#4929=ORIENTED_EDGE('',*,*,#4928,.T.);
#4931=ORIENTED_EDGE('',*,*,#4930,.F.);
#4932=ORIENTED_EDGE('',*,*,#4891,.F.);
#4933=EDGE_LOOP('',(#4916,#4917,#4919,#4921,#4923,#4925,#4927,#4929,#4931,
#4932));
#4934=FACE_OUTER_BOUND('',#4933,.F.);
#4935=ADVANCED_FACE('',(#4934),#4915,.T.);
#4936=CARTESIAN_POINT('',(2.2E0,1.095E0,5.69E0));
#4937=DIRECTION('',(1.E0,0.E0,0.E0));
#4938=DIRECTION('',(0.E0,1.E0,0.E0));
#4939=AXIS2_PLACEMENT_3D('',#4936,#4937,#4938);
#4940=PLANE('',#4939);
#4942=ORIENTED_EDGE('',*,*,#4941,.T.);
#4943=ORIENTED_EDGE('',*,*,#4388,.T.);
#4945=ORIENTED_EDGE('',*,*,#4944,.T.);
#4946=ORIENTED_EDGE('',*,*,#4918,.T.);
#4947=ORIENTED_EDGE('',*,*,#4897,.F.);
#4948=EDGE_LOOP('',(#4942,#4943,#4945,#4946,#4947));
#4949=FACE_OUTER_BOUND('',#4948,.F.);
#4950=ADVANCED_FACE('',(#4949),#4940,.F.);
#4951=CARTESIAN_POINT('',(-2.6E0,4.02E0,5.69E0));
#4952=DIRECTION('',(0.E0,-7.071067811865E-1,7.071067811865E-1));
#4953=DIRECTION('',(0.E0,-7.071067811865E-1,-7.071067811865E-1));
#4954=AXIS2_PLACEMENT_3D('',#4951,#4952,#4953);
#4955=PLANE('',#4954);
#4957=ORIENTED_EDGE('',*,*,#4956,.T.);
#4958=ORIENTED_EDGE('',*,*,#4403,.F.);
#4960=ORIENTED_EDGE('',*,*,#4959,.F.);
#4962=ORIENTED_EDGE('',*,*,#4961,.T.);
#4964=ORIENTED_EDGE('',*,*,#4963,.T.);
#4965=ORIENTED_EDGE('',*,*,#4390,.F.);
#4966=ORIENTED_EDGE('',*,*,#4941,.F.);
#4967=ORIENTED_EDGE('',*,*,#4895,.T.);
#4968=EDGE_LOOP('',(#4957,#4958,#4960,#4962,#4964,#4965,#4966,#4967));
#4969=FACE_OUTER_BOUND('',#4968,.F.);
#4970=ADVANCED_FACE('',(#4969),#4955,.T.);
#4971=CARTESIAN_POINT('',(-2.2E0,3.75E0,5.69E0));
#4972=DIRECTION('',(-1.E0,0.E0,0.E0));
#4973=DIRECTION('',(0.E0,-1.E0,0.E0));
#4974=AXIS2_PLACEMENT_3D('',#4971,#4972,#4973);
#4975=PLANE('',#4974);
#4976=ORIENTED_EDGE('',*,*,#4956,.F.);
#4977=ORIENTED_EDGE('',*,*,#4893,.T.);
#4978=ORIENTED_EDGE('',*,*,#4930,.T.);
#4980=ORIENTED_EDGE('',*,*,#4979,.F.);
#4981=ORIENTED_EDGE('',*,*,#4360,.F.);
#4982=EDGE_LOOP('',(#4976,#4977,#4978,#4980,#4981));
#4983=FACE_OUTER_BOUND('',#4982,.F.);
#4984=ADVANCED_FACE('',(#4983),#4975,.F.);
#4985=CARTESIAN_POINT('',(-1.4E-1,1.095E0,4.23E0));
#4986=DIRECTION('',(0.E0,1.E0,0.E0));
#4987=DIRECTION('',(-1.E0,0.E0,0.E0));
#4988=AXIS2_PLACEMENT_3D('',#4985,#4986,#4987);
#4989=PLANE('',#4988);
#4990=ORIENTED_EDGE('',*,*,#4928,.F.);
#4992=ORIENTED_EDGE('',*,*,#4991,.F.);
#4993=ORIENTED_EDGE('',*,*,#4370,.F.);
#4995=ORIENTED_EDGE('',*,*,#4994,.T.);
#4997=ORIENTED_EDGE('',*,*,#4996,.T.);
#4999=ORIENTED_EDGE('',*,*,#4998,.F.);
#5000=ORIENTED_EDGE('',*,*,#4362,.F.);
#5001=ORIENTED_EDGE('',*,*,#4979,.T.);
#5002=EDGE_LOOP('',(#4990,#4992,#4993,#4995,#4997,#4999,#5000,#5001));
#5003=FACE_OUTER_BOUND('',#5002,.F.);
#5004=ADVANCED_FACE('',(#5003),#4989,.F.);
#5005=CARTESIAN_POINT('',(-1.33E0,1.095E0,5.69E0));
#5006=DIRECTION('',(1.E0,0.E0,0.E0));
#5007=DIRECTION('',(0.E0,1.E0,0.E0));
#5008=AXIS2_PLACEMENT_3D('',#5005,#5006,#5007);
#5009=PLANE('',#5008);
#5010=ORIENTED_EDGE('',*,*,#4372,.F.);
#5011=ORIENTED_EDGE('',*,*,#4991,.T.);
#5012=ORIENTED_EDGE('',*,*,#4926,.T.);
#5014=ORIENTED_EDGE('',*,*,#5013,.F.);
#5015=EDGE_LOOP('',(#5010,#5011,#5012,#5014));
#5016=FACE_OUTER_BOUND('',#5015,.F.);
#5017=ADVANCED_FACE('',(#5016),#5009,.F.);
#5018=CARTESIAN_POINT('',(-1.33E0,1.37E0,5.69E0));
#5019=DIRECTION('',(0.E0,-1.E0,0.E0));
#5020=DIRECTION('',(1.E0,0.E0,0.E0));
#5021=AXIS2_PLACEMENT_3D('',#5018,#5019,#5020);
#5022=PLANE('',#5021);
#5023=ORIENTED_EDGE('',*,*,#4374,.F.);
#5024=ORIENTED_EDGE('',*,*,#5013,.T.);
#5025=ORIENTED_EDGE('',*,*,#4924,.T.);
#5027=ORIENTED_EDGE('',*,*,#5026,.F.);
#5028=EDGE_LOOP('',(#5023,#5024,#5025,#5027));
#5029=FACE_OUTER_BOUND('',#5028,.F.);
#5030=ADVANCED_FACE('',(#5029),#5022,.F.);
#5031=CARTESIAN_POINT('',(1.33E0,1.37E0,5.69E0));
#5032=DIRECTION('',(-1.E0,0.E0,0.E0));
#5033=DIRECTION('',(0.E0,-1.E0,0.E0));
#5034=AXIS2_PLACEMENT_3D('',#5031,#5032,#5033);
#5035=PLANE('',#5034);
#5036=ORIENTED_EDGE('',*,*,#4376,.F.);
#5037=ORIENTED_EDGE('',*,*,#5026,.T.);
#5038=ORIENTED_EDGE('',*,*,#4922,.T.);
#5040=ORIENTED_EDGE('',*,*,#5039,.F.);
#5041=EDGE_LOOP('',(#5036,#5037,#5038,#5040));
#5042=FACE_OUTER_BOUND('',#5041,.F.);
#5043=ADVANCED_FACE('',(#5042),#5035,.F.);
#5044=CARTESIAN_POINT('',(2.36E0,1.095E0,4.23E0));
#5045=DIRECTION('',(0.E0,1.E0,0.E0));
#5046=DIRECTION('',(-1.E0,0.E0,0.E0));
#5047=AXIS2_PLACEMENT_3D('',#5044,#5045,#5046);
#5048=PLANE('',#5047);
#5049=ORIENTED_EDGE('',*,*,#4920,.T.);
#5050=ORIENTED_EDGE('',*,*,#4944,.F.);
#5051=ORIENTED_EDGE('',*,*,#4386,.F.);
#5053=ORIENTED_EDGE('',*,*,#5052,.T.);
#5055=ORIENTED_EDGE('',*,*,#5054,.T.);
#5057=ORIENTED_EDGE('',*,*,#5056,.F.);
#5058=ORIENTED_EDGE('',*,*,#4378,.F.);
#5059=ORIENTED_EDGE('',*,*,#5039,.T.);
#5060=EDGE_LOOP('',(#5049,#5050,#5051,#5053,#5055,#5057,#5058,#5059));
#5061=FACE_OUTER_BOUND('',#5060,.F.);
#5062=ADVANCED_FACE('',(#5061),#5048,.F.);
#5063=CARTESIAN_POINT('',(2.36E0,-1.095E0,4.23E0));
#5064=DIRECTION('',(1.E0,0.E0,0.E0));
#5065=DIRECTION('',(0.E0,1.E0,0.E0));
#5066=AXIS2_PLACEMENT_3D('',#5063,#5064,#5065);
#5067=PLANE('',#5066);
#5068=ORIENTED_EDGE('',*,*,#4384,.F.);
#5070=ORIENTED_EDGE('',*,*,#5069,.T.);
#5072=ORIENTED_EDGE('',*,*,#5071,.T.);
#5073=ORIENTED_EDGE('',*,*,#5052,.F.);
#5074=EDGE_LOOP('',(#5068,#5070,#5072,#5073));
#5075=FACE_OUTER_BOUND('',#5074,.F.);
#5076=ADVANCED_FACE('',(#5075),#5067,.F.);
#5077=CARTESIAN_POINT('',(1.4E-1,-1.095E0,4.23E0));
#5078=DIRECTION('',(0.E0,-1.E0,0.E0));
#5079=DIRECTION('',(1.E0,0.E0,0.E0));
#5080=AXIS2_PLACEMENT_3D('',#5077,#5078,#5079);
#5081=PLANE('',#5080);
#5082=ORIENTED_EDGE('',*,*,#4382,.F.);
#5084=ORIENTED_EDGE('',*,*,#5083,.T.);
#5086=ORIENTED_EDGE('',*,*,#5085,.T.);
#5087=ORIENTED_EDGE('',*,*,#5069,.F.);
#5088=EDGE_LOOP('',(#5082,#5084,#5086,#5087));
#5089=FACE_OUTER_BOUND('',#5088,.F.);
#5090=ADVANCED_FACE('',(#5089),#5081,.F.);
#5091=CARTESIAN_POINT('',(1.4E-1,1.095E0,4.23E0));
#5092=DIRECTION('',(-1.E0,0.E0,0.E0));
#5093=DIRECTION('',(0.E0,-1.E0,0.E0));
#5094=AXIS2_PLACEMENT_3D('',#5091,#5092,#5093);
#5095=PLANE('',#5094);
#5096=ORIENTED_EDGE('',*,*,#4380,.F.);
#5097=ORIENTED_EDGE('',*,*,#5056,.T.);
#5099=ORIENTED_EDGE('',*,*,#5098,.T.);
#5100=ORIENTED_EDGE('',*,*,#5083,.F.);
#5101=EDGE_LOOP('',(#5096,#5097,#5099,#5100));
#5102=FACE_OUTER_BOUND('',#5101,.F.);
#5103=ADVANCED_FACE('',(#5102),#5095,.F.);
#5104=CARTESIAN_POINT('',(0.E0,-1.74E0,-1.77E0));
#5105=DIRECTION('',(0.E0,0.E0,1.E0));
#5106=DIRECTION('',(1.E0,0.E0,0.E0));
#5107=AXIS2_PLACEMENT_3D('',#5104,#5105,#5106);
#5108=PLANE('',#5107);
#5109=ORIENTED_EDGE('',*,*,#5098,.F.);
#5110=ORIENTED_EDGE('',*,*,#5054,.F.);
#5111=ORIENTED_EDGE('',*,*,#5071,.F.);
#5112=ORIENTED_EDGE('',*,*,#5085,.F.);
#5113=EDGE_LOOP('',(#5109,#5110,#5111,#5112));
#5114=FACE_OUTER_BOUND('',#5113,.F.);
#5116=ORIENTED_EDGE('',*,*,#5115,.F.);
#5118=ORIENTED_EDGE('',*,*,#5117,.T.);
#5120=ORIENTED_EDGE('',*,*,#5119,.T.);
#5122=ORIENTED_EDGE('',*,*,#5121,.F.);
#5123=EDGE_LOOP('',(#5116,#5118,#5120,#5122));
#5124=FACE_BOUND('',#5123,.F.);
#5125=ADVANCED_FACE('',(#5114,#5124),#5108,.T.);
#5126=CARTESIAN_POINT('',(9.325E-1,-1.74E0,0.E0));
#5127=DIRECTION('',(1.E0,0.E0,0.E0));
#5128=DIRECTION('',(0.E0,0.E0,-1.E0));
#5129=AXIS2_PLACEMENT_3D('',#5126,#5127,#5128);
#5130=PLANE('',#5129);
#5132=ORIENTED_EDGE('',*,*,#5131,.F.);
#5134=ORIENTED_EDGE('',*,*,#5133,.T.);
#5136=ORIENTED_EDGE('',*,*,#5135,.T.);
#5138=ORIENTED_EDGE('',*,*,#5137,.T.);
#5139=ORIENTED_EDGE('',*,*,#4709,.F.);
#5141=ORIENTED_EDGE('',*,*,#5140,.T.);
#5143=ORIENTED_EDGE('',*,*,#5142,.T.);
#5145=ORIENTED_EDGE('',*,*,#5144,.T.);
#5146=EDGE_LOOP('',(#5132,#5134,#5136,#5138,#5139,#5141,#5143,#5145));
#5147=FACE_OUTER_BOUND('',#5146,.F.);
#5148=ADVANCED_FACE('',(#5147),#5130,.F.);
#5149=CARTESIAN_POINT('',(9.325E-1,-1.74E0,0.E0));
#5150=DIRECTION('',(1.E0,0.E0,0.E0));
#5151=DIRECTION('',(0.E0,0.E0,-1.E0));
#5152=AXIS2_PLACEMENT_3D('',#5149,#5150,#5151);
#5153=PLANE('',#5152);
#5155=ORIENTED_EDGE('',*,*,#5154,.F.);
#5157=ORIENTED_EDGE('',*,*,#5156,.T.);
#5158=ORIENTED_EDGE('',*,*,#5115,.T.);
#5160=ORIENTED_EDGE('',*,*,#5159,.T.);
#5161=EDGE_LOOP('',(#5155,#5157,#5158,#5160));
#5162=FACE_OUTER_BOUND('',#5161,.F.);
#5163=ADVANCED_FACE('',(#5162),#5153,.F.);
#5164=CARTESIAN_POINT('',(1.0075E0,-4.965E0,-6.15E0));
#5165=DIRECTION('',(-9.647638212377E-1,-2.631174057921E-1,0.E0));
#5166=DIRECTION('',(2.631174057921E-1,-9.647638212377E-1,0.E0));
#5167=AXIS2_PLACEMENT_3D('',#5164,#5165,#5166);
#5168=PLANE('',#5167);
#5170=ORIENTED_EDGE('',*,*,#5169,.F.);
#5172=ORIENTED_EDGE('',*,*,#5171,.F.);
#5174=ORIENTED_EDGE('',*,*,#5173,.T.);
#5175=ORIENTED_EDGE('',*,*,#5131,.T.);
#5176=EDGE_LOOP('',(#5170,#5172,#5174,#5175));
#5177=FACE_OUTER_BOUND('',#5176,.F.);
#5178=ADVANCED_FACE('',(#5177),#5168,.T.);
#5179=CARTESIAN_POINT('',(1.25E0,-4.965E0,-5.9075E0));
#5180=DIRECTION('',(0.E0,-2.631174057921E-1,9.647638212377E-1));
#5181=DIRECTION('',(0.E0,9.647638212377E-1,2.631174057921E-1));
#5182=AXIS2_PLACEMENT_3D('',#5179,#5180,#5181);
#5183=PLANE('',#5182);
#5184=ORIENTED_EDGE('',*,*,#5169,.T.);
#5186=ORIENTED_EDGE('',*,*,#5185,.F.);
#5188=ORIENTED_EDGE('',*,*,#5187,.F.);
#5190=ORIENTED_EDGE('',*,*,#5189,.T.);
#5191=EDGE_LOOP('',(#5184,#5186,#5188,#5190));
#5192=FACE_OUTER_BOUND('',#5191,.F.);
#5193=ADVANCED_FACE('',(#5192),#5183,.T.);
#5194=CARTESIAN_POINT('',(9.325E-1,-6.175E-1,-5.8325E0));
#5195=DIRECTION('',(0.E0,0.E0,1.E0));
#5196=DIRECTION('',(0.E0,-1.E0,0.E0));
#5197=AXIS2_PLACEMENT_3D('',#5194,#5195,#5196);
#5198=PLANE('',#5197);
#5199=ORIENTED_EDGE('',*,*,#5185,.T.);
#5200=ORIENTED_EDGE('',*,*,#5144,.F.);
#5202=ORIENTED_EDGE('',*,*,#5201,.T.);
#5204=ORIENTED_EDGE('',*,*,#5203,.T.);
#5205=EDGE_LOOP('',(#5199,#5200,#5202,#5204));
#5206=FACE_OUTER_BOUND('',#5205,.F.);
#5207=ADVANCED_FACE('',(#5206),#5198,.T.);
#5208=CARTESIAN_POINT('',(9.325E-1,-6.175E-1,-5.5325E0));
#5209=DIRECTION('',(1.E0,0.E0,0.E0));
#5210=DIRECTION('',(0.E0,0.E0,-1.E0));
#5211=AXIS2_PLACEMENT_3D('',#5208,#5209,#5210);
#5212=CYLINDRICAL_SURFACE('',#5211,3.E-1);
#5213=ORIENTED_EDGE('',*,*,#5142,.F.);
#5215=ORIENTED_EDGE('',*,*,#5214,.T.);
#5217=ORIENTED_EDGE('',*,*,#5216,.T.);
#5218=ORIENTED_EDGE('',*,*,#5201,.F.);
#5219=EDGE_LOOP('',(#5213,#5215,#5217,#5218));
#5220=FACE_OUTER_BOUND('',#5219,.F.);
#5221=ADVANCED_FACE('',(#5220),#5212,.F.);
#5222=CARTESIAN_POINT('',(9.325E-1,-3.175E-1,2.8E0));
#5223=DIRECTION('',(0.E0,-1.E0,0.E0));
#5224=DIRECTION('',(0.E0,0.E0,-1.E0));
#5225=AXIS2_PLACEMENT_3D('',#5222,#5223,#5224);
#5226=PLANE('',#5225);
#5227=ORIENTED_EDGE('',*,*,#4715,.T.);
#5229=ORIENTED_EDGE('',*,*,#5228,.T.);
#5230=ORIENTED_EDGE('',*,*,#5214,.F.);
#5231=ORIENTED_EDGE('',*,*,#5140,.F.);
#5232=EDGE_LOOP('',(#5227,#5229,#5230,#5231));
#5233=FACE_OUTER_BOUND('',#5232,.F.);
#5234=ADVANCED_FACE('',(#5233),#5226,.T.);
#5235=CARTESIAN_POINT('',(9.325E-1,-3.175E-1,2.8E0));
#5236=DIRECTION('',(0.E0,-1.E0,0.E0));
#5237=DIRECTION('',(0.E0,0.E0,-1.E0));
#5238=AXIS2_PLACEMENT_3D('',#5235,#5236,#5237);
#5239=PLANE('',#5238);
#5241=ORIENTED_EDGE('',*,*,#5240,.F.);
#5243=ORIENTED_EDGE('',*,*,#5242,.T.);
#5244=ORIENTED_EDGE('',*,*,#5117,.F.);
#5245=ORIENTED_EDGE('',*,*,#5156,.F.);
#5246=EDGE_LOOP('',(#5241,#5243,#5244,#5245));
#5247=FACE_OUTER_BOUND('',#5246,.F.);
#5248=ADVANCED_FACE('',(#5247),#5239,.T.);
#5249=CARTESIAN_POINT('',(1.5675E0,-1.74E0,0.E0));
#5250=DIRECTION('',(1.E0,0.E0,0.E0));
#5251=DIRECTION('',(0.E0,0.E0,-1.E0));
#5252=AXIS2_PLACEMENT_3D('',#5249,#5250,#5251);
#5253=PLANE('',#5252);
#5255=ORIENTED_EDGE('',*,*,#5254,.F.);
#5256=ORIENTED_EDGE('',*,*,#5203,.F.);
#5257=ORIENTED_EDGE('',*,*,#5216,.F.);
#5258=ORIENTED_EDGE('',*,*,#5228,.F.);
#5259=ORIENTED_EDGE('',*,*,#4713,.T.);
#5261=ORIENTED_EDGE('',*,*,#5260,.F.);
#5263=ORIENTED_EDGE('',*,*,#5262,.F.);
#5265=ORIENTED_EDGE('',*,*,#5264,.F.);
#5266=EDGE_LOOP('',(#5255,#5256,#5257,#5258,#5259,#5261,#5263,#5265));
#5267=FACE_OUTER_BOUND('',#5266,.F.);
#5268=ADVANCED_FACE('',(#5267),#5253,.T.);
#5269=CARTESIAN_POINT('',(1.5675E0,-1.74E0,0.E0));
#5270=DIRECTION('',(1.E0,0.E0,0.E0));
#5271=DIRECTION('',(0.E0,0.E0,-1.E0));
#5272=AXIS2_PLACEMENT_3D('',#5269,#5270,#5271);
#5273=PLANE('',#5272);
#5275=ORIENTED_EDGE('',*,*,#5274,.F.);
#5277=ORIENTED_EDGE('',*,*,#5276,.F.);
#5278=ORIENTED_EDGE('',*,*,#5119,.F.);
#5279=ORIENTED_EDGE('',*,*,#5242,.F.);
#5280=EDGE_LOOP('',(#5275,#5277,#5278,#5279));
#5281=FACE_OUTER_BOUND('',#5280,.F.);
#5282=ADVANCED_FACE('',(#5281),#5273,.T.);
#5283=CARTESIAN_POINT('',(1.4925E0,-4.965E0,-6.15E0));
#5284=DIRECTION('',(9.647638212377E-1,-2.631174057921E-1,0.E0));
#5285=DIRECTION('',(-2.631174057921E-1,-9.647638212377E-1,0.E0));
#5286=AXIS2_PLACEMENT_3D('',#5283,#5284,#5285);
#5287=PLANE('',#5286);
#5288=ORIENTED_EDGE('',*,*,#5187,.T.);
#5289=ORIENTED_EDGE('',*,*,#5254,.T.);
#5291=ORIENTED_EDGE('',*,*,#5290,.T.);
#5293=ORIENTED_EDGE('',*,*,#5292,.F.);
#5294=EDGE_LOOP('',(#5288,#5289,#5291,#5293));
#5295=FACE_OUTER_BOUND('',#5294,.F.);
#5296=ADVANCED_FACE('',(#5295),#5287,.T.);
#5297=CARTESIAN_POINT('',(1.25E0,-4.965E0,-6.3925E0));
#5298=DIRECTION('',(0.E0,-2.631174057921E-1,-9.647638212377E-1));
#5299=DIRECTION('',(0.E0,-9.647638212377E-1,2.631174057921E-1));
#5300=AXIS2_PLACEMENT_3D('',#5297,#5298,#5299);
#5301=PLANE('',#5300);
#5302=ORIENTED_EDGE('',*,*,#5173,.F.);
#5304=ORIENTED_EDGE('',*,*,#5303,.F.);
#5305=ORIENTED_EDGE('',*,*,#5290,.F.);
#5307=ORIENTED_EDGE('',*,*,#5306,.T.);
#5308=EDGE_LOOP('',(#5302,#5304,#5305,#5307));
#5309=FACE_OUTER_BOUND('',#5308,.F.);
#5310=ADVANCED_FACE('',(#5309),#5301,.T.);
#5311=CARTESIAN_POINT('',(9.325E-1,-5.24E0,-5.8325E0));
#5312=DIRECTION('',(0.E0,-1.E0,0.E0));
#5313=DIRECTION('',(0.E0,0.E0,-1.E0));
#5314=AXIS2_PLACEMENT_3D('',#5311,#5312,#5313);
#5315=PLANE('',#5314);
#5316=ORIENTED_EDGE('',*,*,#5303,.T.);
#5317=ORIENTED_EDGE('',*,*,#5171,.T.);
#5318=ORIENTED_EDGE('',*,*,#5189,.F.);
#5319=ORIENTED_EDGE('',*,*,#5292,.T.);
#5320=EDGE_LOOP('',(#5316,#5317,#5318,#5319));
#5321=FACE_OUTER_BOUND('',#5320,.F.);
#5322=ADVANCED_FACE('',(#5321),#5315,.T.);
#5323=CARTESIAN_POINT('',(9.325E-1,-5.24E0,-6.4675E0));
#5324=DIRECTION('',(0.E0,0.E0,-1.E0));
#5325=DIRECTION('',(0.E0,1.E0,0.E0));
#5326=AXIS2_PLACEMENT_3D('',#5323,#5324,#5325);
#5327=PLANE('',#5326);
#5328=ORIENTED_EDGE('',*,*,#5306,.F.);
#5329=ORIENTED_EDGE('',*,*,#5264,.T.);
#5331=ORIENTED_EDGE('',*,*,#5330,.F.);
#5332=ORIENTED_EDGE('',*,*,#5133,.F.);
#5333=EDGE_LOOP('',(#5328,#5329,#5331,#5332));
#5334=FACE_OUTER_BOUND('',#5333,.F.);
#5335=ADVANCED_FACE('',(#5334),#5327,.T.);
#5336=CARTESIAN_POINT('',(9.325E-1,-6.175E-1,-5.5325E0));
#5337=DIRECTION('',(1.E0,0.E0,0.E0));
#5338=DIRECTION('',(0.E0,0.E0,-1.E0));
#5339=AXIS2_PLACEMENT_3D('',#5336,#5337,#5338);
#5340=CYLINDRICAL_SURFACE('',#5339,9.35E-1);
#5341=ORIENTED_EDGE('',*,*,#5135,.F.);
#5342=ORIENTED_EDGE('',*,*,#5330,.T.);
#5343=ORIENTED_EDGE('',*,*,#5262,.T.);
#5345=ORIENTED_EDGE('',*,*,#5344,.F.);
#5346=EDGE_LOOP('',(#5341,#5342,#5343,#5345));
#5347=FACE_OUTER_BOUND('',#5346,.F.);
#5348=ADVANCED_FACE('',(#5347),#5340,.T.);
#5349=CARTESIAN_POINT('',(9.325E-1,3.175E-1,-5.5325E0));
#5350=DIRECTION('',(0.E0,1.E0,0.E0));
#5351=DIRECTION('',(0.E0,0.E0,1.E0));
#5352=AXIS2_PLACEMENT_3D('',#5349,#5350,#5351);
#5353=PLANE('',#5352);
#5354=ORIENTED_EDGE('',*,*,#4711,.F.);
#5355=ORIENTED_EDGE('',*,*,#5137,.F.);
#5356=ORIENTED_EDGE('',*,*,#5344,.T.);
#5357=ORIENTED_EDGE('',*,*,#5260,.T.);
#5358=EDGE_LOOP('',(#5354,#5355,#5356,#5357));
#5359=FACE_OUTER_BOUND('',#5358,.F.);
#5360=ADVANCED_FACE('',(#5359),#5353,.T.);
#5361=CARTESIAN_POINT('',(9.325E-1,3.175E-1,-5.5325E0));
#5362=DIRECTION('',(0.E0,1.E0,0.E0));
#5363=DIRECTION('',(0.E0,0.E0,1.E0));
#5364=AXIS2_PLACEMENT_3D('',#5361,#5362,#5363);
#5365=PLANE('',#5364);
#5367=ORIENTED_EDGE('',*,*,#5366,.T.);
#5368=ORIENTED_EDGE('',*,*,#5159,.F.);
#5369=ORIENTED_EDGE('',*,*,#5121,.T.);
#5370=ORIENTED_EDGE('',*,*,#5276,.T.);
#5371=EDGE_LOOP('',(#5367,#5368,#5369,#5370));
#5372=FACE_OUTER_BOUND('',#5371,.F.);
#5373=ADVANCED_FACE('',(#5372),#5365,.T.);
#5374=CARTESIAN_POINT('',(1.25E0,2.425E-1,2.525E0));
#5375=DIRECTION('',(0.E0,9.647638212377E-1,2.631174057921E-1));
#5376=DIRECTION('',(0.E0,2.631174057921E-1,-9.647638212377E-1));
#5377=AXIS2_PLACEMENT_3D('',#5374,#5375,#5376);
#5378=PLANE('',#5377);
#5380=ORIENTED_EDGE('',*,*,#5379,.F.);
#5381=ORIENTED_EDGE('',*,*,#5366,.F.);
#5383=ORIENTED_EDGE('',*,*,#5382,.F.);
#5385=ORIENTED_EDGE('',*,*,#5384,.T.);
#5386=EDGE_LOOP('',(#5380,#5381,#5383,#5385));
#5387=FACE_OUTER_BOUND('',#5386,.F.);
#5388=ADVANCED_FACE('',(#5387),#5378,.T.);
#5389=CARTESIAN_POINT('',(1.0075E0,0.E0,2.525E0));
#5390=DIRECTION('',(-9.647638212377E-1,0.E0,2.631174057921E-1));
#5391=DIRECTION('',(2.631174057921E-1,0.E0,9.647638212377E-1));
#5392=AXIS2_PLACEMENT_3D('',#5389,#5390,#5391);
#5393=PLANE('',#5392);
#5395=ORIENTED_EDGE('',*,*,#5394,.T.);
#5396=ORIENTED_EDGE('',*,*,#5154,.T.);
#5397=ORIENTED_EDGE('',*,*,#5379,.T.);
#5399=ORIENTED_EDGE('',*,*,#5398,.F.);
#5400=EDGE_LOOP('',(#5395,#5396,#5397,#5399));
#5401=FACE_OUTER_BOUND('',#5400,.F.);
#5402=ADVANCED_FACE('',(#5401),#5393,.T.);
#5403=CARTESIAN_POINT('',(1.25E0,-2.425E-1,2.525E0));
#5404=DIRECTION('',(0.E0,-9.647638212377E-1,2.631174057921E-1));
#5405=DIRECTION('',(0.E0,2.631174057921E-1,9.647638212377E-1));
#5406=AXIS2_PLACEMENT_3D('',#5403,#5404,#5405);
#5407=PLANE('',#5406);
#5408=ORIENTED_EDGE('',*,*,#5394,.F.);
#5410=ORIENTED_EDGE('',*,*,#5409,.F.);
#5412=ORIENTED_EDGE('',*,*,#5411,.F.);
#5413=ORIENTED_EDGE('',*,*,#5240,.T.);
#5414=EDGE_LOOP('',(#5408,#5410,#5412,#5413));
#5415=FACE_OUTER_BOUND('',#5414,.F.);
#5416=ADVANCED_FACE('',(#5415),#5407,.T.);
#5417=CARTESIAN_POINT('',(9.325E-1,3.175E-1,2.8E0));
#5418=DIRECTION('',(0.E0,0.E0,1.E0));
#5419=DIRECTION('',(0.E0,-1.E0,0.E0));
#5420=AXIS2_PLACEMENT_3D('',#5417,#5418,#5419);
#5421=PLANE('',#5420);
#5422=ORIENTED_EDGE('',*,*,#5384,.F.);
#5424=ORIENTED_EDGE('',*,*,#5423,.T.);
#5425=ORIENTED_EDGE('',*,*,#5409,.T.);
#5426=ORIENTED_EDGE('',*,*,#5398,.T.);
#5427=EDGE_LOOP('',(#5422,#5424,#5425,#5426));
#5428=FACE_OUTER_BOUND('',#5427,.F.);
#5429=ADVANCED_FACE('',(#5428),#5421,.T.);
#5430=CARTESIAN_POINT('',(1.4925E0,0.E0,2.525E0));
#5431=DIRECTION('',(9.647638212377E-1,0.E0,2.631174057921E-1));
#5432=DIRECTION('',(-2.631174057921E-1,0.E0,9.647638212377E-1));
#5433=AXIS2_PLACEMENT_3D('',#5430,#5431,#5432);
#5434=PLANE('',#5433);
#5435=ORIENTED_EDGE('',*,*,#5411,.T.);
#5436=ORIENTED_EDGE('',*,*,#5423,.F.);
#5437=ORIENTED_EDGE('',*,*,#5382,.T.);
#5438=ORIENTED_EDGE('',*,*,#5274,.T.);
#5439=EDGE_LOOP('',(#5435,#5436,#5437,#5438));
#5440=FACE_OUTER_BOUND('',#5439,.F.);
#5441=ADVANCED_FACE('',(#5440),#5434,.T.);
#5442=CARTESIAN_POINT('',(-1.4E-1,-1.095E0,4.23E0));
#5443=DIRECTION('',(1.E0,0.E0,0.E0));
#5444=DIRECTION('',(0.E0,1.E0,0.E0));
#5445=AXIS2_PLACEMENT_3D('',#5442,#5443,#5444);
#5446=PLANE('',#5445);
#5447=ORIENTED_EDGE('',*,*,#4368,.F.);
#5449=ORIENTED_EDGE('',*,*,#5448,.T.);
#5451=ORIENTED_EDGE('',*,*,#5450,.T.);
#5452=ORIENTED_EDGE('',*,*,#4994,.F.);
#5453=EDGE_LOOP('',(#5447,#5449,#5451,#5452));
#5454=FACE_OUTER_BOUND('',#5453,.F.);
#5455=ADVANCED_FACE('',(#5454),#5446,.F.);
#5456=CARTESIAN_POINT('',(-2.36E0,-1.095E0,4.23E0));
#5457=DIRECTION('',(0.E0,-1.E0,0.E0));
#5458=DIRECTION('',(1.E0,0.E0,0.E0));
#5459=AXIS2_PLACEMENT_3D('',#5456,#5457,#5458);
#5460=PLANE('',#5459);
#5461=ORIENTED_EDGE('',*,*,#4366,.F.);
#5463=ORIENTED_EDGE('',*,*,#5462,.T.);
#5465=ORIENTED_EDGE('',*,*,#5464,.T.);
#5466=ORIENTED_EDGE('',*,*,#5448,.F.);
#5467=EDGE_LOOP('',(#5461,#5463,#5465,#5466));
#5468=FACE_OUTER_BOUND('',#5467,.F.);
#5469=ADVANCED_FACE('',(#5468),#5460,.F.);
#5470=CARTESIAN_POINT('',(-2.36E0,1.095E0,4.23E0));
#5471=DIRECTION('',(-1.E0,0.E0,0.E0));
#5472=DIRECTION('',(0.E0,-1.E0,0.E0));
#5473=AXIS2_PLACEMENT_3D('',#5470,#5471,#5472);
#5474=PLANE('',#5473);
#5475=ORIENTED_EDGE('',*,*,#4364,.F.);
#5476=ORIENTED_EDGE('',*,*,#4998,.T.);
#5478=ORIENTED_EDGE('',*,*,#5477,.T.);
#5479=ORIENTED_EDGE('',*,*,#5462,.F.);
#5480=EDGE_LOOP('',(#5475,#5476,#5478,#5479));
#5481=FACE_OUTER_BOUND('',#5480,.F.);
#5482=ADVANCED_FACE('',(#5481),#5474,.F.);
#5483=CARTESIAN_POINT('',(0.E0,-1.74E0,-1.77E0));
#5484=DIRECTION('',(0.E0,0.E0,1.E0));
#5485=DIRECTION('',(1.E0,0.E0,0.E0));
#5486=AXIS2_PLACEMENT_3D('',#5483,#5484,#5485);
#5487=PLANE('',#5486);
#5488=ORIENTED_EDGE('',*,*,#5477,.F.);
#5489=ORIENTED_EDGE('',*,*,#4996,.F.);
#5490=ORIENTED_EDGE('',*,*,#5450,.F.);
#5491=ORIENTED_EDGE('',*,*,#5464,.F.);
#5492=EDGE_LOOP('',(#5488,#5489,#5490,#5491));
#5493=FACE_OUTER_BOUND('',#5492,.F.);
#5495=ORIENTED_EDGE('',*,*,#5494,.F.);
#5497=ORIENTED_EDGE('',*,*,#5496,.T.);
#5499=ORIENTED_EDGE('',*,*,#5498,.T.);
#5501=ORIENTED_EDGE('',*,*,#5500,.F.);
#5502=EDGE_LOOP('',(#5495,#5497,#5499,#5501));
#5503=FACE_BOUND('',#5502,.F.);
#5504=ADVANCED_FACE('',(#5493,#5503),#5487,.T.);
#5505=CARTESIAN_POINT('',(-1.5675E0,-1.74E0,0.E0));
#5506=DIRECTION('',(1.E0,0.E0,0.E0));
#5507=DIRECTION('',(0.E0,0.E0,-1.E0));
#5508=AXIS2_PLACEMENT_3D('',#5505,#5506,#5507);
#5509=PLANE('',#5508);
#5511=ORIENTED_EDGE('',*,*,#5510,.F.);
#5513=ORIENTED_EDGE('',*,*,#5512,.T.);
#5515=ORIENTED_EDGE('',*,*,#5514,.T.);
#5517=ORIENTED_EDGE('',*,*,#5516,.T.);
#5518=ORIENTED_EDGE('',*,*,#4719,.F.);
#5520=ORIENTED_EDGE('',*,*,#5519,.T.);
#5522=ORIENTED_EDGE('',*,*,#5521,.T.);
#5524=ORIENTED_EDGE('',*,*,#5523,.T.);
#5525=EDGE_LOOP('',(#5511,#5513,#5515,#5517,#5518,#5520,#5522,#5524));
#5526=FACE_OUTER_BOUND('',#5525,.F.);
#5527=ADVANCED_FACE('',(#5526),#5509,.F.);
#5528=CARTESIAN_POINT('',(-1.5675E0,-1.74E0,0.E0));
#5529=DIRECTION('',(1.E0,0.E0,0.E0));
#5530=DIRECTION('',(0.E0,0.E0,-1.E0));
#5531=AXIS2_PLACEMENT_3D('',#5528,#5529,#5530);
#5532=PLANE('',#5531);
#5534=ORIENTED_EDGE('',*,*,#5533,.F.);
#5536=ORIENTED_EDGE('',*,*,#5535,.T.);
#5537=ORIENTED_EDGE('',*,*,#5494,.T.);
#5539=ORIENTED_EDGE('',*,*,#5538,.T.);
#5540=EDGE_LOOP('',(#5534,#5536,#5537,#5539));
#5541=FACE_OUTER_BOUND('',#5540,.F.);
#5542=ADVANCED_FACE('',(#5541),#5532,.F.);
#5543=CARTESIAN_POINT('',(-1.4925E0,-4.965E0,-6.15E0));
#5544=DIRECTION('',(-9.647638212377E-1,-2.631174057921E-1,0.E0));
#5545=DIRECTION('',(2.631174057921E-1,-9.647638212377E-1,0.E0));
#5546=AXIS2_PLACEMENT_3D('',#5543,#5544,#5545);
#5547=PLANE('',#5546);
#5549=ORIENTED_EDGE('',*,*,#5548,.F.);
#5551=ORIENTED_EDGE('',*,*,#5550,.F.);
#5553=ORIENTED_EDGE('',*,*,#5552,.T.);
#5554=ORIENTED_EDGE('',*,*,#5510,.T.);
#5555=EDGE_LOOP('',(#5549,#5551,#5553,#5554));
#5556=FACE_OUTER_BOUND('',#5555,.F.);
#5557=ADVANCED_FACE('',(#5556),#5547,.T.);
#5558=CARTESIAN_POINT('',(-1.25E0,-4.965E0,-5.9075E0));
#5559=DIRECTION('',(0.E0,-2.631174057921E-1,9.647638212377E-1));
#5560=DIRECTION('',(0.E0,9.647638212377E-1,2.631174057921E-1));
#5561=AXIS2_PLACEMENT_3D('',#5558,#5559,#5560);
#5562=PLANE('',#5561);
#5563=ORIENTED_EDGE('',*,*,#5548,.T.);
#5565=ORIENTED_EDGE('',*,*,#5564,.F.);
#5567=ORIENTED_EDGE('',*,*,#5566,.F.);
#5569=ORIENTED_EDGE('',*,*,#5568,.T.);
#5570=EDGE_LOOP('',(#5563,#5565,#5567,#5569));
#5571=FACE_OUTER_BOUND('',#5570,.F.);
#5572=ADVANCED_FACE('',(#5571),#5562,.T.);
#5573=CARTESIAN_POINT('',(-1.5675E0,-6.175E-1,-5.8325E0));
#5574=DIRECTION('',(0.E0,0.E0,1.E0));
#5575=DIRECTION('',(0.E0,-1.E0,0.E0));
#5576=AXIS2_PLACEMENT_3D('',#5573,#5574,#5575);
#5577=PLANE('',#5576);
#5578=ORIENTED_EDGE('',*,*,#5564,.T.);
#5579=ORIENTED_EDGE('',*,*,#5523,.F.);
#5581=ORIENTED_EDGE('',*,*,#5580,.T.);
#5583=ORIENTED_EDGE('',*,*,#5582,.T.);
#5584=EDGE_LOOP('',(#5578,#5579,#5581,#5583));
#5585=FACE_OUTER_BOUND('',#5584,.F.);
#5586=ADVANCED_FACE('',(#5585),#5577,.T.);
#5587=CARTESIAN_POINT('',(-1.5675E0,-6.175E-1,-5.5325E0));
#5588=DIRECTION('',(1.E0,0.E0,0.E0));
#5589=DIRECTION('',(0.E0,0.E0,-1.E0));
#5590=AXIS2_PLACEMENT_3D('',#5587,#5588,#5589);
#5591=CYLINDRICAL_SURFACE('',#5590,3.E-1);
#5592=ORIENTED_EDGE('',*,*,#5521,.F.);
#5594=ORIENTED_EDGE('',*,*,#5593,.T.);
#5596=ORIENTED_EDGE('',*,*,#5595,.T.);
#5597=ORIENTED_EDGE('',*,*,#5580,.F.);
#5598=EDGE_LOOP('',(#5592,#5594,#5596,#5597));
#5599=FACE_OUTER_BOUND('',#5598,.F.);
#5600=ADVANCED_FACE('',(#5599),#5591,.F.);
#5601=CARTESIAN_POINT('',(-1.5675E0,-3.175E-1,2.8E0));
#5602=DIRECTION('',(0.E0,-1.E0,0.E0));
#5603=DIRECTION('',(0.E0,0.E0,-1.E0));
#5604=AXIS2_PLACEMENT_3D('',#5601,#5602,#5603);
#5605=PLANE('',#5604);
#5606=ORIENTED_EDGE('',*,*,#4725,.T.);
#5608=ORIENTED_EDGE('',*,*,#5607,.T.);
#5609=ORIENTED_EDGE('',*,*,#5593,.F.);
#5610=ORIENTED_EDGE('',*,*,#5519,.F.);
#5611=EDGE_LOOP('',(#5606,#5608,#5609,#5610));
#5612=FACE_OUTER_BOUND('',#5611,.F.);
#5613=ADVANCED_FACE('',(#5612),#5605,.T.);
#5614=CARTESIAN_POINT('',(-1.5675E0,-3.175E-1,2.8E0));
#5615=DIRECTION('',(0.E0,-1.E0,0.E0));
#5616=DIRECTION('',(0.E0,0.E0,-1.E0));
#5617=AXIS2_PLACEMENT_3D('',#5614,#5615,#5616);
#5618=PLANE('',#5617);
#5620=ORIENTED_EDGE('',*,*,#5619,.F.);
#5622=ORIENTED_EDGE('',*,*,#5621,.T.);
#5623=ORIENTED_EDGE('',*,*,#5496,.F.);
#5624=ORIENTED_EDGE('',*,*,#5535,.F.);
#5625=EDGE_LOOP('',(#5620,#5622,#5623,#5624));
#5626=FACE_OUTER_BOUND('',#5625,.F.);
#5627=ADVANCED_FACE('',(#5626),#5618,.T.);
#5628=CARTESIAN_POINT('',(-9.325E-1,-1.74E0,0.E0));
#5629=DIRECTION('',(1.E0,0.E0,0.E0));
#5630=DIRECTION('',(0.E0,0.E0,-1.E0));
#5631=AXIS2_PLACEMENT_3D('',#5628,#5629,#5630);
#5632=PLANE('',#5631);
#5634=ORIENTED_EDGE('',*,*,#5633,.F.);
#5635=ORIENTED_EDGE('',*,*,#5582,.F.);
#5636=ORIENTED_EDGE('',*,*,#5595,.F.);
#5637=ORIENTED_EDGE('',*,*,#5607,.F.);
#5638=ORIENTED_EDGE('',*,*,#4723,.T.);
#5640=ORIENTED_EDGE('',*,*,#5639,.F.);
#5642=ORIENTED_EDGE('',*,*,#5641,.F.);
#5644=ORIENTED_EDGE('',*,*,#5643,.F.);
#5645=EDGE_LOOP('',(#5634,#5635,#5636,#5637,#5638,#5640,#5642,#5644));
#5646=FACE_OUTER_BOUND('',#5645,.F.);
#5647=ADVANCED_FACE('',(#5646),#5632,.T.);
#5648=CARTESIAN_POINT('',(-9.325E-1,-1.74E0,0.E0));
#5649=DIRECTION('',(1.E0,0.E0,0.E0));
#5650=DIRECTION('',(0.E0,0.E0,-1.E0));
#5651=AXIS2_PLACEMENT_3D('',#5648,#5649,#5650);
#5652=PLANE('',#5651);
#5654=ORIENTED_EDGE('',*,*,#5653,.F.);
#5656=ORIENTED_EDGE('',*,*,#5655,.F.);
#5657=ORIENTED_EDGE('',*,*,#5498,.F.);
#5658=ORIENTED_EDGE('',*,*,#5621,.F.);
#5659=EDGE_LOOP('',(#5654,#5656,#5657,#5658));
#5660=FACE_OUTER_BOUND('',#5659,.F.);
#5661=ADVANCED_FACE('',(#5660),#5652,.T.);
#5662=CARTESIAN_POINT('',(-1.0075E0,-4.965E0,-6.15E0));
#5663=DIRECTION('',(9.647638212377E-1,-2.631174057921E-1,0.E0));
#5664=DIRECTION('',(-2.631174057921E-1,-9.647638212377E-1,0.E0));
#5665=AXIS2_PLACEMENT_3D('',#5662,#5663,#5664);
#5666=PLANE('',#5665);
#5667=ORIENTED_EDGE('',*,*,#5566,.T.);
#5668=ORIENTED_EDGE('',*,*,#5633,.T.);
#5670=ORIENTED_EDGE('',*,*,#5669,.T.);
#5672=ORIENTED_EDGE('',*,*,#5671,.F.);
#5673=EDGE_LOOP('',(#5667,#5668,#5670,#5672));
#5674=FACE_OUTER_BOUND('',#5673,.F.);
#5675=ADVANCED_FACE('',(#5674),#5666,.T.);
#5676=CARTESIAN_POINT('',(-1.25E0,-4.965E0,-6.3925E0));
#5677=DIRECTION('',(0.E0,-2.631174057921E-1,-9.647638212377E-1));
#5678=DIRECTION('',(0.E0,-9.647638212377E-1,2.631174057921E-1));
#5679=AXIS2_PLACEMENT_3D('',#5676,#5677,#5678);
#5680=PLANE('',#5679);
#5681=ORIENTED_EDGE('',*,*,#5552,.F.);
#5683=ORIENTED_EDGE('',*,*,#5682,.F.);
#5684=ORIENTED_EDGE('',*,*,#5669,.F.);
#5686=ORIENTED_EDGE('',*,*,#5685,.T.);
#5687=EDGE_LOOP('',(#5681,#5683,#5684,#5686));
#5688=FACE_OUTER_BOUND('',#5687,.F.);
#5689=ADVANCED_FACE('',(#5688),#5680,.T.);
#5690=CARTESIAN_POINT('',(-1.5675E0,-5.24E0,-5.8325E0));
#5691=DIRECTION('',(0.E0,-1.E0,0.E0));
#5692=DIRECTION('',(0.E0,0.E0,-1.E0));
#5693=AXIS2_PLACEMENT_3D('',#5690,#5691,#5692);
#5694=PLANE('',#5693);
#5695=ORIENTED_EDGE('',*,*,#5682,.T.);
#5696=ORIENTED_EDGE('',*,*,#5550,.T.);
#5697=ORIENTED_EDGE('',*,*,#5568,.F.);
#5698=ORIENTED_EDGE('',*,*,#5671,.T.);
#5699=EDGE_LOOP('',(#5695,#5696,#5697,#5698));
#5700=FACE_OUTER_BOUND('',#5699,.F.);
#5701=ADVANCED_FACE('',(#5700),#5694,.T.);
#5702=CARTESIAN_POINT('',(-1.5675E0,-5.24E0,-6.4675E0));
#5703=DIRECTION('',(0.E0,0.E0,-1.E0));
#5704=DIRECTION('',(0.E0,1.E0,0.E0));
#5705=AXIS2_PLACEMENT_3D('',#5702,#5703,#5704);
#5706=PLANE('',#5705);
#5707=ORIENTED_EDGE('',*,*,#5685,.F.);
#5708=ORIENTED_EDGE('',*,*,#5643,.T.);
#5710=ORIENTED_EDGE('',*,*,#5709,.F.);
#5711=ORIENTED_EDGE('',*,*,#5512,.F.);
#5712=EDGE_LOOP('',(#5707,#5708,#5710,#5711));
#5713=FACE_OUTER_BOUND('',#5712,.F.);
#5714=ADVANCED_FACE('',(#5713),#5706,.T.);
#5715=CARTESIAN_POINT('',(-1.5675E0,-6.175E-1,-5.5325E0));
#5716=DIRECTION('',(1.E0,0.E0,0.E0));
#5717=DIRECTION('',(0.E0,0.E0,-1.E0));
#5718=AXIS2_PLACEMENT_3D('',#5715,#5716,#5717);
#5719=CYLINDRICAL_SURFACE('',#5718,9.35E-1);
#5720=ORIENTED_EDGE('',*,*,#5514,.F.);
#5721=ORIENTED_EDGE('',*,*,#5709,.T.);
#5722=ORIENTED_EDGE('',*,*,#5641,.T.);
#5724=ORIENTED_EDGE('',*,*,#5723,.F.);
#5725=EDGE_LOOP('',(#5720,#5721,#5722,#5724));
#5726=FACE_OUTER_BOUND('',#5725,.F.);
#5727=ADVANCED_FACE('',(#5726),#5719,.T.);
#5728=CARTESIAN_POINT('',(-1.5675E0,3.175E-1,-5.5325E0));
#5729=DIRECTION('',(0.E0,1.E0,0.E0));
#5730=DIRECTION('',(0.E0,0.E0,1.E0));
#5731=AXIS2_PLACEMENT_3D('',#5728,#5729,#5730);
#5732=PLANE('',#5731);
#5733=ORIENTED_EDGE('',*,*,#4721,.F.);
#5734=ORIENTED_EDGE('',*,*,#5516,.F.);
#5735=ORIENTED_EDGE('',*,*,#5723,.T.);
#5736=ORIENTED_EDGE('',*,*,#5639,.T.);
#5737=EDGE_LOOP('',(#5733,#5734,#5735,#5736));
#5738=FACE_OUTER_BOUND('',#5737,.F.);
#5739=ADVANCED_FACE('',(#5738),#5732,.T.);
#5740=CARTESIAN_POINT('',(-1.5675E0,3.175E-1,-5.5325E0));
#5741=DIRECTION('',(0.E0,1.E0,0.E0));
#5742=DIRECTION('',(0.E0,0.E0,1.E0));
#5743=AXIS2_PLACEMENT_3D('',#5740,#5741,#5742);
#5744=PLANE('',#5743);
#5746=ORIENTED_EDGE('',*,*,#5745,.T.);
#5747=ORIENTED_EDGE('',*,*,#5538,.F.);
#5748=ORIENTED_EDGE('',*,*,#5500,.T.);
#5749=ORIENTED_EDGE('',*,*,#5655,.T.);
#5750=EDGE_LOOP('',(#5746,#5747,#5748,#5749));
#5751=FACE_OUTER_BOUND('',#5750,.F.);
#5752=ADVANCED_FACE('',(#5751),#5744,.T.);
#5753=CARTESIAN_POINT('',(-1.25E0,2.425E-1,2.525E0));
#5754=DIRECTION('',(0.E0,9.647638212377E-1,2.631174057921E-1));
#5755=DIRECTION('',(0.E0,2.631174057921E-1,-9.647638212377E-1));
#5756=AXIS2_PLACEMENT_3D('',#5753,#5754,#5755);
#5757=PLANE('',#5756);
#5759=ORIENTED_EDGE('',*,*,#5758,.F.);
#5760=ORIENTED_EDGE('',*,*,#5745,.F.);
#5762=ORIENTED_EDGE('',*,*,#5761,.F.);
#5764=ORIENTED_EDGE('',*,*,#5763,.T.);
#5765=EDGE_LOOP('',(#5759,#5760,#5762,#5764));
#5766=FACE_OUTER_BOUND('',#5765,.F.);
#5767=ADVANCED_FACE('',(#5766),#5757,.T.);
#5768=CARTESIAN_POINT('',(-1.4925E0,0.E0,2.525E0));
#5769=DIRECTION('',(-9.647638212377E-1,0.E0,2.631174057921E-1));
#5770=DIRECTION('',(2.631174057921E-1,0.E0,9.647638212377E-1));
#5771=AXIS2_PLACEMENT_3D('',#5768,#5769,#5770);
#5772=PLANE('',#5771);
#5774=ORIENTED_EDGE('',*,*,#5773,.T.);
#5775=ORIENTED_EDGE('',*,*,#5533,.T.);
#5776=ORIENTED_EDGE('',*,*,#5758,.T.);
#5778=ORIENTED_EDGE('',*,*,#5777,.F.);
#5779=EDGE_LOOP('',(#5774,#5775,#5776,#5778));
#5780=FACE_OUTER_BOUND('',#5779,.F.);
#5781=ADVANCED_FACE('',(#5780),#5772,.T.);
#5782=CARTESIAN_POINT('',(-1.25E0,-2.425E-1,2.525E0));
#5783=DIRECTION('',(0.E0,-9.647638212377E-1,2.631174057921E-1));
#5784=DIRECTION('',(0.E0,2.631174057921E-1,9.647638212377E-1));
#5785=AXIS2_PLACEMENT_3D('',#5782,#5783,#5784);
#5786=PLANE('',#5785);
#5787=ORIENTED_EDGE('',*,*,#5773,.F.);
#5789=ORIENTED_EDGE('',*,*,#5788,.F.);
#5791=ORIENTED_EDGE('',*,*,#5790,.F.);
#5792=ORIENTED_EDGE('',*,*,#5619,.T.);
#5793=EDGE_LOOP('',(#5787,#5789,#5791,#5792));
#5794=FACE_OUTER_BOUND('',#5793,.F.);
#5795=ADVANCED_FACE('',(#5794),#5786,.T.);
#5796=CARTESIAN_POINT('',(-1.5675E0,3.175E-1,2.8E0));
#5797=DIRECTION('',(0.E0,0.E0,1.E0));
#5798=DIRECTION('',(0.E0,-1.E0,0.E0));
#5799=AXIS2_PLACEMENT_3D('',#5796,#5797,#5798);
#5800=PLANE('',#5799);
#5801=ORIENTED_EDGE('',*,*,#5763,.F.);
#5803=ORIENTED_EDGE('',*,*,#5802,.T.);
#5804=ORIENTED_EDGE('',*,*,#5788,.T.);
#5805=ORIENTED_EDGE('',*,*,#5777,.T.);
#5806=EDGE_LOOP('',(#5801,#5803,#5804,#5805));
#5807=FACE_OUTER_BOUND('',#5806,.F.);
#5808=ADVANCED_FACE('',(#5807),#5800,.T.);
#5809=CARTESIAN_POINT('',(-1.0075E0,0.E0,2.525E0));
#5810=DIRECTION('',(9.647638212377E-1,0.E0,2.631174057921E-1));
#5811=DIRECTION('',(-2.631174057921E-1,0.E0,9.647638212377E-1));
#5812=AXIS2_PLACEMENT_3D('',#5809,#5810,#5811);
#5813=PLANE('',#5812);
#5814=ORIENTED_EDGE('',*,*,#5790,.T.);
#5815=ORIENTED_EDGE('',*,*,#5802,.F.);
#5816=ORIENTED_EDGE('',*,*,#5761,.T.);
#5817=ORIENTED_EDGE('',*,*,#5653,.T.);
#5818=EDGE_LOOP('',(#5814,#5815,#5816,#5817));
#5819=FACE_OUTER_BOUND('',#5818,.F.);
#5820=ADVANCED_FACE('',(#5819),#5813,.T.);
#5821=CARTESIAN_POINT('',(-2.6E0,0.E0,0.E0));
#5822=DIRECTION('',(1.E0,0.E0,0.E0));
#5823=DIRECTION('',(0.E0,0.E0,-1.E0));
#5824=AXIS2_PLACEMENT_3D('',#5821,#5822,#5823);
#5825=PLANE('',#5824);
#5827=ORIENTED_EDGE('',*,*,#5826,.F.);
#5829=ORIENTED_EDGE('',*,*,#5828,.F.);
#5831=ORIENTED_EDGE('',*,*,#5830,.T.);
#5832=ORIENTED_EDGE('',*,*,#4959,.T.);
#5833=ORIENTED_EDGE('',*,*,#4401,.T.);
#5834=ORIENTED_EDGE('',*,*,#4769,.T.);
#5835=EDGE_LOOP('',(#5827,#5829,#5831,#5832,#5833,#5834));
#5836=FACE_OUTER_BOUND('',#5835,.F.);
#5837=ADVANCED_FACE('',(#5836),#5825,.F.);
#5838=CARTESIAN_POINT('',(-2.35E0,4.407348410938E0,-5.2E-1));
#5839=DIRECTION('',(0.E0,-1.E0,0.E0));
#5840=DIRECTION('',(-1.E0,0.E0,0.E0));
#5841=AXIS2_PLACEMENT_3D('',#5838,#5839,#5840);
#5842=CYLINDRICAL_SURFACE('',#5841,2.5E-1);
#5843=ORIENTED_EDGE('',*,*,#4794,.F.);
#5845=ORIENTED_EDGE('',*,*,#5844,.F.);
#5846=ORIENTED_EDGE('',*,*,#5826,.T.);
#5847=ORIENTED_EDGE('',*,*,#4767,.T.);
#5848=EDGE_LOOP('',(#5843,#5845,#5846,#5847));
#5849=FACE_OUTER_BOUND('',#5848,.F.);
#5850=ADVANCED_FACE('',(#5849),#5842,.T.);
#5851=CARTESIAN_POINT('',(-2.35E0,4.35E0,-5.2E-1));
#5852=DIRECTION('',(0.E0,7.071067887617E-1,7.071067736114E-1));
#5853=DIRECTION('',(0.E0,7.071067736114E-1,-7.071067887617E-1));
#5854=AXIS2_PLACEMENT_3D('',#5851,#5852,#5853);
#5855=SPHERICAL_SURFACE('',#5854,2.5E-1);
#5856=ORIENTED_EDGE('',*,*,#4848,.F.);
#5858=ORIENTED_EDGE('',*,*,#5857,.F.);
#5859=ORIENTED_EDGE('',*,*,#5844,.T.);
#5860=EDGE_LOOP('',(#5856,#5858,#5859));
#5861=FACE_OUTER_BOUND('',#5860,.F.);
#5862=ADVANCED_FACE('',(#5861),#5855,.T.);
#5863=CARTESIAN_POINT('',(-2.35E0,4.35E0,2.186850236479E1));
#5864=DIRECTION('',(0.E0,0.E0,-1.E0));
#5865=DIRECTION('',(-1.E0,0.E0,0.E0));
#5866=AXIS2_PLACEMENT_3D('',#5863,#5864,#5865);
#5867=CYLINDRICAL_SURFACE('',#5866,2.5E-1);
#5869=ORIENTED_EDGE('',*,*,#5868,.T.);
#5870=ORIENTED_EDGE('',*,*,#5828,.T.);
#5871=ORIENTED_EDGE('',*,*,#5857,.T.);
#5873=ORIENTED_EDGE('',*,*,#5872,.F.);
#5874=EDGE_LOOP('',(#5869,#5870,#5871,#5873));
#5875=FACE_OUTER_BOUND('',#5874,.F.);
#5876=ADVANCED_FACE('',(#5875),#5867,.T.);
#5877=CARTESIAN_POINT('',(-2.6E0,4.6E0,5.69E0));
#5878=DIRECTION('',(0.E0,0.E0,1.E0));
#5879=DIRECTION('',(0.E0,-1.E0,0.E0));
#5880=AXIS2_PLACEMENT_3D('',#5877,#5878,#5879);
#5881=PLANE('',#5880);
#5883=ORIENTED_EDGE('',*,*,#5882,.F.);
#5885=ORIENTED_EDGE('',*,*,#5884,.T.);
#5886=ORIENTED_EDGE('',*,*,#4961,.F.);
#5887=ORIENTED_EDGE('',*,*,#5830,.F.);
#5888=ORIENTED_EDGE('',*,*,#5868,.F.);
#5890=ORIENTED_EDGE('',*,*,#5889,.T.);
#5891=EDGE_LOOP('',(#5883,#5885,#5886,#5887,#5888,#5890));
#5892=FACE_OUTER_BOUND('',#5891,.F.);
#5893=ADVANCED_FACE('',(#5892),#5881,.T.);
#5894=CARTESIAN_POINT('',(2.35E0,4.35E0,-5.603704080517E-1));
#5895=DIRECTION('',(0.E0,0.E0,1.E0));
#5896=DIRECTION('',(1.E0,0.E0,0.E0));
#5897=AXIS2_PLACEMENT_3D('',#5894,#5895,#5896);
#5898=CYLINDRICAL_SURFACE('',#5897,2.5E-1);
#5899=ORIENTED_EDGE('',*,*,#5882,.T.);
#5901=ORIENTED_EDGE('',*,*,#5900,.F.);
#5903=ORIENTED_EDGE('',*,*,#5902,.F.);
#5905=ORIENTED_EDGE('',*,*,#5904,.T.);
#5906=EDGE_LOOP('',(#5899,#5901,#5903,#5905));
#5907=FACE_OUTER_BOUND('',#5906,.F.);
#5908=ADVANCED_FACE('',(#5907),#5898,.T.);
#5909=CARTESIAN_POINT('',(-2.6E0,4.6E0,-5.2E-1));
#5910=DIRECTION('',(0.E0,1.E0,0.E0));
#5911=DIRECTION('',(0.E0,0.E0,1.E0));
#5912=AXIS2_PLACEMENT_3D('',#5909,#5910,#5911);
#5913=PLANE('',#5912);
#5914=ORIENTED_EDGE('',*,*,#4879,.T.);
#5916=ORIENTED_EDGE('',*,*,#5915,.T.);
#5918=ORIENTED_EDGE('',*,*,#5917,.T.);
#5920=ORIENTED_EDGE('',*,*,#5919,.T.);
#5921=ORIENTED_EDGE('',*,*,#4829,.F.);
#5922=ORIENTED_EDGE('',*,*,#4863,.T.);
#5923=ORIENTED_EDGE('',*,*,#5900,.T.);
#5924=ORIENTED_EDGE('',*,*,#5889,.F.);
#5925=ORIENTED_EDGE('',*,*,#5872,.T.);
#5926=ORIENTED_EDGE('',*,*,#4846,.T.);
#5927=EDGE_LOOP('',(#5914,#5916,#5918,#5920,#5921,#5922,#5923,#5924,#5925,
#5926));
#5928=FACE_OUTER_BOUND('',#5927,.F.);
#5929=ADVANCED_FACE('',(#5928),#5913,.T.);
#5930=CARTESIAN_POINT('',(-8.5E-1,4.6E0,4.09E0));
#5931=DIRECTION('',(0.E0,1.E0,0.E0));
#5932=DIRECTION('',(1.E0,0.E0,0.E0));
#5933=AXIS2_PLACEMENT_3D('',#5930,#5931,#5932);
#5934=CYLINDRICAL_SURFACE('',#5933,3.E-1);
#5935=ORIENTED_EDGE('',*,*,#5915,.F.);
#5936=ORIENTED_EDGE('',*,*,#4877,.T.);
#5937=ORIENTED_EDGE('',*,*,#4906,.T.);
#5939=ORIENTED_EDGE('',*,*,#5938,.F.);
#5940=EDGE_LOOP('',(#5935,#5936,#5937,#5939));
#5941=FACE_OUTER_BOUND('',#5940,.F.);
#5942=ADVANCED_FACE('',(#5941),#5934,.F.);
#5943=CARTESIAN_POINT('',(-8.5E-1,4.6E0,4.39E0));
#5944=DIRECTION('',(0.E0,0.E0,1.E0));
#5945=DIRECTION('',(1.E0,0.E0,0.E0));
#5946=AXIS2_PLACEMENT_3D('',#5943,#5944,#5945);
#5947=PLANE('',#5946);
#5948=ORIENTED_EDGE('',*,*,#5917,.F.);
#5949=ORIENTED_EDGE('',*,*,#5938,.T.);
#5950=ORIENTED_EDGE('',*,*,#4904,.T.);
#5952=ORIENTED_EDGE('',*,*,#5951,.F.);
#5953=EDGE_LOOP('',(#5948,#5949,#5950,#5952));
#5954=FACE_OUTER_BOUND('',#5953,.F.);
#5955=ADVANCED_FACE('',(#5954),#5947,.F.);
#5956=CARTESIAN_POINT('',(8.5E-1,4.6E0,4.09E0));
#5957=DIRECTION('',(0.E0,1.E0,0.E0));
#5958=DIRECTION('',(1.E0,0.E0,0.E0));
#5959=AXIS2_PLACEMENT_3D('',#5956,#5957,#5958);
#5960=CYLINDRICAL_SURFACE('',#5959,3.E-1);
#5961=ORIENTED_EDGE('',*,*,#5919,.F.);
#5962=ORIENTED_EDGE('',*,*,#5951,.T.);
#5963=ORIENTED_EDGE('',*,*,#4902,.T.);
#5964=ORIENTED_EDGE('',*,*,#4831,.F.);
#5965=EDGE_LOOP('',(#5961,#5962,#5963,#5964));
#5966=FACE_OUTER_BOUND('',#5965,.F.);
#5967=ADVANCED_FACE('',(#5966),#5960,.F.);
#5968=CARTESIAN_POINT('',(2.35E0,4.35E0,-5.2E-1));
#5969=DIRECTION('',(0.E0,-7.071067887617E-1,-7.071067736114E-1));
#5970=DIRECTION('',(0.E0,7.071067736114E-1,-7.071067887617E-1));
#5971=AXIS2_PLACEMENT_3D('',#5968,#5969,#5970);
#5972=SPHERICAL_SURFACE('',#5971,2.5E-1);
#5973=ORIENTED_EDGE('',*,*,#4861,.F.);
#5975=ORIENTED_EDGE('',*,*,#5974,.F.);
#5976=ORIENTED_EDGE('',*,*,#5902,.T.);
#5977=EDGE_LOOP('',(#5973,#5975,#5976));
#5978=FACE_OUTER_BOUND('',#5977,.F.);
#5979=ADVANCED_FACE('',(#5978),#5972,.T.);
#5980=CARTESIAN_POINT('',(2.35E0,-1.8067424E1,-5.2E-1));
#5981=DIRECTION('',(0.E0,1.E0,0.E0));
#5982=DIRECTION('',(1.E0,0.E0,0.E0));
#5983=AXIS2_PLACEMENT_3D('',#5980,#5981,#5982);
#5984=CYLINDRICAL_SURFACE('',#5983,2.5E-1);
#5986=ORIENTED_EDGE('',*,*,#5985,.T.);
#5987=ORIENTED_EDGE('',*,*,#5974,.T.);
#5988=ORIENTED_EDGE('',*,*,#4797,.F.);
#5989=ORIENTED_EDGE('',*,*,#4778,.T.);
#5990=EDGE_LOOP('',(#5986,#5987,#5988,#5989));
#5991=FACE_OUTER_BOUND('',#5990,.F.);
#5992=ADVANCED_FACE('',(#5991),#5984,.T.);
#5993=CARTESIAN_POINT('',(2.6E0,0.E0,0.E0));
#5994=DIRECTION('',(1.E0,0.E0,0.E0));
#5995=DIRECTION('',(0.E0,0.E0,-1.E0));
#5996=AXIS2_PLACEMENT_3D('',#5993,#5994,#5995);
#5997=PLANE('',#5996);
#5998=ORIENTED_EDGE('',*,*,#5904,.F.);
#5999=ORIENTED_EDGE('',*,*,#5985,.F.);
#6000=ORIENTED_EDGE('',*,*,#4776,.F.);
#6001=ORIENTED_EDGE('',*,*,#4392,.F.);
#6002=ORIENTED_EDGE('',*,*,#4963,.F.);
#6003=ORIENTED_EDGE('',*,*,#5884,.F.);
#6004=EDGE_LOOP('',(#5998,#5999,#6000,#6001,#6002,#6003));
#6005=FACE_OUTER_BOUND('',#6004,.F.);
#6006=ADVANCED_FACE('',(#6005),#5997,.T.);
#6007=CARTESIAN_POINT('',(8.4325E0,-1.74E0,0.E0));
#6008=DIRECTION('',(1.E0,0.E0,0.E0));
#6009=DIRECTION('',(0.E0,0.E0,-1.E0));
#6010=AXIS2_PLACEMENT_3D('',#6007,#6008,#6009);
#6011=PLANE('',#6010);
#6013=ORIENTED_EDGE('',*,*,#6012,.F.);
#6015=ORIENTED_EDGE('',*,*,#6014,.T.);
#6017=ORIENTED_EDGE('',*,*,#6016,.T.);
#6019=ORIENTED_EDGE('',*,*,#6018,.T.);
#6020=EDGE_LOOP('',(#6013,#6015,#6017,#6019));
#6021=FACE_OUTER_BOUND('',#6020,.F.);
#6022=ADVANCED_FACE('',(#6021),#6011,.F.);
#6023=CARTESIAN_POINT('',(8.4325E0,-1.74E0,0.E0));
#6024=DIRECTION('',(1.E0,0.E0,0.E0));
#6025=DIRECTION('',(0.E0,0.E0,-1.E0));
#6026=AXIS2_PLACEMENT_3D('',#6023,#6024,#6025);
#6027=PLANE('',#6026);
#6029=ORIENTED_EDGE('',*,*,#6028,.F.);
#6031=ORIENTED_EDGE('',*,*,#6030,.T.);
#6033=ORIENTED_EDGE('',*,*,#6032,.T.);
#6035=ORIENTED_EDGE('',*,*,#6034,.T.);
#6036=ORIENTED_EDGE('',*,*,#4681,.F.);
#6038=ORIENTED_EDGE('',*,*,#6037,.T.);
#6040=ORIENTED_EDGE('',*,*,#6039,.T.);
#6042=ORIENTED_EDGE('',*,*,#6041,.T.);
#6043=EDGE_LOOP('',(#6029,#6031,#6033,#6035,#6036,#6038,#6040,#6042));
#6044=FACE_OUTER_BOUND('',#6043,.F.);
#6045=ADVANCED_FACE('',(#6044),#6027,.F.);
#6046=CARTESIAN_POINT('',(8.5075E0,0.E0,2.525E0));
#6047=DIRECTION('',(-9.647638212377E-1,0.E0,2.631174057921E-1));
#6048=DIRECTION('',(2.631174057921E-1,0.E0,9.647638212377E-1));
#6049=AXIS2_PLACEMENT_3D('',#6046,#6047,#6048);
#6050=PLANE('',#6049);
#6052=ORIENTED_EDGE('',*,*,#6051,.F.);
#6054=ORIENTED_EDGE('',*,*,#6053,.T.);
#6055=ORIENTED_EDGE('',*,*,#6012,.T.);
#6057=ORIENTED_EDGE('',*,*,#6056,.T.);
#6058=EDGE_LOOP('',(#6052,#6054,#6055,#6057));
#6059=FACE_OUTER_BOUND('',#6058,.F.);
#6060=ADVANCED_FACE('',(#6059),#6050,.T.);
#6061=CARTESIAN_POINT('',(8.4325E0,3.175E-1,2.8E0));
#6062=DIRECTION('',(0.E0,0.E0,1.E0));
#6063=DIRECTION('',(0.E0,-1.E0,0.E0));
#6064=AXIS2_PLACEMENT_3D('',#6061,#6062,#6063);
#6065=PLANE('',#6064);
#6067=ORIENTED_EDGE('',*,*,#6066,.F.);
#6069=ORIENTED_EDGE('',*,*,#6068,.T.);
#6071=ORIENTED_EDGE('',*,*,#6070,.T.);
#6072=ORIENTED_EDGE('',*,*,#6051,.T.);
#6073=EDGE_LOOP('',(#6067,#6069,#6071,#6072));
#6074=FACE_OUTER_BOUND('',#6073,.F.);
#6075=ADVANCED_FACE('',(#6074),#6065,.T.);
#6076=CARTESIAN_POINT('',(8.75E0,2.425E-1,2.525E0));
#6077=DIRECTION('',(0.E0,9.647638212377E-1,2.631174057921E-1));
#6078=DIRECTION('',(0.E0,2.631174057921E-1,-9.647638212377E-1));
#6079=AXIS2_PLACEMENT_3D('',#6076,#6077,#6078);
#6080=PLANE('',#6079);
#6081=ORIENTED_EDGE('',*,*,#6066,.T.);
#6082=ORIENTED_EDGE('',*,*,#6056,.F.);
#6084=ORIENTED_EDGE('',*,*,#6083,.F.);
#6086=ORIENTED_EDGE('',*,*,#6085,.F.);
#6087=EDGE_LOOP('',(#6081,#6082,#6084,#6086));
#6088=FACE_OUTER_BOUND('',#6087,.F.);
#6089=ADVANCED_FACE('',(#6088),#6080,.T.);
#6090=CARTESIAN_POINT('',(8.4325E0,3.175E-1,-5.5325E0));
#6091=DIRECTION('',(0.E0,1.E0,0.E0));
#6092=DIRECTION('',(0.E0,0.E0,1.E0));
#6093=AXIS2_PLACEMENT_3D('',#6090,#6091,#6092);
#6094=PLANE('',#6093);
#6095=ORIENTED_EDGE('',*,*,#4683,.F.);
#6096=ORIENTED_EDGE('',*,*,#6034,.F.);
#6098=ORIENTED_EDGE('',*,*,#6097,.T.);
#6100=ORIENTED_EDGE('',*,*,#6099,.T.);
#6101=EDGE_LOOP('',(#6095,#6096,#6098,#6100));
#6102=FACE_OUTER_BOUND('',#6101,.F.);
#6103=ADVANCED_FACE('',(#6102),#6094,.T.);
#6104=CARTESIAN_POINT('',(8.4325E0,3.175E-1,-5.5325E0));
#6105=DIRECTION('',(0.E0,1.E0,0.E0));
#6106=DIRECTION('',(0.E0,0.E0,1.E0));
#6107=AXIS2_PLACEMENT_3D('',#6104,#6105,#6106);
#6108=PLANE('',#6107);
#6109=ORIENTED_EDGE('',*,*,#6083,.T.);
#6110=ORIENTED_EDGE('',*,*,#6018,.F.);
#6112=ORIENTED_EDGE('',*,*,#6111,.T.);
#6114=ORIENTED_EDGE('',*,*,#6113,.T.);
#6115=EDGE_LOOP('',(#6109,#6110,#6112,#6114));
#6116=FACE_OUTER_BOUND('',#6115,.F.);
#6117=ADVANCED_FACE('',(#6116),#6108,.T.);
#6118=CARTESIAN_POINT('',(8.4325E0,-6.175E-1,-5.5325E0));
#6119=DIRECTION('',(1.E0,0.E0,0.E0));
#6120=DIRECTION('',(0.E0,0.E0,-1.E0));
#6121=AXIS2_PLACEMENT_3D('',#6118,#6119,#6120);
#6122=CYLINDRICAL_SURFACE('',#6121,9.35E-1);
#6123=ORIENTED_EDGE('',*,*,#6032,.F.);
#6125=ORIENTED_EDGE('',*,*,#6124,.T.);
#6127=ORIENTED_EDGE('',*,*,#6126,.T.);
#6128=ORIENTED_EDGE('',*,*,#6097,.F.);
#6129=EDGE_LOOP('',(#6123,#6125,#6127,#6128));
#6130=FACE_OUTER_BOUND('',#6129,.F.);
#6131=ADVANCED_FACE('',(#6130),#6122,.T.);
#6132=CARTESIAN_POINT('',(8.4325E0,-5.24E0,-6.4675E0));
#6133=DIRECTION('',(0.E0,0.E0,-1.E0));
#6134=DIRECTION('',(0.E0,1.E0,0.E0));
#6135=AXIS2_PLACEMENT_3D('',#6132,#6133,#6134);
#6136=PLANE('',#6135);
#6138=ORIENTED_EDGE('',*,*,#6137,.F.);
#6140=ORIENTED_EDGE('',*,*,#6139,.T.);
#6141=ORIENTED_EDGE('',*,*,#6124,.F.);
#6142=ORIENTED_EDGE('',*,*,#6030,.F.);
#6143=EDGE_LOOP('',(#6138,#6140,#6141,#6142));
#6144=FACE_OUTER_BOUND('',#6143,.F.);
#6145=ADVANCED_FACE('',(#6144),#6136,.T.);
#6146=CARTESIAN_POINT('',(8.75E0,-4.965E0,-6.3925E0));
#6147=DIRECTION('',(0.E0,-2.631174057921E-1,-9.647638212377E-1));
#6148=DIRECTION('',(0.E0,-9.647638212377E-1,2.631174057921E-1));
#6149=AXIS2_PLACEMENT_3D('',#6146,#6147,#6148);
#6150=PLANE('',#6149);
#6152=ORIENTED_EDGE('',*,*,#6151,.F.);
#6154=ORIENTED_EDGE('',*,*,#6153,.F.);
#6156=ORIENTED_EDGE('',*,*,#6155,.T.);
#6157=ORIENTED_EDGE('',*,*,#6137,.T.);
#6158=EDGE_LOOP('',(#6152,#6154,#6156,#6157));
#6159=FACE_OUTER_BOUND('',#6158,.F.);
#6160=ADVANCED_FACE('',(#6159),#6150,.T.);
#6161=CARTESIAN_POINT('',(8.5075E0,-4.965E0,-6.15E0));
#6162=DIRECTION('',(-9.647638212377E-1,-2.631174057921E-1,0.E0));
#6163=DIRECTION('',(2.631174057921E-1,-9.647638212377E-1,0.E0));
#6164=AXIS2_PLACEMENT_3D('',#6161,#6162,#6163);
#6165=PLANE('',#6164);
#6166=ORIENTED_EDGE('',*,*,#6151,.T.);
#6167=ORIENTED_EDGE('',*,*,#6028,.T.);
#6169=ORIENTED_EDGE('',*,*,#6168,.F.);
#6171=ORIENTED_EDGE('',*,*,#6170,.F.);
#6172=EDGE_LOOP('',(#6166,#6167,#6169,#6171));
#6173=FACE_OUTER_BOUND('',#6172,.F.);
#6174=ADVANCED_FACE('',(#6173),#6165,.T.);
#6175=CARTESIAN_POINT('',(8.75E0,-4.965E0,-5.9075E0));
#6176=DIRECTION('',(0.E0,-2.631174057921E-1,9.647638212377E-1));
#6177=DIRECTION('',(0.E0,9.647638212377E-1,2.631174057921E-1));
#6178=AXIS2_PLACEMENT_3D('',#6175,#6176,#6177);
#6179=PLANE('',#6178);
#6181=ORIENTED_EDGE('',*,*,#6180,.F.);
#6183=ORIENTED_EDGE('',*,*,#6182,.F.);
#6185=ORIENTED_EDGE('',*,*,#6184,.T.);
#6186=ORIENTED_EDGE('',*,*,#6168,.T.);
#6187=EDGE_LOOP('',(#6181,#6183,#6185,#6186));
#6188=FACE_OUTER_BOUND('',#6187,.F.);
#6189=ADVANCED_FACE('',(#6188),#6179,.T.);
#6190=CARTESIAN_POINT('',(8.4325E0,-6.175E-1,-5.8325E0));
#6191=DIRECTION('',(0.E0,0.E0,1.E0));
#6192=DIRECTION('',(0.E0,-1.E0,0.E0));
#6193=AXIS2_PLACEMENT_3D('',#6190,#6191,#6192);
#6194=PLANE('',#6193);
#6195=ORIENTED_EDGE('',*,*,#6180,.T.);
#6196=ORIENTED_EDGE('',*,*,#6041,.F.);
#6198=ORIENTED_EDGE('',*,*,#6197,.T.);
#6200=ORIENTED_EDGE('',*,*,#6199,.T.);
#6201=EDGE_LOOP('',(#6195,#6196,#6198,#6200));
#6202=FACE_OUTER_BOUND('',#6201,.F.);
#6203=ADVANCED_FACE('',(#6202),#6194,.T.);
#6204=CARTESIAN_POINT('',(8.4325E0,-6.175E-1,-5.5325E0));
#6205=DIRECTION('',(1.E0,0.E0,0.E0));
#6206=DIRECTION('',(0.E0,0.E0,-1.E0));
#6207=AXIS2_PLACEMENT_3D('',#6204,#6205,#6206);
#6208=CYLINDRICAL_SURFACE('',#6207,3.E-1);
#6209=ORIENTED_EDGE('',*,*,#6039,.F.);
#6211=ORIENTED_EDGE('',*,*,#6210,.T.);
#6213=ORIENTED_EDGE('',*,*,#6212,.T.);
#6214=ORIENTED_EDGE('',*,*,#6197,.F.);
#6215=EDGE_LOOP('',(#6209,#6211,#6213,#6214));
#6216=FACE_OUTER_BOUND('',#6215,.F.);
#6217=ADVANCED_FACE('',(#6216),#6208,.F.);
#6218=CARTESIAN_POINT('',(8.4325E0,-3.175E-1,2.8E0));
#6219=DIRECTION('',(0.E0,-1.E0,0.E0));
#6220=DIRECTION('',(0.E0,0.E0,-1.E0));
#6221=AXIS2_PLACEMENT_3D('',#6218,#6219,#6220);
#6222=PLANE('',#6221);
#6223=ORIENTED_EDGE('',*,*,#4687,.T.);
#6225=ORIENTED_EDGE('',*,*,#6224,.T.);
#6226=ORIENTED_EDGE('',*,*,#6210,.F.);
#6227=ORIENTED_EDGE('',*,*,#6037,.F.);
#6228=EDGE_LOOP('',(#6223,#6225,#6226,#6227));
#6229=FACE_OUTER_BOUND('',#6228,.F.);
#6230=ADVANCED_FACE('',(#6229),#6222,.T.);
#6231=CARTESIAN_POINT('',(8.4325E0,-3.175E-1,2.8E0));
#6232=DIRECTION('',(0.E0,-1.E0,0.E0));
#6233=DIRECTION('',(0.E0,0.E0,-1.E0));
#6234=AXIS2_PLACEMENT_3D('',#6231,#6232,#6233);
#6235=PLANE('',#6234);
#6237=ORIENTED_EDGE('',*,*,#6236,.F.);
#6239=ORIENTED_EDGE('',*,*,#6238,.T.);
#6241=ORIENTED_EDGE('',*,*,#6240,.F.);
#6242=ORIENTED_EDGE('',*,*,#6014,.F.);
#6243=EDGE_LOOP('',(#6237,#6239,#6241,#6242));
#6244=FACE_OUTER_BOUND('',#6243,.F.);
#6245=ADVANCED_FACE('',(#6244),#6235,.T.);
#6246=CARTESIAN_POINT('',(9.0675E0,-1.74E0,0.E0));
#6247=DIRECTION('',(1.E0,0.E0,0.E0));
#6248=DIRECTION('',(0.E0,0.E0,-1.E0));
#6249=AXIS2_PLACEMENT_3D('',#6246,#6247,#6248);
#6250=PLANE('',#6249);
#6252=ORIENTED_EDGE('',*,*,#6251,.F.);
#6253=ORIENTED_EDGE('',*,*,#6113,.F.);
#6255=ORIENTED_EDGE('',*,*,#6254,.F.);
#6256=ORIENTED_EDGE('',*,*,#6238,.F.);
#6257=EDGE_LOOP('',(#6252,#6253,#6255,#6256));
#6258=FACE_OUTER_BOUND('',#6257,.F.);
#6259=ADVANCED_FACE('',(#6258),#6250,.T.);
#6260=CARTESIAN_POINT('',(9.0675E0,-1.74E0,0.E0));
#6261=DIRECTION('',(1.E0,0.E0,0.E0));
#6262=DIRECTION('',(0.E0,0.E0,-1.E0));
#6263=AXIS2_PLACEMENT_3D('',#6260,#6261,#6262);
#6264=PLANE('',#6263);
#6266=ORIENTED_EDGE('',*,*,#6265,.F.);
#6267=ORIENTED_EDGE('',*,*,#6199,.F.);
#6268=ORIENTED_EDGE('',*,*,#6212,.F.);
#6269=ORIENTED_EDGE('',*,*,#6224,.F.);
#6270=ORIENTED_EDGE('',*,*,#4685,.T.);
#6271=ORIENTED_EDGE('',*,*,#6099,.F.);
#6272=ORIENTED_EDGE('',*,*,#6126,.F.);
#6273=ORIENTED_EDGE('',*,*,#6139,.F.);
#6274=EDGE_LOOP('',(#6266,#6267,#6268,#6269,#6270,#6271,#6272,#6273));
#6275=FACE_OUTER_BOUND('',#6274,.F.);
#6276=ADVANCED_FACE('',(#6275),#6264,.T.);
#6277=CARTESIAN_POINT('',(8.9925E0,0.E0,2.525E0));
#6278=DIRECTION('',(9.647638212377E-1,0.E0,2.631174057921E-1));
#6279=DIRECTION('',(-2.631174057921E-1,0.E0,9.647638212377E-1));
#6280=AXIS2_PLACEMENT_3D('',#6277,#6278,#6279);
#6281=PLANE('',#6280);
#6282=ORIENTED_EDGE('',*,*,#6068,.F.);
#6283=ORIENTED_EDGE('',*,*,#6085,.T.);
#6284=ORIENTED_EDGE('',*,*,#6251,.T.);
#6286=ORIENTED_EDGE('',*,*,#6285,.T.);
#6287=EDGE_LOOP('',(#6282,#6283,#6284,#6286));
#6288=FACE_OUTER_BOUND('',#6287,.F.);
#6289=ADVANCED_FACE('',(#6288),#6281,.T.);
#6290=CARTESIAN_POINT('',(8.75E0,-2.425E-1,2.525E0));
#6291=DIRECTION('',(0.E0,-9.647638212377E-1,2.631174057921E-1));
#6292=DIRECTION('',(0.E0,2.631174057921E-1,9.647638212377E-1));
#6293=AXIS2_PLACEMENT_3D('',#6290,#6291,#6292);
#6294=PLANE('',#6293);
#6295=ORIENTED_EDGE('',*,*,#6236,.T.);
#6296=ORIENTED_EDGE('',*,*,#6053,.F.);
#6297=ORIENTED_EDGE('',*,*,#6070,.F.);
#6298=ORIENTED_EDGE('',*,*,#6285,.F.);
#6299=EDGE_LOOP('',(#6295,#6296,#6297,#6298));
#6300=FACE_OUTER_BOUND('',#6299,.F.);
#6301=ADVANCED_FACE('',(#6300),#6294,.T.);
#6302=CARTESIAN_POINT('',(0.E0,-1.74E0,-1.77E0));
#6303=DIRECTION('',(0.E0,0.E0,1.E0));
#6304=DIRECTION('',(1.E0,0.E0,0.E0));
#6305=AXIS2_PLACEMENT_3D('',#6302,#6303,#6304);
#6306=PLANE('',#6305);
#6308=ORIENTED_EDGE('',*,*,#6307,.F.);
#6310=ORIENTED_EDGE('',*,*,#6309,.F.);
#6312=ORIENTED_EDGE('',*,*,#6311,.F.);
#6314=ORIENTED_EDGE('',*,*,#6313,.F.);
#6315=EDGE_LOOP('',(#6308,#6310,#6312,#6314));
#6316=FACE_OUTER_BOUND('',#6315,.F.);
#6317=ORIENTED_EDGE('',*,*,#6016,.F.);
#6318=ORIENTED_EDGE('',*,*,#6240,.T.);
#6319=ORIENTED_EDGE('',*,*,#6254,.T.);
#6320=ORIENTED_EDGE('',*,*,#6111,.F.);
#6321=EDGE_LOOP('',(#6317,#6318,#6319,#6320));
#6322=FACE_BOUND('',#6321,.F.);
#6323=ADVANCED_FACE('',(#6316,#6322),#6306,.T.);
#6324=CARTESIAN_POINT('',(7.64E0,1.095E0,4.23E0));
#6325=DIRECTION('',(-1.E0,0.E0,0.E0));
#6326=DIRECTION('',(0.E0,-1.E0,0.E0));
#6327=AXIS2_PLACEMENT_3D('',#6324,#6325,#6326);
#6328=PLANE('',#6327);
#6330=ORIENTED_EDGE('',*,*,#6329,.T.);
#6332=ORIENTED_EDGE('',*,*,#6331,.T.);
#6334=ORIENTED_EDGE('',*,*,#6333,.T.);
#6335=ORIENTED_EDGE('',*,*,#4443,.F.);
#6337=ORIENTED_EDGE('',*,*,#6336,.T.);
#6338=ORIENTED_EDGE('',*,*,#6307,.T.);
#6340=ORIENTED_EDGE('',*,*,#6339,.F.);
#6341=EDGE_LOOP('',(#6330,#6332,#6334,#6335,#6337,#6338,#6340));
#6342=FACE_OUTER_BOUND('',#6341,.F.);
#6343=ADVANCED_FACE('',(#6342),#6328,.F.);
#6344=CARTESIAN_POINT('',(8.75E0,-1.095E0,-7.E-2));
#6345=DIRECTION('',(0.E0,0.E0,-1.E0));
#6346=DIRECTION('',(0.E0,1.E0,0.E0));
#6347=AXIS2_PLACEMENT_3D('',#6344,#6345,#6346);
#6348=PLANE('',#6347);
#6349=ORIENTED_EDGE('',*,*,#6329,.F.);
#6351=ORIENTED_EDGE('',*,*,#6350,.T.);
#6353=ORIENTED_EDGE('',*,*,#6352,.T.);
#6355=ORIENTED_EDGE('',*,*,#6354,.F.);
#6356=EDGE_LOOP('',(#6349,#6351,#6353,#6355));
#6357=FACE_OUTER_BOUND('',#6356,.F.);
#6358=ADVANCED_FACE('',(#6357),#6348,.F.);
#6359=CARTESIAN_POINT('',(7.64E0,-1.095E0,4.23E0));
#6360=DIRECTION('',(0.E0,-1.E0,0.E0));
#6361=DIRECTION('',(1.E0,0.E0,0.E0));
#6362=AXIS2_PLACEMENT_3D('',#6359,#6360,#6361);
#6363=PLANE('',#6362);
#6364=ORIENTED_EDGE('',*,*,#4437,.T.);
#6366=ORIENTED_EDGE('',*,*,#6365,.T.);
#6368=ORIENTED_EDGE('',*,*,#6367,.T.);
#6370=ORIENTED_EDGE('',*,*,#6369,.F.);
#6371=ORIENTED_EDGE('',*,*,#6350,.F.);
#6372=ORIENTED_EDGE('',*,*,#6339,.T.);
#6373=ORIENTED_EDGE('',*,*,#6313,.T.);
#6375=ORIENTED_EDGE('',*,*,#6374,.F.);
#6376=EDGE_LOOP('',(#6364,#6366,#6368,#6370,#6371,#6372,#6373,#6375));
#6377=FACE_OUTER_BOUND('',#6376,.F.);
#6378=ADVANCED_FACE('',(#6377),#6363,.F.);
#6379=CARTESIAN_POINT('',(5.14E0,1.095E0,4.23E0));
#6380=DIRECTION('',(-1.E0,0.E0,0.E0));
#6381=DIRECTION('',(0.E0,-1.E0,0.E0));
#6382=AXIS2_PLACEMENT_3D('',#6379,#6380,#6381);
#6383=PLANE('',#6382);
#6384=ORIENTED_EDGE('',*,*,#4451,.F.);
#6386=ORIENTED_EDGE('',*,*,#6385,.T.);
#6388=ORIENTED_EDGE('',*,*,#6387,.T.);
#6389=ORIENTED_EDGE('',*,*,#6365,.F.);
#6390=EDGE_LOOP('',(#6384,#6386,#6388,#6389));
#6391=FACE_OUTER_BOUND('',#6390,.F.);
#6392=ADVANCED_FACE('',(#6391),#6383,.F.);
#6393=CARTESIAN_POINT('',(7.36E0,1.095E0,4.23E0));
#6394=DIRECTION('',(0.E0,1.E0,0.E0));
#6395=DIRECTION('',(-1.E0,0.E0,0.E0));
#6396=AXIS2_PLACEMENT_3D('',#6393,#6394,#6395);
#6397=PLANE('',#6396);
#6398=ORIENTED_EDGE('',*,*,#4449,.F.);
#6400=ORIENTED_EDGE('',*,*,#6399,.T.);
#6402=ORIENTED_EDGE('',*,*,#6401,.T.);
#6403=ORIENTED_EDGE('',*,*,#6385,.F.);
#6404=EDGE_LOOP('',(#6398,#6400,#6402,#6403));
#6405=FACE_OUTER_BOUND('',#6404,.F.);
#6406=ADVANCED_FACE('',(#6405),#6397,.F.);
#6407=CARTESIAN_POINT('',(7.36E0,-1.095E0,4.23E0));
#6408=DIRECTION('',(1.E0,0.E0,0.E0));
#6409=DIRECTION('',(0.E0,1.E0,0.E0));
#6410=AXIS2_PLACEMENT_3D('',#6407,#6408,#6409);
#6411=PLANE('',#6410);
#6412=ORIENTED_EDGE('',*,*,#6352,.F.);
#6413=ORIENTED_EDGE('',*,*,#6369,.T.);
#6415=ORIENTED_EDGE('',*,*,#6414,.T.);
#6416=ORIENTED_EDGE('',*,*,#6399,.F.);
#6417=ORIENTED_EDGE('',*,*,#4447,.F.);
#6419=ORIENTED_EDGE('',*,*,#6418,.F.);
#6421=ORIENTED_EDGE('',*,*,#6420,.F.);
#6422=EDGE_LOOP('',(#6412,#6413,#6415,#6416,#6417,#6419,#6421));
#6423=FACE_OUTER_BOUND('',#6422,.F.);
#6424=ADVANCED_FACE('',(#6423),#6411,.F.);
#6425=CARTESIAN_POINT('',(0.E0,-1.74E0,-1.77E0));
#6426=DIRECTION('',(0.E0,0.E0,1.E0));
#6427=DIRECTION('',(1.E0,0.E0,0.E0));
#6428=AXIS2_PLACEMENT_3D('',#6425,#6426,#6427);
#6429=PLANE('',#6428);
#6430=ORIENTED_EDGE('',*,*,#6387,.F.);
#6431=ORIENTED_EDGE('',*,*,#6401,.F.);
#6432=ORIENTED_EDGE('',*,*,#6414,.F.);
#6433=ORIENTED_EDGE('',*,*,#6367,.F.);
#6434=EDGE_LOOP('',(#6430,#6431,#6432,#6433));
#6435=FACE_OUTER_BOUND('',#6434,.F.);
#6437=ORIENTED_EDGE('',*,*,#6436,.F.);
#6439=ORIENTED_EDGE('',*,*,#6438,.T.);
#6441=ORIENTED_EDGE('',*,*,#6440,.T.);
#6443=ORIENTED_EDGE('',*,*,#6442,.F.);
#6444=EDGE_LOOP('',(#6437,#6439,#6441,#6443));
#6445=FACE_BOUND('',#6444,.F.);
#6446=ADVANCED_FACE('',(#6435,#6445),#6429,.T.);
#6447=CARTESIAN_POINT('',(5.9325E0,-1.74E0,0.E0));
#6448=DIRECTION('',(1.E0,0.E0,0.E0));
#6449=DIRECTION('',(0.E0,0.E0,-1.E0));
#6450=AXIS2_PLACEMENT_3D('',#6447,#6448,#6449);
#6451=PLANE('',#6450);
#6453=ORIENTED_EDGE('',*,*,#6452,.F.);
#6455=ORIENTED_EDGE('',*,*,#6454,.T.);
#6457=ORIENTED_EDGE('',*,*,#6456,.T.);
#6459=ORIENTED_EDGE('',*,*,#6458,.T.);
#6460=ORIENTED_EDGE('',*,*,#4691,.F.);
#6462=ORIENTED_EDGE('',*,*,#6461,.T.);
#6464=ORIENTED_EDGE('',*,*,#6463,.T.);
#6466=ORIENTED_EDGE('',*,*,#6465,.T.);
#6467=EDGE_LOOP('',(#6453,#6455,#6457,#6459,#6460,#6462,#6464,#6466));
#6468=FACE_OUTER_BOUND('',#6467,.F.);
#6469=ADVANCED_FACE('',(#6468),#6451,.F.);
#6470=CARTESIAN_POINT('',(5.9325E0,-1.74E0,0.E0));
#6471=DIRECTION('',(1.E0,0.E0,0.E0));
#6472=DIRECTION('',(0.E0,0.E0,-1.E0));
#6473=AXIS2_PLACEMENT_3D('',#6470,#6471,#6472);
#6474=PLANE('',#6473);
#6476=ORIENTED_EDGE('',*,*,#6475,.F.);
#6478=ORIENTED_EDGE('',*,*,#6477,.T.);
#6479=ORIENTED_EDGE('',*,*,#6436,.T.);
#6481=ORIENTED_EDGE('',*,*,#6480,.T.);
#6482=EDGE_LOOP('',(#6476,#6478,#6479,#6481));
#6483=FACE_OUTER_BOUND('',#6482,.F.);
#6484=ADVANCED_FACE('',(#6483),#6474,.F.);
#6485=CARTESIAN_POINT('',(6.0075E0,-4.965E0,-6.15E0));
#6486=DIRECTION('',(-9.647638212377E-1,-2.631174057921E-1,0.E0));
#6487=DIRECTION('',(2.631174057921E-1,-9.647638212377E-1,0.E0));
#6488=AXIS2_PLACEMENT_3D('',#6485,#6486,#6487);
#6489=PLANE('',#6488);
#6491=ORIENTED_EDGE('',*,*,#6490,.F.);
#6493=ORIENTED_EDGE('',*,*,#6492,.F.);
#6495=ORIENTED_EDGE('',*,*,#6494,.T.);
#6496=ORIENTED_EDGE('',*,*,#6452,.T.);
#6497=EDGE_LOOP('',(#6491,#6493,#6495,#6496));
#6498=FACE_OUTER_BOUND('',#6497,.F.);
#6499=ADVANCED_FACE('',(#6498),#6489,.T.);
#6500=CARTESIAN_POINT('',(6.25E0,-4.965E0,-5.9075E0));
#6501=DIRECTION('',(0.E0,-2.631174057921E-1,9.647638212377E-1));
#6502=DIRECTION('',(0.E0,9.647638212377E-1,2.631174057921E-1));
#6503=AXIS2_PLACEMENT_3D('',#6500,#6501,#6502);
#6504=PLANE('',#6503);
#6505=ORIENTED_EDGE('',*,*,#6490,.T.);
#6507=ORIENTED_EDGE('',*,*,#6506,.F.);
#6509=ORIENTED_EDGE('',*,*,#6508,.F.);
#6511=ORIENTED_EDGE('',*,*,#6510,.T.);
#6512=EDGE_LOOP('',(#6505,#6507,#6509,#6511));
#6513=FACE_OUTER_BOUND('',#6512,.F.);
#6514=ADVANCED_FACE('',(#6513),#6504,.T.);
#6515=CARTESIAN_POINT('',(5.9325E0,-6.175E-1,-5.8325E0));
#6516=DIRECTION('',(0.E0,0.E0,1.E0));
#6517=DIRECTION('',(0.E0,-1.E0,0.E0));
#6518=AXIS2_PLACEMENT_3D('',#6515,#6516,#6517);
#6519=PLANE('',#6518);
#6520=ORIENTED_EDGE('',*,*,#6506,.T.);
#6521=ORIENTED_EDGE('',*,*,#6465,.F.);
#6523=ORIENTED_EDGE('',*,*,#6522,.T.);
#6525=ORIENTED_EDGE('',*,*,#6524,.T.);
#6526=EDGE_LOOP('',(#6520,#6521,#6523,#6525));
#6527=FACE_OUTER_BOUND('',#6526,.F.);
#6528=ADVANCED_FACE('',(#6527),#6519,.T.);
#6529=CARTESIAN_POINT('',(5.9325E0,-6.175E-1,-5.5325E0));
#6530=DIRECTION('',(1.E0,0.E0,0.E0));
#6531=DIRECTION('',(0.E0,0.E0,-1.E0));
#6532=AXIS2_PLACEMENT_3D('',#6529,#6530,#6531);
#6533=CYLINDRICAL_SURFACE('',#6532,3.E-1);
#6534=ORIENTED_EDGE('',*,*,#6463,.F.);
#6536=ORIENTED_EDGE('',*,*,#6535,.T.);
#6538=ORIENTED_EDGE('',*,*,#6537,.T.);
#6539=ORIENTED_EDGE('',*,*,#6522,.F.);
#6540=EDGE_LOOP('',(#6534,#6536,#6538,#6539));
#6541=FACE_OUTER_BOUND('',#6540,.F.);
#6542=ADVANCED_FACE('',(#6541),#6533,.F.);
#6543=CARTESIAN_POINT('',(5.9325E0,-3.175E-1,2.8E0));
#6544=DIRECTION('',(0.E0,-1.E0,0.E0));
#6545=DIRECTION('',(0.E0,0.E0,-1.E0));
#6546=AXIS2_PLACEMENT_3D('',#6543,#6544,#6545);
#6547=PLANE('',#6546);
#6548=ORIENTED_EDGE('',*,*,#4697,.T.);
#6550=ORIENTED_EDGE('',*,*,#6549,.T.);
#6551=ORIENTED_EDGE('',*,*,#6535,.F.);
#6552=ORIENTED_EDGE('',*,*,#6461,.F.);
#6553=EDGE_LOOP('',(#6548,#6550,#6551,#6552));
#6554=FACE_OUTER_BOUND('',#6553,.F.);
#6555=ADVANCED_FACE('',(#6554),#6547,.T.);
#6556=CARTESIAN_POINT('',(5.9325E0,-3.175E-1,2.8E0));
#6557=DIRECTION('',(0.E0,-1.E0,0.E0));
#6558=DIRECTION('',(0.E0,0.E0,-1.E0));
#6559=AXIS2_PLACEMENT_3D('',#6556,#6557,#6558);
#6560=PLANE('',#6559);
#6562=ORIENTED_EDGE('',*,*,#6561,.F.);
#6564=ORIENTED_EDGE('',*,*,#6563,.T.);
#6565=ORIENTED_EDGE('',*,*,#6438,.F.);
#6566=ORIENTED_EDGE('',*,*,#6477,.F.);
#6567=EDGE_LOOP('',(#6562,#6564,#6565,#6566));
#6568=FACE_OUTER_BOUND('',#6567,.F.);
#6569=ADVANCED_FACE('',(#6568),#6560,.T.);
#6570=CARTESIAN_POINT('',(6.5675E0,-1.74E0,0.E0));
#6571=DIRECTION('',(1.E0,0.E0,0.E0));
#6572=DIRECTION('',(0.E0,0.E0,-1.E0));
#6573=AXIS2_PLACEMENT_3D('',#6570,#6571,#6572);
#6574=PLANE('',#6573);
#6576=ORIENTED_EDGE('',*,*,#6575,.F.);
#6577=ORIENTED_EDGE('',*,*,#6524,.F.);
#6578=ORIENTED_EDGE('',*,*,#6537,.F.);
#6579=ORIENTED_EDGE('',*,*,#6549,.F.);
#6580=ORIENTED_EDGE('',*,*,#4695,.T.);
#6582=ORIENTED_EDGE('',*,*,#6581,.F.);
#6584=ORIENTED_EDGE('',*,*,#6583,.F.);
#6586=ORIENTED_EDGE('',*,*,#6585,.F.);
#6587=EDGE_LOOP('',(#6576,#6577,#6578,#6579,#6580,#6582,#6584,#6586));
#6588=FACE_OUTER_BOUND('',#6587,.F.);
#6589=ADVANCED_FACE('',(#6588),#6574,.T.);
#6590=CARTESIAN_POINT('',(6.5675E0,-1.74E0,0.E0));
#6591=DIRECTION('',(1.E0,0.E0,0.E0));
#6592=DIRECTION('',(0.E0,0.E0,-1.E0));
#6593=AXIS2_PLACEMENT_3D('',#6590,#6591,#6592);
#6594=PLANE('',#6593);
#6596=ORIENTED_EDGE('',*,*,#6595,.F.);
#6598=ORIENTED_EDGE('',*,*,#6597,.F.);
#6599=ORIENTED_EDGE('',*,*,#6440,.F.);
#6600=ORIENTED_EDGE('',*,*,#6563,.F.);
#6601=EDGE_LOOP('',(#6596,#6598,#6599,#6600));
#6602=FACE_OUTER_BOUND('',#6601,.F.);
#6603=ADVANCED_FACE('',(#6602),#6594,.T.);
#6604=CARTESIAN_POINT('',(6.4925E0,-4.965E0,-6.15E0));
#6605=DIRECTION('',(9.647638212377E-1,-2.631174057921E-1,0.E0));
#6606=DIRECTION('',(-2.631174057921E-1,-9.647638212377E-1,0.E0));
#6607=AXIS2_PLACEMENT_3D('',#6604,#6605,#6606);
#6608=PLANE('',#6607);
#6609=ORIENTED_EDGE('',*,*,#6508,.T.);
#6610=ORIENTED_EDGE('',*,*,#6575,.T.);
#6612=ORIENTED_EDGE('',*,*,#6611,.T.);
#6614=ORIENTED_EDGE('',*,*,#6613,.F.);
#6615=EDGE_LOOP('',(#6609,#6610,#6612,#6614));
#6616=FACE_OUTER_BOUND('',#6615,.F.);
#6617=ADVANCED_FACE('',(#6616),#6608,.T.);
#6618=CARTESIAN_POINT('',(6.25E0,-4.965E0,-6.3925E0));
#6619=DIRECTION('',(0.E0,-2.631174057921E-1,-9.647638212377E-1));
#6620=DIRECTION('',(0.E0,-9.647638212377E-1,2.631174057921E-1));
#6621=AXIS2_PLACEMENT_3D('',#6618,#6619,#6620);
#6622=PLANE('',#6621);
#6623=ORIENTED_EDGE('',*,*,#6494,.F.);
#6625=ORIENTED_EDGE('',*,*,#6624,.F.);
#6626=ORIENTED_EDGE('',*,*,#6611,.F.);
#6628=ORIENTED_EDGE('',*,*,#6627,.T.);
#6629=EDGE_LOOP('',(#6623,#6625,#6626,#6628));
#6630=FACE_OUTER_BOUND('',#6629,.F.);
#6631=ADVANCED_FACE('',(#6630),#6622,.T.);
#6632=CARTESIAN_POINT('',(5.9325E0,-5.24E0,-5.8325E0));
#6633=DIRECTION('',(0.E0,-1.E0,0.E0));
#6634=DIRECTION('',(0.E0,0.E0,-1.E0));
#6635=AXIS2_PLACEMENT_3D('',#6632,#6633,#6634);
#6636=PLANE('',#6635);
#6637=ORIENTED_EDGE('',*,*,#6624,.T.);
#6638=ORIENTED_EDGE('',*,*,#6492,.T.);
#6639=ORIENTED_EDGE('',*,*,#6510,.F.);
#6640=ORIENTED_EDGE('',*,*,#6613,.T.);
#6641=EDGE_LOOP('',(#6637,#6638,#6639,#6640));
#6642=FACE_OUTER_BOUND('',#6641,.F.);
#6643=ADVANCED_FACE('',(#6642),#6636,.T.);
#6644=CARTESIAN_POINT('',(5.9325E0,-5.24E0,-6.4675E0));
#6645=DIRECTION('',(0.E0,0.E0,-1.E0));
#6646=DIRECTION('',(0.E0,1.E0,0.E0));
#6647=AXIS2_PLACEMENT_3D('',#6644,#6645,#6646);
#6648=PLANE('',#6647);
#6649=ORIENTED_EDGE('',*,*,#6627,.F.);
#6650=ORIENTED_EDGE('',*,*,#6585,.T.);
#6652=ORIENTED_EDGE('',*,*,#6651,.F.);
#6653=ORIENTED_EDGE('',*,*,#6454,.F.);
#6654=EDGE_LOOP('',(#6649,#6650,#6652,#6653));
#6655=FACE_OUTER_BOUND('',#6654,.F.);
#6656=ADVANCED_FACE('',(#6655),#6648,.T.);
#6657=CARTESIAN_POINT('',(5.9325E0,-6.175E-1,-5.5325E0));
#6658=DIRECTION('',(1.E0,0.E0,0.E0));
#6659=DIRECTION('',(0.E0,0.E0,-1.E0));
#6660=AXIS2_PLACEMENT_3D('',#6657,#6658,#6659);
#6661=CYLINDRICAL_SURFACE('',#6660,9.35E-1);
#6662=ORIENTED_EDGE('',*,*,#6456,.F.);
#6663=ORIENTED_EDGE('',*,*,#6651,.T.);
#6664=ORIENTED_EDGE('',*,*,#6583,.T.);
#6666=ORIENTED_EDGE('',*,*,#6665,.F.);
#6667=EDGE_LOOP('',(#6662,#6663,#6664,#6666));
#6668=FACE_OUTER_BOUND('',#6667,.F.);
#6669=ADVANCED_FACE('',(#6668),#6661,.T.);
#6670=CARTESIAN_POINT('',(5.9325E0,3.175E-1,-5.5325E0));
#6671=DIRECTION('',(0.E0,1.E0,0.E0));
#6672=DIRECTION('',(0.E0,0.E0,1.E0));
#6673=AXIS2_PLACEMENT_3D('',#6670,#6671,#6672);
#6674=PLANE('',#6673);
#6675=ORIENTED_EDGE('',*,*,#4693,.F.);
#6676=ORIENTED_EDGE('',*,*,#6458,.F.);
#6677=ORIENTED_EDGE('',*,*,#6665,.T.);
#6678=ORIENTED_EDGE('',*,*,#6581,.T.);
#6679=EDGE_LOOP('',(#6675,#6676,#6677,#6678));
#6680=FACE_OUTER_BOUND('',#6679,.F.);
#6681=ADVANCED_FACE('',(#6680),#6674,.T.);
#6682=CARTESIAN_POINT('',(5.9325E0,3.175E-1,-5.5325E0));
#6683=DIRECTION('',(0.E0,1.E0,0.E0));
#6684=DIRECTION('',(0.E0,0.E0,1.E0));
#6685=AXIS2_PLACEMENT_3D('',#6682,#6683,#6684);
#6686=PLANE('',#6685);
#6688=ORIENTED_EDGE('',*,*,#6687,.T.);
#6689=ORIENTED_EDGE('',*,*,#6480,.F.);
#6690=ORIENTED_EDGE('',*,*,#6442,.T.);
#6691=ORIENTED_EDGE('',*,*,#6597,.T.);
#6692=EDGE_LOOP('',(#6688,#6689,#6690,#6691));
#6693=FACE_OUTER_BOUND('',#6692,.F.);
#6694=ADVANCED_FACE('',(#6693),#6686,.T.);
#6695=CARTESIAN_POINT('',(6.25E0,2.425E-1,2.525E0));
#6696=DIRECTION('',(0.E0,9.647638212377E-1,2.631174057921E-1));
#6697=DIRECTION('',(0.E0,2.631174057921E-1,-9.647638212377E-1));
#6698=AXIS2_PLACEMENT_3D('',#6695,#6696,#6697);
#6699=PLANE('',#6698);
#6701=ORIENTED_EDGE('',*,*,#6700,.F.);
#6702=ORIENTED_EDGE('',*,*,#6687,.F.);
#6704=ORIENTED_EDGE('',*,*,#6703,.F.);
#6706=ORIENTED_EDGE('',*,*,#6705,.T.);
#6707=EDGE_LOOP('',(#6701,#6702,#6704,#6706));
#6708=FACE_OUTER_BOUND('',#6707,.F.);
#6709=ADVANCED_FACE('',(#6708),#6699,.T.);
#6710=CARTESIAN_POINT('',(6.0075E0,0.E0,2.525E0));
#6711=DIRECTION('',(-9.647638212377E-1,0.E0,2.631174057921E-1));
#6712=DIRECTION('',(2.631174057921E-1,0.E0,9.647638212377E-1));
#6713=AXIS2_PLACEMENT_3D('',#6710,#6711,#6712);
#6714=PLANE('',#6713);
#6716=ORIENTED_EDGE('',*,*,#6715,.T.);
#6717=ORIENTED_EDGE('',*,*,#6475,.T.);
#6718=ORIENTED_EDGE('',*,*,#6700,.T.);
#6720=ORIENTED_EDGE('',*,*,#6719,.F.);
#6721=EDGE_LOOP('',(#6716,#6717,#6718,#6720));
#6722=FACE_OUTER_BOUND('',#6721,.F.);
#6723=ADVANCED_FACE('',(#6722),#6714,.T.);
#6724=CARTESIAN_POINT('',(6.25E0,-2.425E-1,2.525E0));
#6725=DIRECTION('',(0.E0,-9.647638212377E-1,2.631174057921E-1));
#6726=DIRECTION('',(0.E0,2.631174057921E-1,9.647638212377E-1));
#6727=AXIS2_PLACEMENT_3D('',#6724,#6725,#6726);
#6728=PLANE('',#6727);
#6729=ORIENTED_EDGE('',*,*,#6715,.F.);
#6731=ORIENTED_EDGE('',*,*,#6730,.F.);
#6733=ORIENTED_EDGE('',*,*,#6732,.F.);
#6734=ORIENTED_EDGE('',*,*,#6561,.T.);
#6735=EDGE_LOOP('',(#6729,#6731,#6733,#6734));
#6736=FACE_OUTER_BOUND('',#6735,.F.);
#6737=ADVANCED_FACE('',(#6736),#6728,.T.);
#6738=CARTESIAN_POINT('',(5.9325E0,3.175E-1,2.8E0));
#6739=DIRECTION('',(0.E0,0.E0,1.E0));
#6740=DIRECTION('',(0.E0,-1.E0,0.E0));
#6741=AXIS2_PLACEMENT_3D('',#6738,#6739,#6740);
#6742=PLANE('',#6741);
#6743=ORIENTED_EDGE('',*,*,#6705,.F.);
#6745=ORIENTED_EDGE('',*,*,#6744,.T.);
#6746=ORIENTED_EDGE('',*,*,#6730,.T.);
#6747=ORIENTED_EDGE('',*,*,#6719,.T.);
#6748=EDGE_LOOP('',(#6743,#6745,#6746,#6747));
#6749=FACE_OUTER_BOUND('',#6748,.F.);
#6750=ADVANCED_FACE('',(#6749),#6742,.T.);
#6751=CARTESIAN_POINT('',(6.4925E0,1.598721155460E-14,2.525E0));
#6752=DIRECTION('',(9.647638212377E-1,0.E0,2.631174057921E-1));
#6753=DIRECTION('',(-2.631174057921E-1,0.E0,9.647638212377E-1));
#6754=AXIS2_PLACEMENT_3D('',#6751,#6752,#6753);
#6755=PLANE('',#6754);
#6756=ORIENTED_EDGE('',*,*,#6732,.T.);
#6757=ORIENTED_EDGE('',*,*,#6744,.F.);
#6758=ORIENTED_EDGE('',*,*,#6703,.T.);
#6759=ORIENTED_EDGE('',*,*,#6595,.T.);
#6760=EDGE_LOOP('',(#6756,#6757,#6758,#6759));
#6761=FACE_OUTER_BOUND('',#6760,.F.);
#6762=ADVANCED_FACE('',(#6761),#6755,.T.);
#6763=CARTESIAN_POINT('',(8.75E0,-3.85E-1,3.63E0));
#6764=DIRECTION('',(0.E0,7.071067811865E-1,-7.071067811865E-1));
#6765=DIRECTION('',(0.E0,7.071067811865E-1,7.071067811865E-1));
#6766=AXIS2_PLACEMENT_3D('',#6763,#6764,#6765);
#6767=PLANE('',#6766);
#6768=ORIENTED_EDGE('',*,*,#4445,.T.);
#6769=ORIENTED_EDGE('',*,*,#6333,.F.);
#6771=ORIENTED_EDGE('',*,*,#6770,.T.);
#6772=ORIENTED_EDGE('',*,*,#6418,.T.);
#6773=EDGE_LOOP('',(#6768,#6769,#6771,#6772));
#6774=FACE_OUTER_BOUND('',#6773,.F.);
#6775=ADVANCED_FACE('',(#6774),#6767,.F.);
#6776=CARTESIAN_POINT('',(8.75E0,-3.85E-1,-7.E-2));
#6777=DIRECTION('',(0.E0,1.E0,0.E0));
#6778=DIRECTION('',(0.E0,0.E0,1.E0));
#6779=AXIS2_PLACEMENT_3D('',#6776,#6777,#6778);
#6780=PLANE('',#6779);
#6781=ORIENTED_EDGE('',*,*,#6331,.F.);
#6782=ORIENTED_EDGE('',*,*,#6354,.T.);
#6783=ORIENTED_EDGE('',*,*,#6420,.T.);
#6784=ORIENTED_EDGE('',*,*,#6770,.F.);
#6785=EDGE_LOOP('',(#6781,#6782,#6783,#6784));
#6786=FACE_OUTER_BOUND('',#6785,.F.);
#6787=ADVANCED_FACE('',(#6786),#6780,.F.);
#6788=CARTESIAN_POINT('',(9.86E0,-1.095E0,4.23E0));
#6789=DIRECTION('',(1.E0,0.E0,0.E0));
#6790=DIRECTION('',(0.E0,1.E0,0.E0));
#6791=AXIS2_PLACEMENT_3D('',#6788,#6789,#6790);
#6792=PLANE('',#6791);
#6793=ORIENTED_EDGE('',*,*,#4439,.F.);
#6794=ORIENTED_EDGE('',*,*,#6374,.T.);
#6795=ORIENTED_EDGE('',*,*,#6311,.T.);
#6797=ORIENTED_EDGE('',*,*,#6796,.F.);
#6798=EDGE_LOOP('',(#6793,#6794,#6795,#6797));
#6799=FACE_OUTER_BOUND('',#6798,.F.);
#6800=ADVANCED_FACE('',(#6799),#6792,.F.);
#6801=CARTESIAN_POINT('',(9.86E0,1.095E0,4.23E0));
#6802=DIRECTION('',(0.E0,1.E0,0.E0));
#6803=DIRECTION('',(-1.E0,0.E0,0.E0));
#6804=AXIS2_PLACEMENT_3D('',#6801,#6802,#6803);
#6805=PLANE('',#6804);
#6806=ORIENTED_EDGE('',*,*,#4441,.F.);
#6807=ORIENTED_EDGE('',*,*,#6796,.T.);
#6808=ORIENTED_EDGE('',*,*,#6309,.T.);
#6809=ORIENTED_EDGE('',*,*,#6336,.F.);
#6810=EDGE_LOOP('',(#6806,#6807,#6808,#6809));
#6811=FACE_OUTER_BOUND('',#6810,.F.);
#6812=ADVANCED_FACE('',(#6811),#6805,.F.);
#6813=CARTESIAN_POINT('',(8.9925E0,-4.965E0,-6.15E0));
#6814=DIRECTION('',(9.647638212377E-1,-2.631174057921E-1,0.E0));
#6815=DIRECTION('',(-2.631174057921E-1,-9.647638212377E-1,0.E0));
#6816=AXIS2_PLACEMENT_3D('',#6813,#6814,#6815);
#6817=PLANE('',#6816);
#6818=ORIENTED_EDGE('',*,*,#6155,.F.);
#6820=ORIENTED_EDGE('',*,*,#6819,.F.);
#6821=ORIENTED_EDGE('',*,*,#6182,.T.);
#6822=ORIENTED_EDGE('',*,*,#6265,.T.);
#6823=EDGE_LOOP('',(#6818,#6820,#6821,#6822));
#6824=FACE_OUTER_BOUND('',#6823,.F.);
#6825=ADVANCED_FACE('',(#6824),#6817,.T.);
#6826=CARTESIAN_POINT('',(8.4325E0,-5.24E0,-5.8325E0));
#6827=DIRECTION('',(0.E0,-1.E0,0.E0));
#6828=DIRECTION('',(0.E0,0.E0,-1.E0));
#6829=AXIS2_PLACEMENT_3D('',#6826,#6827,#6828);
#6830=PLANE('',#6829);
#6831=ORIENTED_EDGE('',*,*,#6153,.T.);
#6832=ORIENTED_EDGE('',*,*,#6170,.T.);
#6833=ORIENTED_EDGE('',*,*,#6184,.F.);
#6834=ORIENTED_EDGE('',*,*,#6819,.T.);
#6835=EDGE_LOOP('',(#6831,#6832,#6833,#6834));
#6836=FACE_OUTER_BOUND('',#6835,.F.);
#6837=ADVANCED_FACE('',(#6836),#6830,.T.);
#6838=CARTESIAN_POINT('',(3.4325E0,3.175E-1,-5.5325E0));
#6839=DIRECTION('',(0.E0,1.E0,0.E0));
#6840=DIRECTION('',(0.E0,0.E0,1.E0));
#6841=AXIS2_PLACEMENT_3D('',#6838,#6839,#6840);
#6842=PLANE('',#6841);
#6843=ORIENTED_EDGE('',*,*,#4702,.F.);
#6844=ORIENTED_EDGE('',*,*,#4555,.F.);
#6846=ORIENTED_EDGE('',*,*,#6845,.T.);
#6848=ORIENTED_EDGE('',*,*,#6847,.T.);
#6849=EDGE_LOOP('',(#6843,#6844,#6846,#6848));
#6850=FACE_OUTER_BOUND('',#6849,.F.);
#6851=ADVANCED_FACE('',(#6850),#6842,.T.);
#6852=CARTESIAN_POINT('',(3.4325E0,3.175E-1,-5.5325E0));
#6853=DIRECTION('',(0.E0,1.E0,0.E0));
#6854=DIRECTION('',(0.E0,0.E0,1.E0));
#6855=AXIS2_PLACEMENT_3D('',#6852,#6853,#6854);
#6856=PLANE('',#6855);
#6858=ORIENTED_EDGE('',*,*,#6857,.T.);
#6859=ORIENTED_EDGE('',*,*,#4578,.F.);
#6860=ORIENTED_EDGE('',*,*,#4539,.T.);
#6862=ORIENTED_EDGE('',*,*,#6861,.T.);
#6863=EDGE_LOOP('',(#6858,#6859,#6860,#6862));
#6864=FACE_OUTER_BOUND('',#6863,.F.);
#6865=ADVANCED_FACE('',(#6864),#6856,.T.);
#6866=CARTESIAN_POINT('',(3.4325E0,-6.175E-1,-5.5325E0));
#6867=DIRECTION('',(1.E0,0.E0,0.E0));
#6868=DIRECTION('',(0.E0,0.E0,-1.E0));
#6869=AXIS2_PLACEMENT_3D('',#6866,#6867,#6868);
#6870=CYLINDRICAL_SURFACE('',#6869,9.35E-1);
#6871=ORIENTED_EDGE('',*,*,#4553,.F.);
#6873=ORIENTED_EDGE('',*,*,#6872,.T.);
#6875=ORIENTED_EDGE('',*,*,#6874,.T.);
#6876=ORIENTED_EDGE('',*,*,#6845,.F.);
#6877=EDGE_LOOP('',(#6871,#6873,#6875,#6876));
#6878=FACE_OUTER_BOUND('',#6877,.F.);
#6879=ADVANCED_FACE('',(#6878),#6870,.T.);
#6880=CARTESIAN_POINT('',(3.4325E0,-5.24E0,-6.4675E0));
#6881=DIRECTION('',(0.E0,0.E0,-1.E0));
#6882=DIRECTION('',(0.E0,1.E0,0.E0));
#6883=AXIS2_PLACEMENT_3D('',#6880,#6881,#6882);
#6884=PLANE('',#6883);
#6886=ORIENTED_EDGE('',*,*,#6885,.F.);
#6888=ORIENTED_EDGE('',*,*,#6887,.T.);
#6889=ORIENTED_EDGE('',*,*,#6872,.F.);
#6890=ORIENTED_EDGE('',*,*,#4551,.F.);
#6891=EDGE_LOOP('',(#6886,#6888,#6889,#6890));
#6892=FACE_OUTER_BOUND('',#6891,.F.);
#6893=ADVANCED_FACE('',(#6892),#6884,.T.);
#6894=CARTESIAN_POINT('',(3.75E0,-4.965E0,-6.3925E0));
#6895=DIRECTION('',(0.E0,-2.631174057921E-1,-9.647638212377E-1));
#6896=DIRECTION('',(0.E0,-9.647638212377E-1,2.631174057921E-1));
#6897=AXIS2_PLACEMENT_3D('',#6894,#6895,#6896);
#6898=PLANE('',#6897);
#6899=ORIENTED_EDGE('',*,*,#4592,.F.);
#6901=ORIENTED_EDGE('',*,*,#6900,.F.);
#6903=ORIENTED_EDGE('',*,*,#6902,.F.);
#6904=ORIENTED_EDGE('',*,*,#6885,.T.);
#6905=EDGE_LOOP('',(#6899,#6901,#6903,#6904));
#6906=FACE_OUTER_BOUND('',#6905,.F.);
#6907=ADVANCED_FACE('',(#6906),#6898,.T.);
#6908=CARTESIAN_POINT('',(3.4325E0,-5.24E0,-5.8325E0));
#6909=DIRECTION('',(0.E0,-1.E0,0.E0));
#6910=DIRECTION('',(0.E0,0.E0,-1.E0));
#6911=AXIS2_PLACEMENT_3D('',#6908,#6909,#6910);
#6912=PLANE('',#6911);
#6913=ORIENTED_EDGE('',*,*,#6900,.T.);
#6914=ORIENTED_EDGE('',*,*,#4590,.T.);
#6915=ORIENTED_EDGE('',*,*,#4608,.F.);
#6917=ORIENTED_EDGE('',*,*,#6916,.T.);
#6918=EDGE_LOOP('',(#6913,#6914,#6915,#6917));
#6919=FACE_OUTER_BOUND('',#6918,.F.);
#6920=ADVANCED_FACE('',(#6919),#6912,.T.);
#6921=CARTESIAN_POINT('',(3.9925E0,-4.965E0,-6.15E0));
#6922=DIRECTION('',(9.647638212377E-1,-2.631174057921E-1,0.E0));
#6923=DIRECTION('',(-2.631174057921E-1,-9.647638212377E-1,0.E0));
#6924=AXIS2_PLACEMENT_3D('',#6921,#6922,#6923);
#6925=PLANE('',#6924);
#6926=ORIENTED_EDGE('',*,*,#4606,.T.);
#6928=ORIENTED_EDGE('',*,*,#6927,.T.);
#6929=ORIENTED_EDGE('',*,*,#6902,.T.);
#6930=ORIENTED_EDGE('',*,*,#6916,.F.);
#6931=EDGE_LOOP('',(#6926,#6928,#6929,#6930));
#6932=FACE_OUTER_BOUND('',#6931,.F.);
#6933=ADVANCED_FACE('',(#6932),#6925,.T.);
#6934=CARTESIAN_POINT('',(4.0675E0,-1.74E0,0.E0));
#6935=DIRECTION('',(1.E0,0.E0,0.E0));
#6936=DIRECTION('',(0.E0,0.E0,-1.E0));
#6937=AXIS2_PLACEMENT_3D('',#6934,#6935,#6936);
#6938=PLANE('',#6937);
#6939=ORIENTED_EDGE('',*,*,#6927,.F.);
#6940=ORIENTED_EDGE('',*,*,#4622,.F.);
#6941=ORIENTED_EDGE('',*,*,#4635,.F.);
#6942=ORIENTED_EDGE('',*,*,#4648,.F.);
#6943=ORIENTED_EDGE('',*,*,#4704,.T.);
#6944=ORIENTED_EDGE('',*,*,#6847,.F.);
#6945=ORIENTED_EDGE('',*,*,#6874,.F.);
#6946=ORIENTED_EDGE('',*,*,#6887,.F.);
#6947=EDGE_LOOP('',(#6939,#6940,#6941,#6942,#6943,#6944,#6945,#6946));
#6948=FACE_OUTER_BOUND('',#6947,.F.);
#6949=ADVANCED_FACE('',(#6948),#6938,.T.);
#6950=CARTESIAN_POINT('',(4.0675E0,-1.74E0,0.E0));
#6951=DIRECTION('',(1.E0,0.E0,0.E0));
#6952=DIRECTION('',(0.E0,0.E0,-1.E0));
#6953=AXIS2_PLACEMENT_3D('',#6950,#6951,#6952);
#6954=PLANE('',#6953);
#6956=ORIENTED_EDGE('',*,*,#6955,.F.);
#6957=ORIENTED_EDGE('',*,*,#6861,.F.);
#6958=ORIENTED_EDGE('',*,*,#4537,.F.);
#6959=ORIENTED_EDGE('',*,*,#4662,.F.);
#6960=EDGE_LOOP('',(#6956,#6957,#6958,#6959));
#6961=FACE_OUTER_BOUND('',#6960,.F.);
#6962=ADVANCED_FACE('',(#6961),#6954,.T.);
#6963=CARTESIAN_POINT('',(3.9925E0,0.E0,2.525E0));
#6964=DIRECTION('',(9.647638212377E-1,0.E0,2.631174057921E-1));
#6965=DIRECTION('',(-2.631174057921E-1,0.E0,9.647638212377E-1));
#6966=AXIS2_PLACEMENT_3D('',#6963,#6964,#6965);
#6967=PLANE('',#6966);
#6969=ORIENTED_EDGE('',*,*,#6968,.T.);
#6971=ORIENTED_EDGE('',*,*,#6970,.F.);
#6973=ORIENTED_EDGE('',*,*,#6972,.T.);
#6974=ORIENTED_EDGE('',*,*,#6955,.T.);
#6975=EDGE_LOOP('',(#6969,#6971,#6973,#6974));
#6976=FACE_OUTER_BOUND('',#6975,.F.);
#6977=ADVANCED_FACE('',(#6976),#6967,.T.);
#6978=CARTESIAN_POINT('',(3.75E0,-2.425E-1,2.525E0));
#6979=DIRECTION('',(0.E0,-9.647638212377E-1,2.631174057921E-1));
#6980=DIRECTION('',(0.E0,2.631174057921E-1,9.647638212377E-1));
#6981=AXIS2_PLACEMENT_3D('',#6978,#6979,#6980);
#6982=PLANE('',#6981);
#6984=ORIENTED_EDGE('',*,*,#6983,.F.);
#6986=ORIENTED_EDGE('',*,*,#6985,.F.);
#6987=ORIENTED_EDGE('',*,*,#6968,.F.);
#6988=ORIENTED_EDGE('',*,*,#4660,.T.);
#6989=EDGE_LOOP('',(#6984,#6986,#6987,#6988));
#6990=FACE_OUTER_BOUND('',#6989,.F.);
#6991=ADVANCED_FACE('',(#6990),#6982,.T.);
#6992=CARTESIAN_POINT('',(3.5075E0,0.E0,2.525E0));
#6993=DIRECTION('',(-9.647638212377E-1,0.E0,2.631174057921E-1));
#6994=DIRECTION('',(2.631174057921E-1,0.E0,9.647638212377E-1));
#6995=AXIS2_PLACEMENT_3D('',#6992,#6993,#6994);
#6996=PLANE('',#6995);
#6997=ORIENTED_EDGE('',*,*,#6983,.T.);
#6998=ORIENTED_EDGE('',*,*,#4573,.T.);
#7000=ORIENTED_EDGE('',*,*,#6999,.T.);
#7002=ORIENTED_EDGE('',*,*,#7001,.F.);
#7003=EDGE_LOOP('',(#6997,#6998,#7000,#7002));
#7004=FACE_OUTER_BOUND('',#7003,.F.);
#7005=ADVANCED_FACE('',(#7004),#6996,.T.);
#7006=CARTESIAN_POINT('',(3.75E0,2.425E-1,2.525E0));
#7007=DIRECTION('',(0.E0,9.647638212377E-1,2.631174057921E-1));
#7008=DIRECTION('',(0.E0,2.631174057921E-1,-9.647638212377E-1));
#7009=AXIS2_PLACEMENT_3D('',#7006,#7007,#7008);
#7010=PLANE('',#7009);
#7011=ORIENTED_EDGE('',*,*,#6999,.F.);
#7012=ORIENTED_EDGE('',*,*,#6857,.F.);
#7013=ORIENTED_EDGE('',*,*,#6972,.F.);
#7015=ORIENTED_EDGE('',*,*,#7014,.T.);
#7016=EDGE_LOOP('',(#7011,#7012,#7013,#7015));
#7017=FACE_OUTER_BOUND('',#7016,.F.);
#7018=ADVANCED_FACE('',(#7017),#7010,.T.);
#7019=CARTESIAN_POINT('',(3.4325E0,3.175E-1,2.8E0));
#7020=DIRECTION('',(0.E0,0.E0,1.E0));
#7021=DIRECTION('',(0.E0,-1.E0,0.E0));
#7022=AXIS2_PLACEMENT_3D('',#7019,#7020,#7021);
#7023=PLANE('',#7022);
#7024=ORIENTED_EDGE('',*,*,#7014,.F.);
#7025=ORIENTED_EDGE('',*,*,#6970,.T.);
#7026=ORIENTED_EDGE('',*,*,#6985,.T.);
#7027=ORIENTED_EDGE('',*,*,#7001,.T.);
#7028=EDGE_LOOP('',(#7024,#7025,#7026,#7027));
#7029=FACE_OUTER_BOUND('',#7028,.F.);
#7030=ADVANCED_FACE('',(#7029),#7023,.T.);
#7031=CARTESIAN_POINT('',(-4.0675E0,-1.74E0,0.E0));
#7032=DIRECTION('',(1.E0,0.E0,0.E0));
#7033=DIRECTION('',(0.E0,0.E0,-1.E0));
#7034=AXIS2_PLACEMENT_3D('',#7031,#7032,#7033);
#7035=PLANE('',#7034);
#7037=ORIENTED_EDGE('',*,*,#7036,.F.);
#7039=ORIENTED_EDGE('',*,*,#7038,.T.);
#7041=ORIENTED_EDGE('',*,*,#7040,.T.);
#7043=ORIENTED_EDGE('',*,*,#7042,.T.);
#7044=ORIENTED_EDGE('',*,*,#4729,.F.);
#7046=ORIENTED_EDGE('',*,*,#7045,.T.);
#7048=ORIENTED_EDGE('',*,*,#7047,.T.);
#7050=ORIENTED_EDGE('',*,*,#7049,.T.);
#7051=EDGE_LOOP('',(#7037,#7039,#7041,#7043,#7044,#7046,#7048,#7050));
#7052=FACE_OUTER_BOUND('',#7051,.F.);
#7053=ADVANCED_FACE('',(#7052),#7035,.F.);
#7054=CARTESIAN_POINT('',(-4.0675E0,-1.74E0,0.E0));
#7055=DIRECTION('',(1.E0,0.E0,0.E0));
#7056=DIRECTION('',(0.E0,0.E0,-1.E0));
#7057=AXIS2_PLACEMENT_3D('',#7054,#7055,#7056);
#7058=PLANE('',#7057);
#7060=ORIENTED_EDGE('',*,*,#7059,.F.);
#7062=ORIENTED_EDGE('',*,*,#7061,.T.);
#7064=ORIENTED_EDGE('',*,*,#7063,.T.);
#7066=ORIENTED_EDGE('',*,*,#7065,.T.);
#7067=EDGE_LOOP('',(#7060,#7062,#7064,#7066));
#7068=FACE_OUTER_BOUND('',#7067,.F.);
#7069=ADVANCED_FACE('',(#7068),#7058,.F.);
#7070=CARTESIAN_POINT('',(-3.9925E0,-4.965E0,-6.15E0));
#7071=DIRECTION('',(-9.647638212377E-1,-2.631174057921E-1,0.E0));
#7072=DIRECTION('',(2.631174057921E-1,-9.647638212377E-1,0.E0));
#7073=AXIS2_PLACEMENT_3D('',#7070,#7071,#7072);
#7074=PLANE('',#7073);
#7076=ORIENTED_EDGE('',*,*,#7075,.F.);
#7078=ORIENTED_EDGE('',*,*,#7077,.F.);
#7080=ORIENTED_EDGE('',*,*,#7079,.T.);
#7081=ORIENTED_EDGE('',*,*,#7036,.T.);
#7082=EDGE_LOOP('',(#7076,#7078,#7080,#7081));
#7083=FACE_OUTER_BOUND('',#7082,.F.);
#7084=ADVANCED_FACE('',(#7083),#7074,.T.);
#7085=CARTESIAN_POINT('',(-3.75E0,-4.965E0,-5.9075E0));
#7086=DIRECTION('',(0.E0,-2.631174057921E-1,9.647638212377E-1));
#7087=DIRECTION('',(0.E0,9.647638212377E-1,2.631174057921E-1));
#7088=AXIS2_PLACEMENT_3D('',#7085,#7086,#7087);
#7089=PLANE('',#7088);
#7090=ORIENTED_EDGE('',*,*,#7075,.T.);
#7092=ORIENTED_EDGE('',*,*,#7091,.F.);
#7094=ORIENTED_EDGE('',*,*,#7093,.F.);
#7096=ORIENTED_EDGE('',*,*,#7095,.T.);
#7097=EDGE_LOOP('',(#7090,#7092,#7094,#7096));
#7098=FACE_OUTER_BOUND('',#7097,.F.);
#7099=ADVANCED_FACE('',(#7098),#7089,.T.);
#7100=CARTESIAN_POINT('',(-4.0675E0,-6.175E-1,-5.8325E0));
#7101=DIRECTION('',(0.E0,0.E0,1.E0));
#7102=DIRECTION('',(0.E0,-1.E0,0.E0));
#7103=AXIS2_PLACEMENT_3D('',#7100,#7101,#7102);
#7104=PLANE('',#7103);
#7105=ORIENTED_EDGE('',*,*,#7091,.T.);
#7106=ORIENTED_EDGE('',*,*,#7049,.F.);
#7108=ORIENTED_EDGE('',*,*,#7107,.T.);
#7110=ORIENTED_EDGE('',*,*,#7109,.T.);
#7111=EDGE_LOOP('',(#7105,#7106,#7108,#7110));
#7112=FACE_OUTER_BOUND('',#7111,.F.);
#7113=ADVANCED_FACE('',(#7112),#7104,.T.);
#7114=CARTESIAN_POINT('',(-4.0675E0,-6.175E-1,-5.5325E0));
#7115=DIRECTION('',(1.E0,0.E0,0.E0));
#7116=DIRECTION('',(0.E0,0.E0,-1.E0));
#7117=AXIS2_PLACEMENT_3D('',#7114,#7115,#7116);
#7118=CYLINDRICAL_SURFACE('',#7117,3.E-1);
#7119=ORIENTED_EDGE('',*,*,#7047,.F.);
#7121=ORIENTED_EDGE('',*,*,#7120,.T.);
#7123=ORIENTED_EDGE('',*,*,#7122,.T.);
#7124=ORIENTED_EDGE('',*,*,#7107,.F.);
#7125=EDGE_LOOP('',(#7119,#7121,#7123,#7124));
#7126=FACE_OUTER_BOUND('',#7125,.F.);
#7127=ADVANCED_FACE('',(#7126),#7118,.F.);
#7128=CARTESIAN_POINT('',(-4.0675E0,-3.175E-1,2.8E0));
#7129=DIRECTION('',(0.E0,-1.E0,0.E0));
#7130=DIRECTION('',(0.E0,0.E0,-1.E0));
#7131=AXIS2_PLACEMENT_3D('',#7128,#7129,#7130);
#7132=PLANE('',#7131);
#7133=ORIENTED_EDGE('',*,*,#4735,.T.);
#7135=ORIENTED_EDGE('',*,*,#7134,.T.);
#7136=ORIENTED_EDGE('',*,*,#7120,.F.);
#7137=ORIENTED_EDGE('',*,*,#7045,.F.);
#7138=EDGE_LOOP('',(#7133,#7135,#7136,#7137));
#7139=FACE_OUTER_BOUND('',#7138,.F.);
#7140=ADVANCED_FACE('',(#7139),#7132,.T.);
#7141=CARTESIAN_POINT('',(-4.0675E0,-3.175E-1,2.8E0));
#7142=DIRECTION('',(0.E0,-1.E0,0.E0));
#7143=DIRECTION('',(0.E0,0.E0,-1.E0));
#7144=AXIS2_PLACEMENT_3D('',#7141,#7142,#7143);
#7145=PLANE('',#7144);
#7147=ORIENTED_EDGE('',*,*,#7146,.F.);
#7149=ORIENTED_EDGE('',*,*,#7148,.T.);
#7151=ORIENTED_EDGE('',*,*,#7150,.F.);
#7152=ORIENTED_EDGE('',*,*,#7061,.F.);
#7153=EDGE_LOOP('',(#7147,#7149,#7151,#7152));
#7154=FACE_OUTER_BOUND('',#7153,.F.);
#7155=ADVANCED_FACE('',(#7154),#7145,.T.);
#7156=CARTESIAN_POINT('',(-3.4325E0,-1.74E0,0.E0));
#7157=DIRECTION('',(1.E0,0.E0,0.E0));
#7158=DIRECTION('',(0.E0,0.E0,-1.E0));
#7159=AXIS2_PLACEMENT_3D('',#7156,#7157,#7158);
#7160=PLANE('',#7159);
#7162=ORIENTED_EDGE('',*,*,#7161,.F.);
#7163=ORIENTED_EDGE('',*,*,#7109,.F.);
#7164=ORIENTED_EDGE('',*,*,#7122,.F.);
#7165=ORIENTED_EDGE('',*,*,#7134,.F.);
#7166=ORIENTED_EDGE('',*,*,#4733,.T.);
#7168=ORIENTED_EDGE('',*,*,#7167,.F.);
#7170=ORIENTED_EDGE('',*,*,#7169,.F.);
#7172=ORIENTED_EDGE('',*,*,#7171,.F.);
#7173=EDGE_LOOP('',(#7162,#7163,#7164,#7165,#7166,#7168,#7170,#7172));
#7174=FACE_OUTER_BOUND('',#7173,.F.);
#7175=ADVANCED_FACE('',(#7174),#7160,.T.);
#7176=CARTESIAN_POINT('',(-3.4325E0,-1.74E0,0.E0));
#7177=DIRECTION('',(1.E0,0.E0,0.E0));
#7178=DIRECTION('',(0.E0,0.E0,-1.E0));
#7179=AXIS2_PLACEMENT_3D('',#7176,#7177,#7178);
#7180=PLANE('',#7179);
#7182=ORIENTED_EDGE('',*,*,#7181,.F.);
#7184=ORIENTED_EDGE('',*,*,#7183,.F.);
#7186=ORIENTED_EDGE('',*,*,#7185,.F.);
#7187=ORIENTED_EDGE('',*,*,#7148,.F.);
#7188=EDGE_LOOP('',(#7182,#7184,#7186,#7187));
#7189=FACE_OUTER_BOUND('',#7188,.F.);
#7190=ADVANCED_FACE('',(#7189),#7180,.T.);
#7191=CARTESIAN_POINT('',(-3.5075E0,-4.965E0,-6.15E0));
#7192=DIRECTION('',(9.647638212377E-1,-2.631174057921E-1,0.E0));
#7193=DIRECTION('',(-2.631174057921E-1,-9.647638212377E-1,0.E0));
#7194=AXIS2_PLACEMENT_3D('',#7191,#7192,#7193);
#7195=PLANE('',#7194);
#7196=ORIENTED_EDGE('',*,*,#7093,.T.);
#7197=ORIENTED_EDGE('',*,*,#7161,.T.);
#7199=ORIENTED_EDGE('',*,*,#7198,.T.);
#7201=ORIENTED_EDGE('',*,*,#7200,.F.);
#7202=EDGE_LOOP('',(#7196,#7197,#7199,#7201));
#7203=FACE_OUTER_BOUND('',#7202,.F.);
#7204=ADVANCED_FACE('',(#7203),#7195,.T.);
#7205=CARTESIAN_POINT('',(-3.75E0,-4.965E0,-6.3925E0));
#7206=DIRECTION('',(0.E0,-2.631174057921E-1,-9.647638212377E-1));
#7207=DIRECTION('',(0.E0,-9.647638212377E-1,2.631174057921E-1));
#7208=AXIS2_PLACEMENT_3D('',#7205,#7206,#7207);
#7209=PLANE('',#7208);
#7210=ORIENTED_EDGE('',*,*,#7079,.F.);
#7212=ORIENTED_EDGE('',*,*,#7211,.F.);
#7213=ORIENTED_EDGE('',*,*,#7198,.F.);
#7215=ORIENTED_EDGE('',*,*,#7214,.T.);
#7216=EDGE_LOOP('',(#7210,#7212,#7213,#7215));
#7217=FACE_OUTER_BOUND('',#7216,.F.);
#7218=ADVANCED_FACE('',(#7217),#7209,.T.);
#7219=CARTESIAN_POINT('',(-4.0675E0,-5.24E0,-5.8325E0));
#7220=DIRECTION('',(0.E0,-1.E0,0.E0));
#7221=DIRECTION('',(0.E0,0.E0,-1.E0));
#7222=AXIS2_PLACEMENT_3D('',#7219,#7220,#7221);
#7223=PLANE('',#7222);
#7224=ORIENTED_EDGE('',*,*,#7211,.T.);
#7225=ORIENTED_EDGE('',*,*,#7077,.T.);
#7226=ORIENTED_EDGE('',*,*,#7095,.F.);
#7227=ORIENTED_EDGE('',*,*,#7200,.T.);
#7228=EDGE_LOOP('',(#7224,#7225,#7226,#7227));
#7229=FACE_OUTER_BOUND('',#7228,.F.);
#7230=ADVANCED_FACE('',(#7229),#7223,.T.);
#7231=CARTESIAN_POINT('',(-4.0675E0,-5.24E0,-6.4675E0));
#7232=DIRECTION('',(0.E0,0.E0,-1.E0));
#7233=DIRECTION('',(0.E0,1.E0,0.E0));
#7234=AXIS2_PLACEMENT_3D('',#7231,#7232,#7233);
#7235=PLANE('',#7234);
#7236=ORIENTED_EDGE('',*,*,#7214,.F.);
#7237=ORIENTED_EDGE('',*,*,#7171,.T.);
#7239=ORIENTED_EDGE('',*,*,#7238,.F.);
#7240=ORIENTED_EDGE('',*,*,#7038,.F.);
#7241=EDGE_LOOP('',(#7236,#7237,#7239,#7240));
#7242=FACE_OUTER_BOUND('',#7241,.F.);
#7243=ADVANCED_FACE('',(#7242),#7235,.T.);
#7244=CARTESIAN_POINT('',(-4.0675E0,-6.175E-1,-5.5325E0));
#7245=DIRECTION('',(1.E0,0.E0,0.E0));
#7246=DIRECTION('',(0.E0,0.E0,-1.E0));
#7247=AXIS2_PLACEMENT_3D('',#7244,#7245,#7246);
#7248=CYLINDRICAL_SURFACE('',#7247,9.35E-1);
#7249=ORIENTED_EDGE('',*,*,#7040,.F.);
#7250=ORIENTED_EDGE('',*,*,#7238,.T.);
#7251=ORIENTED_EDGE('',*,*,#7169,.T.);
#7253=ORIENTED_EDGE('',*,*,#7252,.F.);
#7254=EDGE_LOOP('',(#7249,#7250,#7251,#7253));
#7255=FACE_OUTER_BOUND('',#7254,.F.);
#7256=ADVANCED_FACE('',(#7255),#7248,.T.);
#7257=CARTESIAN_POINT('',(-4.0675E0,3.175E-1,-5.5325E0));
#7258=DIRECTION('',(0.E0,1.E0,0.E0));
#7259=DIRECTION('',(0.E0,0.E0,1.E0));
#7260=AXIS2_PLACEMENT_3D('',#7257,#7258,#7259);
#7261=PLANE('',#7260);
#7262=ORIENTED_EDGE('',*,*,#4731,.F.);
#7263=ORIENTED_EDGE('',*,*,#7042,.F.);
#7264=ORIENTED_EDGE('',*,*,#7252,.T.);
#7265=ORIENTED_EDGE('',*,*,#7167,.T.);
#7266=EDGE_LOOP('',(#7262,#7263,#7264,#7265));
#7267=FACE_OUTER_BOUND('',#7266,.F.);
#7268=ADVANCED_FACE('',(#7267),#7261,.T.);
#7269=CARTESIAN_POINT('',(-4.0675E0,3.175E-1,-5.5325E0));
#7270=DIRECTION('',(0.E0,1.E0,0.E0));
#7271=DIRECTION('',(0.E0,0.E0,1.E0));
#7272=AXIS2_PLACEMENT_3D('',#7269,#7270,#7271);
#7273=PLANE('',#7272);
#7275=ORIENTED_EDGE('',*,*,#7274,.T.);
#7276=ORIENTED_EDGE('',*,*,#7065,.F.);
#7278=ORIENTED_EDGE('',*,*,#7277,.T.);
#7279=ORIENTED_EDGE('',*,*,#7183,.T.);
#7280=EDGE_LOOP('',(#7275,#7276,#7278,#7279));
#7281=FACE_OUTER_BOUND('',#7280,.F.);
#7282=ADVANCED_FACE('',(#7281),#7273,.T.);
#7283=CARTESIAN_POINT('',(-3.75E0,2.425E-1,2.525E0));
#7284=DIRECTION('',(0.E0,9.647638212377E-1,2.631174057921E-1));
#7285=DIRECTION('',(0.E0,2.631174057921E-1,-9.647638212377E-1));
#7286=AXIS2_PLACEMENT_3D('',#7283,#7284,#7285);
#7287=PLANE('',#7286);
#7289=ORIENTED_EDGE('',*,*,#7288,.F.);
#7290=ORIENTED_EDGE('',*,*,#7274,.F.);
#7292=ORIENTED_EDGE('',*,*,#7291,.F.);
#7294=ORIENTED_EDGE('',*,*,#7293,.T.);
#7295=EDGE_LOOP('',(#7289,#7290,#7292,#7294));
#7296=FACE_OUTER_BOUND('',#7295,.F.);
#7297=ADVANCED_FACE('',(#7296),#7287,.T.);
#7298=CARTESIAN_POINT('',(-3.9925E0,0.E0,2.525E0));
#7299=DIRECTION('',(-9.647638212377E-1,0.E0,2.631174057921E-1));
#7300=DIRECTION('',(2.631174057921E-1,0.E0,9.647638212377E-1));
#7301=AXIS2_PLACEMENT_3D('',#7298,#7299,#7300);
#7302=PLANE('',#7301);
#7304=ORIENTED_EDGE('',*,*,#7303,.T.);
#7305=ORIENTED_EDGE('',*,*,#7059,.T.);
#7306=ORIENTED_EDGE('',*,*,#7288,.T.);
#7308=ORIENTED_EDGE('',*,*,#7307,.F.);
#7309=EDGE_LOOP('',(#7304,#7305,#7306,#7308));
#7310=FACE_OUTER_BOUND('',#7309,.F.);
#7311=ADVANCED_FACE('',(#7310),#7302,.T.);
#7312=CARTESIAN_POINT('',(-3.75E0,-2.425E-1,2.525E0));
#7313=DIRECTION('',(0.E0,-9.647638212377E-1,2.631174057921E-1));
#7314=DIRECTION('',(0.E0,2.631174057921E-1,9.647638212377E-1));
#7315=AXIS2_PLACEMENT_3D('',#7312,#7313,#7314);
#7316=PLANE('',#7315);
#7317=ORIENTED_EDGE('',*,*,#7303,.F.);
#7319=ORIENTED_EDGE('',*,*,#7318,.F.);
#7321=ORIENTED_EDGE('',*,*,#7320,.F.);
#7322=ORIENTED_EDGE('',*,*,#7146,.T.);
#7323=EDGE_LOOP('',(#7317,#7319,#7321,#7322));
#7324=FACE_OUTER_BOUND('',#7323,.F.);
#7325=ADVANCED_FACE('',(#7324),#7316,.T.);
#7326=CARTESIAN_POINT('',(-4.0675E0,3.175E-1,2.8E0));
#7327=DIRECTION('',(0.E0,0.E0,1.E0));
#7328=DIRECTION('',(0.E0,-1.E0,0.E0));
#7329=AXIS2_PLACEMENT_3D('',#7326,#7327,#7328);
#7330=PLANE('',#7329);
#7331=ORIENTED_EDGE('',*,*,#7293,.F.);
#7333=ORIENTED_EDGE('',*,*,#7332,.T.);
#7334=ORIENTED_EDGE('',*,*,#7318,.T.);
#7335=ORIENTED_EDGE('',*,*,#7307,.T.);
#7336=EDGE_LOOP('',(#7331,#7333,#7334,#7335));
#7337=FACE_OUTER_BOUND('',#7336,.F.);
#7338=ADVANCED_FACE('',(#7337),#7330,.T.);
#7339=CARTESIAN_POINT('',(-3.5075E0,0.E0,2.525E0));
#7340=DIRECTION('',(9.647638212377E-1,0.E0,2.631174057921E-1));
#7341=DIRECTION('',(-2.631174057921E-1,0.E0,9.647638212377E-1));
#7342=AXIS2_PLACEMENT_3D('',#7339,#7340,#7341);
#7343=PLANE('',#7342);
#7344=ORIENTED_EDGE('',*,*,#7320,.T.);
#7345=ORIENTED_EDGE('',*,*,#7332,.F.);
#7346=ORIENTED_EDGE('',*,*,#7291,.T.);
#7347=ORIENTED_EDGE('',*,*,#7181,.T.);
#7348=EDGE_LOOP('',(#7344,#7345,#7346,#7347));
#7349=FACE_OUTER_BOUND('',#7348,.F.);
#7350=ADVANCED_FACE('',(#7349),#7343,.T.);
#7351=CARTESIAN_POINT('',(0.E0,-1.74E0,-1.77E0));
#7352=DIRECTION('',(0.E0,0.E0,1.E0));
#7353=DIRECTION('',(1.E0,0.E0,0.E0));
#7354=AXIS2_PLACEMENT_3D('',#7351,#7352,#7353);
#7355=PLANE('',#7354);
#7357=ORIENTED_EDGE('',*,*,#7356,.F.);
#7359=ORIENTED_EDGE('',*,*,#7358,.F.);
#7361=ORIENTED_EDGE('',*,*,#7360,.F.);
#7363=ORIENTED_EDGE('',*,*,#7362,.F.);
#7364=EDGE_LOOP('',(#7357,#7359,#7361,#7363));
#7365=FACE_OUTER_BOUND('',#7364,.F.);
#7366=ORIENTED_EDGE('',*,*,#7063,.F.);
#7367=ORIENTED_EDGE('',*,*,#7150,.T.);
#7368=ORIENTED_EDGE('',*,*,#7185,.T.);
#7369=ORIENTED_EDGE('',*,*,#7277,.F.);
#7370=EDGE_LOOP('',(#7366,#7367,#7368,#7369));
#7371=FACE_BOUND('',#7370,.F.);
#7372=ADVANCED_FACE('',(#7365,#7371),#7355,.T.);
#7373=CARTESIAN_POINT('',(-4.86E0,1.095E0,4.23E0));
#7374=DIRECTION('',(-1.E0,0.E0,0.E0));
#7375=DIRECTION('',(0.E0,-1.E0,0.E0));
#7376=AXIS2_PLACEMENT_3D('',#7373,#7374,#7375);
#7377=PLANE('',#7376);
#7378=ORIENTED_EDGE('',*,*,#4407,.F.);
#7380=ORIENTED_EDGE('',*,*,#7379,.T.);
#7381=ORIENTED_EDGE('',*,*,#7356,.T.);
#7383=ORIENTED_EDGE('',*,*,#7382,.F.);
#7384=EDGE_LOOP('',(#7378,#7380,#7381,#7383));
#7385=FACE_OUTER_BOUND('',#7384,.F.);
#7386=ADVANCED_FACE('',(#7385),#7377,.F.);
#7387=CARTESIAN_POINT('',(-2.64E0,1.095E0,4.23E0));
#7388=DIRECTION('',(0.E0,1.E0,0.E0));
#7389=DIRECTION('',(-1.E0,0.E0,0.E0));
#7390=AXIS2_PLACEMENT_3D('',#7387,#7388,#7389);
#7391=PLANE('',#7390);
#7392=ORIENTED_EDGE('',*,*,#4413,.F.);
#7394=ORIENTED_EDGE('',*,*,#7393,.T.);
#7395=ORIENTED_EDGE('',*,*,#7358,.T.);
#7396=ORIENTED_EDGE('',*,*,#7379,.F.);
#7397=EDGE_LOOP('',(#7392,#7394,#7395,#7396));
#7398=FACE_OUTER_BOUND('',#7397,.F.);
#7399=ADVANCED_FACE('',(#7398),#7391,.F.);
#7400=CARTESIAN_POINT('',(-2.64E0,-1.095E0,4.23E0));
#7401=DIRECTION('',(1.E0,0.E0,0.E0));
#7402=DIRECTION('',(0.E0,1.E0,0.E0));
#7403=AXIS2_PLACEMENT_3D('',#7400,#7401,#7402);
#7404=PLANE('',#7403);
#7405=ORIENTED_EDGE('',*,*,#4411,.F.);
#7407=ORIENTED_EDGE('',*,*,#7406,.T.);
#7408=ORIENTED_EDGE('',*,*,#7360,.T.);
#7409=ORIENTED_EDGE('',*,*,#7393,.F.);
#7410=EDGE_LOOP('',(#7405,#7407,#7408,#7409));
#7411=FACE_OUTER_BOUND('',#7410,.F.);
#7412=ADVANCED_FACE('',(#7411),#7404,.F.);
#7413=CARTESIAN_POINT('',(-4.86E0,-1.095E0,4.23E0));
#7414=DIRECTION('',(0.E0,-1.E0,0.E0));
#7415=DIRECTION('',(1.E0,0.E0,0.E0));
#7416=AXIS2_PLACEMENT_3D('',#7413,#7414,#7415);
#7417=PLANE('',#7416);
#7418=ORIENTED_EDGE('',*,*,#4409,.F.);
#7419=ORIENTED_EDGE('',*,*,#7382,.T.);
#7420=ORIENTED_EDGE('',*,*,#7362,.T.);
#7421=ORIENTED_EDGE('',*,*,#7406,.F.);
#7422=EDGE_LOOP('',(#7418,#7419,#7420,#7421));
#7423=FACE_OUTER_BOUND('',#7422,.F.);
#7424=ADVANCED_FACE('',(#7423),#7417,.F.);
#7425=CARTESIAN_POINT('',(-6.5675E0,-1.74E0,0.E0));
#7426=DIRECTION('',(1.E0,0.E0,0.E0));
#7427=DIRECTION('',(0.E0,0.E0,-1.E0));
#7428=AXIS2_PLACEMENT_3D('',#7425,#7426,#7427);
#7429=PLANE('',#7428);
#7431=ORIENTED_EDGE('',*,*,#7430,.F.);
#7433=ORIENTED_EDGE('',*,*,#7432,.T.);
#7435=ORIENTED_EDGE('',*,*,#7434,.T.);
#7437=ORIENTED_EDGE('',*,*,#7436,.T.);
#7438=ORIENTED_EDGE('',*,*,#4739,.F.);
#7440=ORIENTED_EDGE('',*,*,#7439,.T.);
#7442=ORIENTED_EDGE('',*,*,#7441,.T.);
#7444=ORIENTED_EDGE('',*,*,#7443,.T.);
#7445=EDGE_LOOP('',(#7431,#7433,#7435,#7437,#7438,#7440,#7442,#7444));
#7446=FACE_OUTER_BOUND('',#7445,.F.);
#7447=ADVANCED_FACE('',(#7446),#7429,.F.);
#7448=CARTESIAN_POINT('',(-6.5675E0,-1.74E0,0.E0));
#7449=DIRECTION('',(1.E0,0.E0,0.E0));
#7450=DIRECTION('',(0.E0,0.E0,-1.E0));
#7451=AXIS2_PLACEMENT_3D('',#7448,#7449,#7450);
#7452=PLANE('',#7451);
#7454=ORIENTED_EDGE('',*,*,#7453,.F.);
#7456=ORIENTED_EDGE('',*,*,#7455,.T.);
#7458=ORIENTED_EDGE('',*,*,#7457,.T.);
#7460=ORIENTED_EDGE('',*,*,#7459,.T.);
#7461=EDGE_LOOP('',(#7454,#7456,#7458,#7460));
#7462=FACE_OUTER_BOUND('',#7461,.F.);
#7463=ADVANCED_FACE('',(#7462),#7452,.F.);
#7464=CARTESIAN_POINT('',(-6.4925E0,-4.965E0,-6.15E0));
#7465=DIRECTION('',(-9.647638212377E-1,-2.631174057921E-1,0.E0));
#7466=DIRECTION('',(2.631174057921E-1,-9.647638212377E-1,0.E0));
#7467=AXIS2_PLACEMENT_3D('',#7464,#7465,#7466);
#7468=PLANE('',#7467);
#7470=ORIENTED_EDGE('',*,*,#7469,.F.);
#7472=ORIENTED_EDGE('',*,*,#7471,.F.);
#7474=ORIENTED_EDGE('',*,*,#7473,.T.);
#7475=ORIENTED_EDGE('',*,*,#7430,.T.);
#7476=EDGE_LOOP('',(#7470,#7472,#7474,#7475));
#7477=FACE_OUTER_BOUND('',#7476,.F.);
#7478=ADVANCED_FACE('',(#7477),#7468,.T.);
#7479=CARTESIAN_POINT('',(-6.25E0,-4.965E0,-5.9075E0));
#7480=DIRECTION('',(0.E0,-2.631174057921E-1,9.647638212377E-1));
#7481=DIRECTION('',(0.E0,9.647638212377E-1,2.631174057921E-1));
#7482=AXIS2_PLACEMENT_3D('',#7479,#7480,#7481);
#7483=PLANE('',#7482);
#7484=ORIENTED_EDGE('',*,*,#7469,.T.);
#7486=ORIENTED_EDGE('',*,*,#7485,.F.);
#7488=ORIENTED_EDGE('',*,*,#7487,.F.);
#7490=ORIENTED_EDGE('',*,*,#7489,.T.);
#7491=EDGE_LOOP('',(#7484,#7486,#7488,#7490));
#7492=FACE_OUTER_BOUND('',#7491,.F.);
#7493=ADVANCED_FACE('',(#7492),#7483,.T.);
#7494=CARTESIAN_POINT('',(-6.5675E0,-6.175E-1,-5.8325E0));
#7495=DIRECTION('',(0.E0,0.E0,1.E0));
#7496=DIRECTION('',(0.E0,-1.E0,0.E0));
#7497=AXIS2_PLACEMENT_3D('',#7494,#7495,#7496);
#7498=PLANE('',#7497);
#7499=ORIENTED_EDGE('',*,*,#7485,.T.);
#7500=ORIENTED_EDGE('',*,*,#7443,.F.);
#7502=ORIENTED_EDGE('',*,*,#7501,.T.);
#7504=ORIENTED_EDGE('',*,*,#7503,.T.);
#7505=EDGE_LOOP('',(#7499,#7500,#7502,#7504));
#7506=FACE_OUTER_BOUND('',#7505,.F.);
#7507=ADVANCED_FACE('',(#7506),#7498,.T.);
#7508=CARTESIAN_POINT('',(-6.5675E0,-6.175E-1,-5.5325E0));
#7509=DIRECTION('',(1.E0,0.E0,0.E0));
#7510=DIRECTION('',(0.E0,0.E0,-1.E0));
#7511=AXIS2_PLACEMENT_3D('',#7508,#7509,#7510);
#7512=CYLINDRICAL_SURFACE('',#7511,3.E-1);
#7513=ORIENTED_EDGE('',*,*,#7441,.F.);
#7515=ORIENTED_EDGE('',*,*,#7514,.T.);
#7517=ORIENTED_EDGE('',*,*,#7516,.T.);
#7518=ORIENTED_EDGE('',*,*,#7501,.F.);
#7519=EDGE_LOOP('',(#7513,#7515,#7517,#7518));
#7520=FACE_OUTER_BOUND('',#7519,.F.);
#7521=ADVANCED_FACE('',(#7520),#7512,.F.);
#7522=CARTESIAN_POINT('',(-6.5675E0,-3.175E-1,2.8E0));
#7523=DIRECTION('',(0.E0,-1.E0,0.E0));
#7524=DIRECTION('',(0.E0,0.E0,-1.E0));
#7525=AXIS2_PLACEMENT_3D('',#7522,#7523,#7524);
#7526=PLANE('',#7525);
#7527=ORIENTED_EDGE('',*,*,#4745,.T.);
#7529=ORIENTED_EDGE('',*,*,#7528,.T.);
#7530=ORIENTED_EDGE('',*,*,#7514,.F.);
#7531=ORIENTED_EDGE('',*,*,#7439,.F.);
#7532=EDGE_LOOP('',(#7527,#7529,#7530,#7531));
#7533=FACE_OUTER_BOUND('',#7532,.F.);
#7534=ADVANCED_FACE('',(#7533),#7526,.T.);
#7535=CARTESIAN_POINT('',(-6.5675E0,-3.175E-1,2.8E0));
#7536=DIRECTION('',(0.E0,-1.E0,0.E0));
#7537=DIRECTION('',(0.E0,0.E0,-1.E0));
#7538=AXIS2_PLACEMENT_3D('',#7535,#7536,#7537);
#7539=PLANE('',#7538);
#7541=ORIENTED_EDGE('',*,*,#7540,.F.);
#7543=ORIENTED_EDGE('',*,*,#7542,.T.);
#7545=ORIENTED_EDGE('',*,*,#7544,.F.);
#7546=ORIENTED_EDGE('',*,*,#7455,.F.);
#7547=EDGE_LOOP('',(#7541,#7543,#7545,#7546));
#7548=FACE_OUTER_BOUND('',#7547,.F.);
#7549=ADVANCED_FACE('',(#7548),#7539,.T.);
#7550=CARTESIAN_POINT('',(-5.9325E0,-1.74E0,0.E0));
#7551=DIRECTION('',(1.E0,0.E0,0.E0));
#7552=DIRECTION('',(0.E0,0.E0,-1.E0));
#7553=AXIS2_PLACEMENT_3D('',#7550,#7551,#7552);
#7554=PLANE('',#7553);
#7556=ORIENTED_EDGE('',*,*,#7555,.F.);
#7557=ORIENTED_EDGE('',*,*,#7503,.F.);
#7558=ORIENTED_EDGE('',*,*,#7516,.F.);
#7559=ORIENTED_EDGE('',*,*,#7528,.F.);
#7560=ORIENTED_EDGE('',*,*,#4743,.T.);
#7562=ORIENTED_EDGE('',*,*,#7561,.F.);
#7564=ORIENTED_EDGE('',*,*,#7563,.F.);
#7566=ORIENTED_EDGE('',*,*,#7565,.F.);
#7567=EDGE_LOOP('',(#7556,#7557,#7558,#7559,#7560,#7562,#7564,#7566));
#7568=FACE_OUTER_BOUND('',#7567,.F.);
#7569=ADVANCED_FACE('',(#7568),#7554,.T.);
#7570=CARTESIAN_POINT('',(-5.9325E0,-1.74E0,0.E0));
#7571=DIRECTION('',(1.E0,0.E0,0.E0));
#7572=DIRECTION('',(0.E0,0.E0,-1.E0));
#7573=AXIS2_PLACEMENT_3D('',#7570,#7571,#7572);
#7574=PLANE('',#7573);
#7576=ORIENTED_EDGE('',*,*,#7575,.F.);
#7578=ORIENTED_EDGE('',*,*,#7577,.F.);
#7580=ORIENTED_EDGE('',*,*,#7579,.F.);
#7581=ORIENTED_EDGE('',*,*,#7542,.F.);
#7582=EDGE_LOOP('',(#7576,#7578,#7580,#7581));
#7583=FACE_OUTER_BOUND('',#7582,.F.);
#7584=ADVANCED_FACE('',(#7583),#7574,.T.);
#7585=CARTESIAN_POINT('',(-6.0075E0,-4.965E0,-6.15E0));
#7586=DIRECTION('',(9.647638212377E-1,-2.631174057921E-1,0.E0));
#7587=DIRECTION('',(-2.631174057921E-1,-9.647638212377E-1,0.E0));
#7588=AXIS2_PLACEMENT_3D('',#7585,#7586,#7587);
#7589=PLANE('',#7588);
#7590=ORIENTED_EDGE('',*,*,#7487,.T.);
#7591=ORIENTED_EDGE('',*,*,#7555,.T.);
#7593=ORIENTED_EDGE('',*,*,#7592,.T.);
#7595=ORIENTED_EDGE('',*,*,#7594,.F.);
#7596=EDGE_LOOP('',(#7590,#7591,#7593,#7595));
#7597=FACE_OUTER_BOUND('',#7596,.F.);
#7598=ADVANCED_FACE('',(#7597),#7589,.T.);
#7599=CARTESIAN_POINT('',(-6.25E0,-4.965E0,-6.3925E0));
#7600=DIRECTION('',(0.E0,-2.631174057921E-1,-9.647638212377E-1));
#7601=DIRECTION('',(0.E0,-9.647638212377E-1,2.631174057921E-1));
#7602=AXIS2_PLACEMENT_3D('',#7599,#7600,#7601);
#7603=PLANE('',#7602);
#7604=ORIENTED_EDGE('',*,*,#7473,.F.);
#7606=ORIENTED_EDGE('',*,*,#7605,.F.);
#7607=ORIENTED_EDGE('',*,*,#7592,.F.);
#7609=ORIENTED_EDGE('',*,*,#7608,.T.);
#7610=EDGE_LOOP('',(#7604,#7606,#7607,#7609));
#7611=FACE_OUTER_BOUND('',#7610,.F.);
#7612=ADVANCED_FACE('',(#7611),#7603,.T.);
#7613=CARTESIAN_POINT('',(-6.5675E0,-5.24E0,-5.8325E0));
#7614=DIRECTION('',(0.E0,-1.E0,0.E0));
#7615=DIRECTION('',(0.E0,0.E0,-1.E0));
#7616=AXIS2_PLACEMENT_3D('',#7613,#7614,#7615);
#7617=PLANE('',#7616);
#7618=ORIENTED_EDGE('',*,*,#7605,.T.);
#7619=ORIENTED_EDGE('',*,*,#7471,.T.);
#7620=ORIENTED_EDGE('',*,*,#7489,.F.);
#7621=ORIENTED_EDGE('',*,*,#7594,.T.);
#7622=EDGE_LOOP('',(#7618,#7619,#7620,#7621));
#7623=FACE_OUTER_BOUND('',#7622,.F.);
#7624=ADVANCED_FACE('',(#7623),#7617,.T.);
#7625=CARTESIAN_POINT('',(-6.5675E0,-5.24E0,-6.4675E0));
#7626=DIRECTION('',(0.E0,0.E0,-1.E0));
#7627=DIRECTION('',(0.E0,1.E0,0.E0));
#7628=AXIS2_PLACEMENT_3D('',#7625,#7626,#7627);
#7629=PLANE('',#7628);
#7630=ORIENTED_EDGE('',*,*,#7608,.F.);
#7631=ORIENTED_EDGE('',*,*,#7565,.T.);
#7633=ORIENTED_EDGE('',*,*,#7632,.F.);
#7634=ORIENTED_EDGE('',*,*,#7432,.F.);
#7635=EDGE_LOOP('',(#7630,#7631,#7633,#7634));
#7636=FACE_OUTER_BOUND('',#7635,.F.);
#7637=ADVANCED_FACE('',(#7636),#7629,.T.);
#7638=CARTESIAN_POINT('',(-6.5675E0,-6.175E-1,-5.5325E0));
#7639=DIRECTION('',(1.E0,0.E0,0.E0));
#7640=DIRECTION('',(0.E0,0.E0,-1.E0));
#7641=AXIS2_PLACEMENT_3D('',#7638,#7639,#7640);
#7642=CYLINDRICAL_SURFACE('',#7641,9.35E-1);
#7643=ORIENTED_EDGE('',*,*,#7434,.F.);
#7644=ORIENTED_EDGE('',*,*,#7632,.T.);
#7645=ORIENTED_EDGE('',*,*,#7563,.T.);
#7647=ORIENTED_EDGE('',*,*,#7646,.F.);
#7648=EDGE_LOOP('',(#7643,#7644,#7645,#7647));
#7649=FACE_OUTER_BOUND('',#7648,.F.);
#7650=ADVANCED_FACE('',(#7649),#7642,.T.);
#7651=CARTESIAN_POINT('',(-6.5675E0,3.175E-1,-5.5325E0));
#7652=DIRECTION('',(0.E0,1.E0,0.E0));
#7653=DIRECTION('',(0.E0,0.E0,1.E0));
#7654=AXIS2_PLACEMENT_3D('',#7651,#7652,#7653);
#7655=PLANE('',#7654);
#7656=ORIENTED_EDGE('',*,*,#4741,.F.);
#7657=ORIENTED_EDGE('',*,*,#7436,.F.);
#7658=ORIENTED_EDGE('',*,*,#7646,.T.);
#7659=ORIENTED_EDGE('',*,*,#7561,.T.);
#7660=EDGE_LOOP('',(#7656,#7657,#7658,#7659));
#7661=FACE_OUTER_BOUND('',#7660,.F.);
#7662=ADVANCED_FACE('',(#7661),#7655,.T.);
#7663=CARTESIAN_POINT('',(-6.5675E0,3.175E-1,-5.5325E0));
#7664=DIRECTION('',(0.E0,1.E0,0.E0));
#7665=DIRECTION('',(0.E0,0.E0,1.E0));
#7666=AXIS2_PLACEMENT_3D('',#7663,#7664,#7665);
#7667=PLANE('',#7666);
#7669=ORIENTED_EDGE('',*,*,#7668,.T.);
#7670=ORIENTED_EDGE('',*,*,#7459,.F.);
#7672=ORIENTED_EDGE('',*,*,#7671,.T.);
#7673=ORIENTED_EDGE('',*,*,#7577,.T.);
#7674=EDGE_LOOP('',(#7669,#7670,#7672,#7673));
#7675=FACE_OUTER_BOUND('',#7674,.F.);
#7676=ADVANCED_FACE('',(#7675),#7667,.T.);
#7677=CARTESIAN_POINT('',(-6.25E0,2.425E-1,2.525E0));
#7678=DIRECTION('',(0.E0,9.647638212377E-1,2.631174057921E-1));
#7679=DIRECTION('',(0.E0,2.631174057921E-1,-9.647638212377E-1));
#7680=AXIS2_PLACEMENT_3D('',#7677,#7678,#7679);
#7681=PLANE('',#7680);
#7683=ORIENTED_EDGE('',*,*,#7682,.F.);
#7684=ORIENTED_EDGE('',*,*,#7668,.F.);
#7686=ORIENTED_EDGE('',*,*,#7685,.F.);
#7688=ORIENTED_EDGE('',*,*,#7687,.T.);
#7689=EDGE_LOOP('',(#7683,#7684,#7686,#7688));
#7690=FACE_OUTER_BOUND('',#7689,.F.);
#7691=ADVANCED_FACE('',(#7690),#7681,.T.);
#7692=CARTESIAN_POINT('',(-6.4925E0,0.E0,2.525E0));
#7693=DIRECTION('',(-9.647638212377E-1,0.E0,2.631174057921E-1));
#7694=DIRECTION('',(2.631174057921E-1,0.E0,9.647638212377E-1));
#7695=AXIS2_PLACEMENT_3D('',#7692,#7693,#7694);
#7696=PLANE('',#7695);
#7698=ORIENTED_EDGE('',*,*,#7697,.T.);
#7699=ORIENTED_EDGE('',*,*,#7453,.T.);
#7700=ORIENTED_EDGE('',*,*,#7682,.T.);
#7702=ORIENTED_EDGE('',*,*,#7701,.F.);
#7703=EDGE_LOOP('',(#7698,#7699,#7700,#7702));
#7704=FACE_OUTER_BOUND('',#7703,.F.);
#7705=ADVANCED_FACE('',(#7704),#7696,.T.);
#7706=CARTESIAN_POINT('',(-6.25E0,-2.425E-1,2.525E0));
#7707=DIRECTION('',(0.E0,-9.647638212377E-1,2.631174057921E-1));
#7708=DIRECTION('',(0.E0,2.631174057921E-1,9.647638212377E-1));
#7709=AXIS2_PLACEMENT_3D('',#7706,#7707,#7708);
#7710=PLANE('',#7709);
#7711=ORIENTED_EDGE('',*,*,#7697,.F.);
#7713=ORIENTED_EDGE('',*,*,#7712,.F.);
#7715=ORIENTED_EDGE('',*,*,#7714,.F.);
#7716=ORIENTED_EDGE('',*,*,#7540,.T.);
#7717=EDGE_LOOP('',(#7711,#7713,#7715,#7716));
#7718=FACE_OUTER_BOUND('',#7717,.F.);
#7719=ADVANCED_FACE('',(#7718),#7710,.T.);
#7720=CARTESIAN_POINT('',(-6.5675E0,3.175E-1,2.8E0));
#7721=DIRECTION('',(0.E0,0.E0,1.E0));
#7722=DIRECTION('',(0.E0,-1.E0,0.E0));
#7723=AXIS2_PLACEMENT_3D('',#7720,#7721,#7722);
#7724=PLANE('',#7723);
#7725=ORIENTED_EDGE('',*,*,#7687,.F.);
#7727=ORIENTED_EDGE('',*,*,#7726,.T.);
#7728=ORIENTED_EDGE('',*,*,#7712,.T.);
#7729=ORIENTED_EDGE('',*,*,#7701,.T.);
#7730=EDGE_LOOP('',(#7725,#7727,#7728,#7729));
#7731=FACE_OUTER_BOUND('',#7730,.F.);
#7732=ADVANCED_FACE('',(#7731),#7724,.T.);
#7733=CARTESIAN_POINT('',(-6.0075E0,0.E0,2.525E0));
#7734=DIRECTION('',(9.647638212377E-1,0.E0,2.631174057921E-1));
#7735=DIRECTION('',(-2.631174057921E-1,0.E0,9.647638212377E-1));
#7736=AXIS2_PLACEMENT_3D('',#7733,#7734,#7735);
#7737=PLANE('',#7736);
#7738=ORIENTED_EDGE('',*,*,#7714,.T.);
#7739=ORIENTED_EDGE('',*,*,#7726,.F.);
#7740=ORIENTED_EDGE('',*,*,#7685,.T.);
#7741=ORIENTED_EDGE('',*,*,#7575,.T.);
#7742=EDGE_LOOP('',(#7738,#7739,#7740,#7741));
#7743=FACE_OUTER_BOUND('',#7742,.F.);
#7744=ADVANCED_FACE('',(#7743),#7737,.T.);
#7745=CARTESIAN_POINT('',(0.E0,-1.74E0,-1.77E0));
#7746=DIRECTION('',(0.E0,0.E0,1.E0));
#7747=DIRECTION('',(1.E0,0.E0,0.E0));
#7748=AXIS2_PLACEMENT_3D('',#7745,#7746,#7747);
#7749=PLANE('',#7748);
#7751=ORIENTED_EDGE('',*,*,#7750,.F.);
#7753=ORIENTED_EDGE('',*,*,#7752,.F.);
#7755=ORIENTED_EDGE('',*,*,#7754,.F.);
#7757=ORIENTED_EDGE('',*,*,#7756,.F.);
#7758=EDGE_LOOP('',(#7751,#7753,#7755,#7757));
#7759=FACE_OUTER_BOUND('',#7758,.F.);
#7760=ORIENTED_EDGE('',*,*,#7457,.F.);
#7761=ORIENTED_EDGE('',*,*,#7544,.T.);
#7762=ORIENTED_EDGE('',*,*,#7579,.T.);
#7763=ORIENTED_EDGE('',*,*,#7671,.F.);
#7764=EDGE_LOOP('',(#7760,#7761,#7762,#7763));
#7765=FACE_BOUND('',#7764,.F.);
#7766=ADVANCED_FACE('',(#7759,#7765),#7749,.T.);
#7767=CARTESIAN_POINT('',(-7.36E0,1.095E0,4.23E0));
#7768=DIRECTION('',(-1.E0,0.E0,0.E0));
#7769=DIRECTION('',(0.E0,-1.E0,0.E0));
#7770=AXIS2_PLACEMENT_3D('',#7767,#7768,#7769);
#7771=PLANE('',#7770);
#7772=ORIENTED_EDGE('',*,*,#4417,.F.);
#7774=ORIENTED_EDGE('',*,*,#7773,.T.);
#7775=ORIENTED_EDGE('',*,*,#7750,.T.);
#7777=ORIENTED_EDGE('',*,*,#7776,.F.);
#7778=EDGE_LOOP('',(#7772,#7774,#7775,#7777));
#7779=FACE_OUTER_BOUND('',#7778,.F.);
#7780=ADVANCED_FACE('',(#7779),#7771,.F.);
#7781=CARTESIAN_POINT('',(-5.14E0,1.095E0,4.23E0));
#7782=DIRECTION('',(0.E0,1.E0,0.E0));
#7783=DIRECTION('',(-1.E0,0.E0,0.E0));
#7784=AXIS2_PLACEMENT_3D('',#7781,#7782,#7783);
#7785=PLANE('',#7784);
#7786=ORIENTED_EDGE('',*,*,#4423,.F.);
#7788=ORIENTED_EDGE('',*,*,#7787,.T.);
#7789=ORIENTED_EDGE('',*,*,#7752,.T.);
#7790=ORIENTED_EDGE('',*,*,#7773,.F.);
#7791=EDGE_LOOP('',(#7786,#7788,#7789,#7790));
#7792=FACE_OUTER_BOUND('',#7791,.F.);
#7793=ADVANCED_FACE('',(#7792),#7785,.F.);
#7794=CARTESIAN_POINT('',(-5.14E0,-1.095E0,4.23E0));
#7795=DIRECTION('',(1.E0,0.E0,0.E0));
#7796=DIRECTION('',(0.E0,1.E0,0.E0));
#7797=AXIS2_PLACEMENT_3D('',#7794,#7795,#7796);
#7798=PLANE('',#7797);
#7799=ORIENTED_EDGE('',*,*,#4421,.F.);
#7801=ORIENTED_EDGE('',*,*,#7800,.T.);
#7802=ORIENTED_EDGE('',*,*,#7754,.T.);
#7803=ORIENTED_EDGE('',*,*,#7787,.F.);
#7804=EDGE_LOOP('',(#7799,#7801,#7802,#7803));
#7805=FACE_OUTER_BOUND('',#7804,.F.);
#7806=ADVANCED_FACE('',(#7805),#7798,.F.);
#7807=CARTESIAN_POINT('',(-7.36E0,-1.095E0,4.23E0));
#7808=DIRECTION('',(0.E0,-1.E0,0.E0));
#7809=DIRECTION('',(1.E0,0.E0,0.E0));
#7810=AXIS2_PLACEMENT_3D('',#7807,#7808,#7809);
#7811=PLANE('',#7810);
#7812=ORIENTED_EDGE('',*,*,#4419,.F.);
#7813=ORIENTED_EDGE('',*,*,#7776,.T.);
#7814=ORIENTED_EDGE('',*,*,#7756,.T.);
#7815=ORIENTED_EDGE('',*,*,#7800,.F.);
#7816=EDGE_LOOP('',(#7812,#7813,#7814,#7815));
#7817=FACE_OUTER_BOUND('',#7816,.F.);
#7818=ADVANCED_FACE('',(#7817),#7811,.F.);
#7819=CARTESIAN_POINT('',(-9.0675E0,-1.74E0,0.E0));
#7820=DIRECTION('',(1.E0,0.E0,0.E0));
#7821=DIRECTION('',(0.E0,0.E0,-1.E0));
#7822=AXIS2_PLACEMENT_3D('',#7819,#7820,#7821);
#7823=PLANE('',#7822);
#7825=ORIENTED_EDGE('',*,*,#7824,.F.);
#7827=ORIENTED_EDGE('',*,*,#7826,.T.);
#7829=ORIENTED_EDGE('',*,*,#7828,.T.);
#7831=ORIENTED_EDGE('',*,*,#7830,.T.);
#7832=ORIENTED_EDGE('',*,*,#4749,.F.);
#7834=ORIENTED_EDGE('',*,*,#7833,.T.);
#7836=ORIENTED_EDGE('',*,*,#7835,.T.);
#7838=ORIENTED_EDGE('',*,*,#7837,.T.);
#7839=EDGE_LOOP('',(#7825,#7827,#7829,#7831,#7832,#7834,#7836,#7838));
#7840=FACE_OUTER_BOUND('',#7839,.F.);
#7841=ADVANCED_FACE('',(#7840),#7823,.F.);
#7842=CARTESIAN_POINT('',(-9.0675E0,-1.74E0,0.E0));
#7843=DIRECTION('',(1.E0,0.E0,0.E0));
#7844=DIRECTION('',(0.E0,0.E0,-1.E0));
#7845=AXIS2_PLACEMENT_3D('',#7842,#7843,#7844);
#7846=PLANE('',#7845);
#7848=ORIENTED_EDGE('',*,*,#7847,.F.);
#7850=ORIENTED_EDGE('',*,*,#7849,.T.);
#7852=ORIENTED_EDGE('',*,*,#7851,.T.);
#7854=ORIENTED_EDGE('',*,*,#7853,.T.);
#7855=EDGE_LOOP('',(#7848,#7850,#7852,#7854));
#7856=FACE_OUTER_BOUND('',#7855,.F.);
#7857=ADVANCED_FACE('',(#7856),#7846,.F.);
#7858=CARTESIAN_POINT('',(-8.9925E0,-4.965E0,-6.15E0));
#7859=DIRECTION('',(-9.647638212377E-1,-2.631174057921E-1,0.E0));
#7860=DIRECTION('',(2.631174057921E-1,-9.647638212377E-1,0.E0));
#7861=AXIS2_PLACEMENT_3D('',#7858,#7859,#7860);
#7862=PLANE('',#7861);
#7864=ORIENTED_EDGE('',*,*,#7863,.F.);
#7866=ORIENTED_EDGE('',*,*,#7865,.F.);
#7868=ORIENTED_EDGE('',*,*,#7867,.T.);
#7869=ORIENTED_EDGE('',*,*,#7824,.T.);
#7870=EDGE_LOOP('',(#7864,#7866,#7868,#7869));
#7871=FACE_OUTER_BOUND('',#7870,.F.);
#7872=ADVANCED_FACE('',(#7871),#7862,.T.);
#7873=CARTESIAN_POINT('',(-8.75E0,-4.965E0,-5.9075E0));
#7874=DIRECTION('',(0.E0,-2.631174057921E-1,9.647638212377E-1));
#7875=DIRECTION('',(0.E0,9.647638212377E-1,2.631174057921E-1));
#7876=AXIS2_PLACEMENT_3D('',#7873,#7874,#7875);
#7877=PLANE('',#7876);
#7878=ORIENTED_EDGE('',*,*,#7863,.T.);
#7880=ORIENTED_EDGE('',*,*,#7879,.F.);
#7882=ORIENTED_EDGE('',*,*,#7881,.F.);
#7884=ORIENTED_EDGE('',*,*,#7883,.T.);
#7885=EDGE_LOOP('',(#7878,#7880,#7882,#7884));
#7886=FACE_OUTER_BOUND('',#7885,.F.);
#7887=ADVANCED_FACE('',(#7886),#7877,.T.);
#7888=CARTESIAN_POINT('',(-9.0675E0,-6.175E-1,-5.8325E0));
#7889=DIRECTION('',(0.E0,0.E0,1.E0));
#7890=DIRECTION('',(0.E0,-1.E0,0.E0));
#7891=AXIS2_PLACEMENT_3D('',#7888,#7889,#7890);
#7892=PLANE('',#7891);
#7893=ORIENTED_EDGE('',*,*,#7879,.T.);
#7894=ORIENTED_EDGE('',*,*,#7837,.F.);
#7896=ORIENTED_EDGE('',*,*,#7895,.T.);
#7898=ORIENTED_EDGE('',*,*,#7897,.T.);
#7899=EDGE_LOOP('',(#7893,#7894,#7896,#7898));
#7900=FACE_OUTER_BOUND('',#7899,.F.);
#7901=ADVANCED_FACE('',(#7900),#7892,.T.);
#7902=CARTESIAN_POINT('',(-9.0675E0,-6.175E-1,-5.5325E0));
#7903=DIRECTION('',(1.E0,0.E0,0.E0));
#7904=DIRECTION('',(0.E0,0.E0,-1.E0));
#7905=AXIS2_PLACEMENT_3D('',#7902,#7903,#7904);
#7906=CYLINDRICAL_SURFACE('',#7905,3.E-1);
#7907=ORIENTED_EDGE('',*,*,#7835,.F.);
#7909=ORIENTED_EDGE('',*,*,#7908,.T.);
#7911=ORIENTED_EDGE('',*,*,#7910,.T.);
#7912=ORIENTED_EDGE('',*,*,#7895,.F.);
#7913=EDGE_LOOP('',(#7907,#7909,#7911,#7912));
#7914=FACE_OUTER_BOUND('',#7913,.F.);
#7915=ADVANCED_FACE('',(#7914),#7906,.F.);
#7916=CARTESIAN_POINT('',(-9.0675E0,-3.175E-1,2.8E0));
#7917=DIRECTION('',(0.E0,-1.E0,0.E0));
#7918=DIRECTION('',(0.E0,0.E0,-1.E0));
#7919=AXIS2_PLACEMENT_3D('',#7916,#7917,#7918);
#7920=PLANE('',#7919);
#7921=ORIENTED_EDGE('',*,*,#4755,.T.);
#7923=ORIENTED_EDGE('',*,*,#7922,.T.);
#7924=ORIENTED_EDGE('',*,*,#7908,.F.);
#7925=ORIENTED_EDGE('',*,*,#7833,.F.);
#7926=EDGE_LOOP('',(#7921,#7923,#7924,#7925));
#7927=FACE_OUTER_BOUND('',#7926,.F.);
#7928=ADVANCED_FACE('',(#7927),#7920,.T.);
#7929=CARTESIAN_POINT('',(-9.0675E0,-3.175E-1,2.8E0));
#7930=DIRECTION('',(0.E0,-1.E0,0.E0));
#7931=DIRECTION('',(0.E0,0.E0,-1.E0));
#7932=AXIS2_PLACEMENT_3D('',#7929,#7930,#7931);
#7933=PLANE('',#7932);
#7935=ORIENTED_EDGE('',*,*,#7934,.F.);
#7937=ORIENTED_EDGE('',*,*,#7936,.T.);
#7939=ORIENTED_EDGE('',*,*,#7938,.F.);
#7940=ORIENTED_EDGE('',*,*,#7849,.F.);
#7941=EDGE_LOOP('',(#7935,#7937,#7939,#7940));
#7942=FACE_OUTER_BOUND('',#7941,.F.);
#7943=ADVANCED_FACE('',(#7942),#7933,.T.);
#7944=CARTESIAN_POINT('',(-8.4325E0,-1.74E0,0.E0));
#7945=DIRECTION('',(1.E0,0.E0,0.E0));
#7946=DIRECTION('',(0.E0,0.E0,-1.E0));
#7947=AXIS2_PLACEMENT_3D('',#7944,#7945,#7946);
#7948=PLANE('',#7947);
#7950=ORIENTED_EDGE('',*,*,#7949,.F.);
#7951=ORIENTED_EDGE('',*,*,#7897,.F.);
#7952=ORIENTED_EDGE('',*,*,#7910,.F.);
#7953=ORIENTED_EDGE('',*,*,#7922,.F.);
#7954=ORIENTED_EDGE('',*,*,#4753,.T.);
#7956=ORIENTED_EDGE('',*,*,#7955,.F.);
#7958=ORIENTED_EDGE('',*,*,#7957,.F.);
#7960=ORIENTED_EDGE('',*,*,#7959,.F.);
#7961=EDGE_LOOP('',(#7950,#7951,#7952,#7953,#7954,#7956,#7958,#7960));
#7962=FACE_OUTER_BOUND('',#7961,.F.);
#7963=ADVANCED_FACE('',(#7962),#7948,.T.);
#7964=CARTESIAN_POINT('',(-8.4325E0,-1.74E0,0.E0));
#7965=DIRECTION('',(1.E0,0.E0,0.E0));
#7966=DIRECTION('',(0.E0,0.E0,-1.E0));
#7967=AXIS2_PLACEMENT_3D('',#7964,#7965,#7966);
#7968=PLANE('',#7967);
#7970=ORIENTED_EDGE('',*,*,#7969,.F.);
#7972=ORIENTED_EDGE('',*,*,#7971,.F.);
#7974=ORIENTED_EDGE('',*,*,#7973,.F.);
#7975=ORIENTED_EDGE('',*,*,#7936,.F.);
#7976=EDGE_LOOP('',(#7970,#7972,#7974,#7975));
#7977=FACE_OUTER_BOUND('',#7976,.F.);
#7978=ADVANCED_FACE('',(#7977),#7968,.T.);
#7979=CARTESIAN_POINT('',(-8.5075E0,-4.965E0,-6.15E0));
#7980=DIRECTION('',(9.647638212377E-1,-2.631174057921E-1,0.E0));
#7981=DIRECTION('',(-2.631174057921E-1,-9.647638212377E-1,0.E0));
#7982=AXIS2_PLACEMENT_3D('',#7979,#7980,#7981);
#7983=PLANE('',#7982);
#7984=ORIENTED_EDGE('',*,*,#7881,.T.);
#7985=ORIENTED_EDGE('',*,*,#7949,.T.);
#7987=ORIENTED_EDGE('',*,*,#7986,.T.);
#7989=ORIENTED_EDGE('',*,*,#7988,.F.);
#7990=EDGE_LOOP('',(#7984,#7985,#7987,#7989));
#7991=FACE_OUTER_BOUND('',#7990,.F.);
#7992=ADVANCED_FACE('',(#7991),#7983,.T.);
#7993=CARTESIAN_POINT('',(-8.75E0,-4.965E0,-6.3925E0));
#7994=DIRECTION('',(0.E0,-2.631174057921E-1,-9.647638212377E-1));
#7995=DIRECTION('',(0.E0,-9.647638212377E-1,2.631174057921E-1));
#7996=AXIS2_PLACEMENT_3D('',#7993,#7994,#7995);
#7997=PLANE('',#7996);
#7998=ORIENTED_EDGE('',*,*,#7867,.F.);
#8000=ORIENTED_EDGE('',*,*,#7999,.F.);
#8001=ORIENTED_EDGE('',*,*,#7986,.F.);
#8003=ORIENTED_EDGE('',*,*,#8002,.T.);
#8004=EDGE_LOOP('',(#7998,#8000,#8001,#8003));
#8005=FACE_OUTER_BOUND('',#8004,.F.);
#8006=ADVANCED_FACE('',(#8005),#7997,.T.);
#8007=CARTESIAN_POINT('',(-9.0675E0,-5.24E0,-5.8325E0));
#8008=DIRECTION('',(0.E0,-1.E0,0.E0));
#8009=DIRECTION('',(0.E0,0.E0,-1.E0));
#8010=AXIS2_PLACEMENT_3D('',#8007,#8008,#8009);
#8011=PLANE('',#8010);
#8012=ORIENTED_EDGE('',*,*,#7999,.T.);
#8013=ORIENTED_EDGE('',*,*,#7865,.T.);
#8014=ORIENTED_EDGE('',*,*,#7883,.F.);
#8015=ORIENTED_EDGE('',*,*,#7988,.T.);
#8016=EDGE_LOOP('',(#8012,#8013,#8014,#8015));
#8017=FACE_OUTER_BOUND('',#8016,.F.);
#8018=ADVANCED_FACE('',(#8017),#8011,.T.);
#8019=CARTESIAN_POINT('',(-9.0675E0,-5.24E0,-6.4675E0));
#8020=DIRECTION('',(0.E0,0.E0,-1.E0));
#8021=DIRECTION('',(0.E0,1.E0,0.E0));
#8022=AXIS2_PLACEMENT_3D('',#8019,#8020,#8021);
#8023=PLANE('',#8022);
#8024=ORIENTED_EDGE('',*,*,#8002,.F.);
#8025=ORIENTED_EDGE('',*,*,#7959,.T.);
#8027=ORIENTED_EDGE('',*,*,#8026,.F.);
#8028=ORIENTED_EDGE('',*,*,#7826,.F.);
#8029=EDGE_LOOP('',(#8024,#8025,#8027,#8028));
#8030=FACE_OUTER_BOUND('',#8029,.F.);
#8031=ADVANCED_FACE('',(#8030),#8023,.T.);
#8032=CARTESIAN_POINT('',(-9.0675E0,-6.175E-1,-5.5325E0));
#8033=DIRECTION('',(1.E0,0.E0,0.E0));
#8034=DIRECTION('',(0.E0,0.E0,-1.E0));
#8035=AXIS2_PLACEMENT_3D('',#8032,#8033,#8034);
#8036=CYLINDRICAL_SURFACE('',#8035,9.35E-1);
#8037=ORIENTED_EDGE('',*,*,#7828,.F.);
#8038=ORIENTED_EDGE('',*,*,#8026,.T.);
#8039=ORIENTED_EDGE('',*,*,#7957,.T.);
#8041=ORIENTED_EDGE('',*,*,#8040,.F.);
#8042=EDGE_LOOP('',(#8037,#8038,#8039,#8041));
#8043=FACE_OUTER_BOUND('',#8042,.F.);
#8044=ADVANCED_FACE('',(#8043),#8036,.T.);
#8045=CARTESIAN_POINT('',(-9.0675E0,3.175E-1,-5.5325E0));
#8046=DIRECTION('',(0.E0,1.E0,0.E0));
#8047=DIRECTION('',(0.E0,0.E0,1.E0));
#8048=AXIS2_PLACEMENT_3D('',#8045,#8046,#8047);
#8049=PLANE('',#8048);
#8050=ORIENTED_EDGE('',*,*,#4751,.F.);
#8051=ORIENTED_EDGE('',*,*,#7830,.F.);
#8052=ORIENTED_EDGE('',*,*,#8040,.T.);
#8053=ORIENTED_EDGE('',*,*,#7955,.T.);
#8054=EDGE_LOOP('',(#8050,#8051,#8052,#8053));
#8055=FACE_OUTER_BOUND('',#8054,.F.);
#8056=ADVANCED_FACE('',(#8055),#8049,.T.);
#8057=CARTESIAN_POINT('',(-9.0675E0,3.175E-1,-5.5325E0));
#8058=DIRECTION('',(0.E0,1.E0,0.E0));
#8059=DIRECTION('',(0.E0,0.E0,1.E0));
#8060=AXIS2_PLACEMENT_3D('',#8057,#8058,#8059);
#8061=PLANE('',#8060);
#8063=ORIENTED_EDGE('',*,*,#8062,.T.);
#8064=ORIENTED_EDGE('',*,*,#7853,.F.);
#8066=ORIENTED_EDGE('',*,*,#8065,.T.);
#8067=ORIENTED_EDGE('',*,*,#7971,.T.);
#8068=EDGE_LOOP('',(#8063,#8064,#8066,#8067));
#8069=FACE_OUTER_BOUND('',#8068,.F.);
#8070=ADVANCED_FACE('',(#8069),#8061,.T.);
#8071=CARTESIAN_POINT('',(-8.75E0,2.425E-1,2.525E0));
#8072=DIRECTION('',(0.E0,9.647638212377E-1,2.631174057921E-1));
#8073=DIRECTION('',(0.E0,2.631174057921E-1,-9.647638212377E-1));
#8074=AXIS2_PLACEMENT_3D('',#8071,#8072,#8073);
#8075=PLANE('',#8074);
#8077=ORIENTED_EDGE('',*,*,#8076,.F.);
#8078=ORIENTED_EDGE('',*,*,#8062,.F.);
#8080=ORIENTED_EDGE('',*,*,#8079,.F.);
#8082=ORIENTED_EDGE('',*,*,#8081,.T.);
#8083=EDGE_LOOP('',(#8077,#8078,#8080,#8082));
#8084=FACE_OUTER_BOUND('',#8083,.F.);
#8085=ADVANCED_FACE('',(#8084),#8075,.T.);
#8086=CARTESIAN_POINT('',(-8.9925E0,0.E0,2.525E0));
#8087=DIRECTION('',(-9.647638212377E-1,0.E0,2.631174057921E-1));
#8088=DIRECTION('',(2.631174057921E-1,0.E0,9.647638212377E-1));
#8089=AXIS2_PLACEMENT_3D('',#8086,#8087,#8088);
#8090=PLANE('',#8089);
#8092=ORIENTED_EDGE('',*,*,#8091,.T.);
#8093=ORIENTED_EDGE('',*,*,#7847,.T.);
#8094=ORIENTED_EDGE('',*,*,#8076,.T.);
#8096=ORIENTED_EDGE('',*,*,#8095,.F.);
#8097=EDGE_LOOP('',(#8092,#8093,#8094,#8096));
#8098=FACE_OUTER_BOUND('',#8097,.F.);
#8099=ADVANCED_FACE('',(#8098),#8090,.T.);
#8100=CARTESIAN_POINT('',(-8.75E0,-2.425E-1,2.525E0));
#8101=DIRECTION('',(0.E0,-9.647638212377E-1,2.631174057921E-1));
#8102=DIRECTION('',(0.E0,2.631174057921E-1,9.647638212377E-1));
#8103=AXIS2_PLACEMENT_3D('',#8100,#8101,#8102);
#8104=PLANE('',#8103);
#8105=ORIENTED_EDGE('',*,*,#8091,.F.);
#8107=ORIENTED_EDGE('',*,*,#8106,.F.);
#8109=ORIENTED_EDGE('',*,*,#8108,.F.);
#8110=ORIENTED_EDGE('',*,*,#7934,.T.);
#8111=EDGE_LOOP('',(#8105,#8107,#8109,#8110));
#8112=FACE_OUTER_BOUND('',#8111,.F.);
#8113=ADVANCED_FACE('',(#8112),#8104,.T.);
#8114=CARTESIAN_POINT('',(-9.0675E0,3.175E-1,2.8E0));
#8115=DIRECTION('',(0.E0,0.E0,1.E0));
#8116=DIRECTION('',(0.E0,-1.E0,0.E0));
#8117=AXIS2_PLACEMENT_3D('',#8114,#8115,#8116);
#8118=PLANE('',#8117);
#8119=ORIENTED_EDGE('',*,*,#8081,.F.);
#8121=ORIENTED_EDGE('',*,*,#8120,.T.);
#8122=ORIENTED_EDGE('',*,*,#8106,.T.);
#8123=ORIENTED_EDGE('',*,*,#8095,.T.);
#8124=EDGE_LOOP('',(#8119,#8121,#8122,#8123));
#8125=FACE_OUTER_BOUND('',#8124,.F.);
#8126=ADVANCED_FACE('',(#8125),#8118,.T.);
#8127=CARTESIAN_POINT('',(-8.5075E0,0.E0,2.525E0));
#8128=DIRECTION('',(9.647638212377E-1,0.E0,2.631174057921E-1));
#8129=DIRECTION('',(-2.631174057921E-1,0.E0,9.647638212377E-1));
#8130=AXIS2_PLACEMENT_3D('',#8127,#8128,#8129);
#8131=PLANE('',#8130);
#8132=ORIENTED_EDGE('',*,*,#8108,.T.);
#8133=ORIENTED_EDGE('',*,*,#8120,.F.);
#8134=ORIENTED_EDGE('',*,*,#8079,.T.);
#8135=ORIENTED_EDGE('',*,*,#7969,.T.);
#8136=EDGE_LOOP('',(#8132,#8133,#8134,#8135));
#8137=FACE_OUTER_BOUND('',#8136,.F.);
#8138=ADVANCED_FACE('',(#8137),#8131,.T.);
#8139=CARTESIAN_POINT('',(0.E0,-1.74E0,-1.77E0));
#8140=DIRECTION('',(0.E0,0.E0,1.E0));
#8141=DIRECTION('',(1.E0,0.E0,0.E0));
#8142=AXIS2_PLACEMENT_3D('',#8139,#8140,#8141);
#8143=PLANE('',#8142);
#8145=ORIENTED_EDGE('',*,*,#8144,.F.);
#8147=ORIENTED_EDGE('',*,*,#8146,.F.);
#8149=ORIENTED_EDGE('',*,*,#8148,.F.);
#8151=ORIENTED_EDGE('',*,*,#8150,.F.);
#8152=EDGE_LOOP('',(#8145,#8147,#8149,#8151));
#8153=FACE_OUTER_BOUND('',#8152,.F.);
#8154=ORIENTED_EDGE('',*,*,#7851,.F.);
#8155=ORIENTED_EDGE('',*,*,#7938,.T.);
#8156=ORIENTED_EDGE('',*,*,#7973,.T.);
#8157=ORIENTED_EDGE('',*,*,#8065,.F.);
#8158=EDGE_LOOP('',(#8154,#8155,#8156,#8157));
#8159=FACE_BOUND('',#8158,.F.);
#8160=ADVANCED_FACE('',(#8153,#8159),#8143,.T.);
#8161=CARTESIAN_POINT('',(-9.86E0,1.095E0,4.23E0));
#8162=DIRECTION('',(-1.E0,0.E0,0.E0));
#8163=DIRECTION('',(0.E0,-1.E0,0.E0));
#8164=AXIS2_PLACEMENT_3D('',#8161,#8162,#8163);
#8165=PLANE('',#8164);
#8166=ORIENTED_EDGE('',*,*,#4427,.F.);
#8168=ORIENTED_EDGE('',*,*,#8167,.T.);
#8169=ORIENTED_EDGE('',*,*,#8144,.T.);
#8171=ORIENTED_EDGE('',*,*,#8170,.F.);
#8172=EDGE_LOOP('',(#8166,#8168,#8169,#8171));
#8173=FACE_OUTER_BOUND('',#8172,.F.);
#8174=ADVANCED_FACE('',(#8173),#8165,.F.);
#8175=CARTESIAN_POINT('',(-7.64E0,1.095E0,4.23E0));
#8176=DIRECTION('',(0.E0,1.E0,0.E0));
#8177=DIRECTION('',(-1.E0,0.E0,0.E0));
#8178=AXIS2_PLACEMENT_3D('',#8175,#8176,#8177);
#8179=PLANE('',#8178);
#8180=ORIENTED_EDGE('',*,*,#4433,.F.);
#8182=ORIENTED_EDGE('',*,*,#8181,.T.);
#8183=ORIENTED_EDGE('',*,*,#8146,.T.);
#8184=ORIENTED_EDGE('',*,*,#8167,.F.);
#8185=EDGE_LOOP('',(#8180,#8182,#8183,#8184));
#8186=FACE_OUTER_BOUND('',#8185,.F.);
#8187=ADVANCED_FACE('',(#8186),#8179,.F.);
#8188=CARTESIAN_POINT('',(-7.64E0,-1.095E0,4.23E0));
#8189=DIRECTION('',(1.E0,0.E0,0.E0));
#8190=DIRECTION('',(0.E0,1.E0,0.E0));
#8191=AXIS2_PLACEMENT_3D('',#8188,#8189,#8190);
#8192=PLANE('',#8191);
#8193=ORIENTED_EDGE('',*,*,#4431,.F.);
#8195=ORIENTED_EDGE('',*,*,#8194,.T.);
#8196=ORIENTED_EDGE('',*,*,#8148,.T.);
#8197=ORIENTED_EDGE('',*,*,#8181,.F.);
#8198=EDGE_LOOP('',(#8193,#8195,#8196,#8197));
#8199=FACE_OUTER_BOUND('',#8198,.F.);
#8200=ADVANCED_FACE('',(#8199),#8192,.F.);
#8201=CARTESIAN_POINT('',(-9.86E0,-1.095E0,4.23E0));
#8202=DIRECTION('',(0.E0,-1.E0,0.E0));
#8203=DIRECTION('',(1.E0,0.E0,0.E0));
#8204=AXIS2_PLACEMENT_3D('',#8201,#8202,#8203);
#8205=PLANE('',#8204);
#8206=ORIENTED_EDGE('',*,*,#4429,.F.);
#8207=ORIENTED_EDGE('',*,*,#8170,.T.);
#8208=ORIENTED_EDGE('',*,*,#8150,.T.);
#8209=ORIENTED_EDGE('',*,*,#8194,.F.);
#8210=EDGE_LOOP('',(#8206,#8207,#8208,#8209));
#8211=FACE_OUTER_BOUND('',#8210,.F.);
#8212=ADVANCED_FACE('',(#8211),#8205,.F.);
#8213=CARTESIAN_POINT('',(-8.95E0,-1.74E0,1.804596669241E0));
#8214=DIRECTION('',(-1.E0,0.E0,0.E0));
#8215=DIRECTION('',(0.E0,0.E0,-1.E0));
#8216=AXIS2_PLACEMENT_3D('',#8213,#8214,#8215);
#8217=PLANE('',#8216);
#8219=ORIENTED_EDGE('',*,*,#8218,.F.);
#8221=ORIENTED_EDGE('',*,*,#8220,.T.);
#8223=ORIENTED_EDGE('',*,*,#8222,.F.);
#8224=ORIENTED_EDGE('',*,*,#4136,.F.);
#8226=ORIENTED_EDGE('',*,*,#8225,.T.);
#8227=EDGE_LOOP('',(#8219,#8221,#8223,#8224,#8226));
#8228=FACE_OUTER_BOUND('',#8227,.F.);
#8229=ADVANCED_FACE('',(#8228),#8217,.T.);
#8230=CARTESIAN_POINT('',(-8.750004808309E0,-3.140000872179E0,
1.030000833351E0));
#8231=DIRECTION('',(0.E0,1.E0,0.E0));
#8232=DIRECTION('',(0.E0,0.E0,-1.E0));
#8233=AXIS2_PLACEMENT_3D('',#8230,#8231,#8232);
#8234=CONICAL_SURFACE('',#8233,7.250035888487E-1,2.055500634022E1);
#8236=ORIENTED_EDGE('',*,*,#8235,.T.);
#8237=ORIENTED_EDGE('',*,*,#8218,.T.);
#8239=ORIENTED_EDGE('',*,*,#8238,.T.);
#8241=ORIENTED_EDGE('',*,*,#8240,.T.);
#8242=EDGE_LOOP('',(#8236,#8237,#8239,#8241));
#8243=FACE_OUTER_BOUND('',#8242,.F.);
#8244=ADVANCED_FACE('',(#8243),#8234,.T.);
#8245=CARTESIAN_POINT('',(-1.047E1,-3.34E0,4.23E0));
#8246=DIRECTION('',(0.E0,-1.E0,0.E0));
#8247=DIRECTION('',(1.E0,0.E0,0.E0));
#8248=AXIS2_PLACEMENT_3D('',#8245,#8246,#8247);
#8249=PLANE('',#8248);
#8251=ORIENTED_EDGE('',*,*,#8250,.F.);
#8253=ORIENTED_EDGE('',*,*,#8252,.F.);
#8255=ORIENTED_EDGE('',*,*,#8254,.F.);
#8257=ORIENTED_EDGE('',*,*,#8256,.F.);
#8259=ORIENTED_EDGE('',*,*,#8258,.F.);
#8261=ORIENTED_EDGE('',*,*,#8260,.F.);
#8263=ORIENTED_EDGE('',*,*,#8262,.F.);
#8265=ORIENTED_EDGE('',*,*,#8264,.F.);
#8267=ORIENTED_EDGE('',*,*,#8266,.F.);
#8269=ORIENTED_EDGE('',*,*,#8268,.F.);
#8271=ORIENTED_EDGE('',*,*,#8270,.F.);
#8273=ORIENTED_EDGE('',*,*,#8272,.F.);
#8275=ORIENTED_EDGE('',*,*,#8274,.F.);
#8277=ORIENTED_EDGE('',*,*,#8276,.F.);
#8279=ORIENTED_EDGE('',*,*,#8278,.F.);
#8281=ORIENTED_EDGE('',*,*,#8280,.F.);
#8282=EDGE_LOOP('',(#8251,#8253,#8255,#8257,#8259,#8261,#8263,#8265,#8267,#8269,
#8271,#8273,#8275,#8277,#8279,#8281));
#8283=FACE_OUTER_BOUND('',#8282,.F.);
#8284=ADVANCED_FACE('',(#8283),#8249,.T.);
#8285=CARTESIAN_POINT('',(-1.047E1,-3.34E0,4.23E0));
#8286=DIRECTION('',(0.E0,-1.E0,0.E0));
#8287=DIRECTION('',(1.E0,0.E0,0.E0));
#8288=AXIS2_PLACEMENT_3D('',#8285,#8286,#8287);
#8289=PLANE('',#8288);
#8290=ORIENTED_EDGE('',*,*,#8235,.F.);
#8292=ORIENTED_EDGE('',*,*,#8291,.F.);
#8294=ORIENTED_EDGE('',*,*,#8293,.F.);
#8296=ORIENTED_EDGE('',*,*,#8295,.F.);
#8298=ORIENTED_EDGE('',*,*,#8297,.F.);
#8300=ORIENTED_EDGE('',*,*,#8299,.F.);
#8302=ORIENTED_EDGE('',*,*,#8301,.F.);
#8304=ORIENTED_EDGE('',*,*,#8303,.F.);
#8306=ORIENTED_EDGE('',*,*,#8305,.F.);
#8308=ORIENTED_EDGE('',*,*,#8307,.F.);
#8310=ORIENTED_EDGE('',*,*,#8309,.F.);
#8312=ORIENTED_EDGE('',*,*,#8311,.F.);
#8314=ORIENTED_EDGE('',*,*,#8313,.F.);
#8316=ORIENTED_EDGE('',*,*,#8315,.F.);
#8318=ORIENTED_EDGE('',*,*,#8317,.F.);
#8319=ORIENTED_EDGE('',*,*,#8220,.F.);
#8320=EDGE_LOOP('',(#8290,#8292,#8294,#8296,#8298,#8300,#8302,#8304,#8306,#8308,
#8310,#8312,#8314,#8316,#8318,#8319));
#8321=FACE_OUTER_BOUND('',#8320,.F.);
#8322=ADVANCED_FACE('',(#8321),#8289,.T.);
#8323=CARTESIAN_POINT('',(8.750004808309E0,-3.140000872179E0,1.029999166649E0));
#8324=DIRECTION('',(0.E0,1.E0,0.E0));
#8325=DIRECTION('',(0.E0,0.E0,-1.E0));
#8326=AXIS2_PLACEMENT_3D('',#8323,#8324,#8325);
#8327=CONICAL_SURFACE('',#8326,7.250035888487E-1,2.055500634022E1);
#8328=ORIENTED_EDGE('',*,*,#8250,.T.);
#8330=ORIENTED_EDGE('',*,*,#8329,.T.);
#8332=ORIENTED_EDGE('',*,*,#8331,.T.);
#8334=ORIENTED_EDGE('',*,*,#8333,.T.);
#8335=EDGE_LOOP('',(#8328,#8330,#8332,#8334));
#8336=FACE_OUTER_BOUND('',#8335,.F.);
#8337=ADVANCED_FACE('',(#8336),#8327,.T.);
#8338=CARTESIAN_POINT('',(8.95E0,-1.74E0,2.554033307585E-1));
#8339=DIRECTION('',(1.E0,0.E0,0.E0));
#8340=DIRECTION('',(0.E0,0.E0,1.E0));
#8341=AXIS2_PLACEMENT_3D('',#8338,#8339,#8340);
#8342=PLANE('',#8341);
#8343=ORIENTED_EDGE('',*,*,#8329,.F.);
#8344=ORIENTED_EDGE('',*,*,#8280,.T.);
#8346=ORIENTED_EDGE('',*,*,#8345,.F.);
#8347=ORIENTED_EDGE('',*,*,#4188,.F.);
#8349=ORIENTED_EDGE('',*,*,#8348,.T.);
#8350=EDGE_LOOP('',(#8343,#8344,#8346,#8347,#8349));
#8351=FACE_OUTER_BOUND('',#8350,.F.);
#8352=ADVANCED_FACE('',(#8351),#8342,.T.);
#8353=CARTESIAN_POINT('',(9.15E0,-1.74E0,6.3E-1));
#8354=DIRECTION('',(0.E0,-1.E0,0.E0));
#8355=DIRECTION('',(1.E0,0.E0,0.E0));
#8356=AXIS2_PLACEMENT_3D('',#8353,#8354,#8355);
#8357=CYLINDRICAL_SURFACE('',#8356,2.E-1);
#8358=ORIENTED_EDGE('',*,*,#4190,.T.);
#8359=ORIENTED_EDGE('',*,*,#8345,.T.);
#8360=ORIENTED_EDGE('',*,*,#8278,.T.);
#8362=ORIENTED_EDGE('',*,*,#8361,.F.);
#8363=EDGE_LOOP('',(#8358,#8359,#8360,#8362));
#8364=FACE_OUTER_BOUND('',#8363,.F.);
#8365=ADVANCED_FACE('',(#8364),#8357,.F.);
#8366=CARTESIAN_POINT('',(9.15E0,-1.74E0,8.3E-1));
#8367=DIRECTION('',(0.E0,0.E0,-1.E0));
#8368=DIRECTION('',(1.E0,0.E0,0.E0));
#8369=AXIS2_PLACEMENT_3D('',#8366,#8367,#8368);
#8370=PLANE('',#8369);
#8372=ORIENTED_EDGE('',*,*,#8371,.F.);
#8374=ORIENTED_EDGE('',*,*,#8373,.F.);
#8375=ORIENTED_EDGE('',*,*,#4192,.F.);
#8376=ORIENTED_EDGE('',*,*,#8361,.T.);
#8377=ORIENTED_EDGE('',*,*,#8276,.T.);
#8378=EDGE_LOOP('',(#8372,#8374,#8375,#8376,#8377));
#8379=FACE_OUTER_BOUND('',#8378,.F.);
#8380=ADVANCED_FACE('',(#8379),#8370,.T.);
#8381=CARTESIAN_POINT('',(8.750000833351E0,-3.140000872179E0,1.030004808309E0));
#8382=DIRECTION('',(0.E0,1.E0,0.E0));
#8383=DIRECTION('',(0.E0,0.E0,-1.E0));
#8384=AXIS2_PLACEMENT_3D('',#8381,#8382,#8383);
#8385=CONICAL_SURFACE('',#8384,7.250035888488E-1,2.055500634022E1);
#8386=ORIENTED_EDGE('',*,*,#8274,.T.);
#8388=ORIENTED_EDGE('',*,*,#8387,.T.);
#8390=ORIENTED_EDGE('',*,*,#8389,.T.);
#8391=ORIENTED_EDGE('',*,*,#8371,.T.);
#8392=EDGE_LOOP('',(#8386,#8388,#8390,#8391));
#8393=FACE_OUTER_BOUND('',#8392,.F.);
#8394=ADVANCED_FACE('',(#8393),#8385,.T.);
#8395=CARTESIAN_POINT('',(9.524596669241E0,-1.74E0,1.23E0));
#8396=DIRECTION('',(0.E0,0.E0,1.E0));
#8397=DIRECTION('',(-1.E0,0.E0,0.E0));
#8398=AXIS2_PLACEMENT_3D('',#8395,#8396,#8397);
#8399=PLANE('',#8398);
#8400=ORIENTED_EDGE('',*,*,#8387,.F.);
#8401=ORIENTED_EDGE('',*,*,#8272,.T.);
#8403=ORIENTED_EDGE('',*,*,#8402,.F.);
#8404=ORIENTED_EDGE('',*,*,#4196,.F.);
#8406=ORIENTED_EDGE('',*,*,#8405,.T.);
#8407=EDGE_LOOP('',(#8400,#8401,#8403,#8404,#8406));
#8408=FACE_OUTER_BOUND('',#8407,.F.);
#8409=ADVANCED_FACE('',(#8408),#8399,.T.);
#8410=CARTESIAN_POINT('',(9.15E0,-1.74E0,1.43E0));
#8411=DIRECTION('',(0.E0,-1.E0,0.E0));
#8412=DIRECTION('',(1.E0,0.E0,0.E0));
#8413=AXIS2_PLACEMENT_3D('',#8410,#8411,#8412);
#8414=CYLINDRICAL_SURFACE('',#8413,2.E-1);
#8415=ORIENTED_EDGE('',*,*,#4198,.T.);
#8416=ORIENTED_EDGE('',*,*,#8402,.T.);
#8417=ORIENTED_EDGE('',*,*,#8270,.T.);
#8419=ORIENTED_EDGE('',*,*,#8418,.F.);
#8420=EDGE_LOOP('',(#8415,#8416,#8417,#8419));
#8421=FACE_OUTER_BOUND('',#8420,.F.);
#8422=ADVANCED_FACE('',(#8421),#8414,.F.);
#8423=CARTESIAN_POINT('',(8.95E0,-1.74E0,1.43E0));
#8424=DIRECTION('',(1.E0,0.E0,0.E0));
#8425=DIRECTION('',(0.E0,0.E0,1.E0));
#8426=AXIS2_PLACEMENT_3D('',#8423,#8424,#8425);
#8427=PLANE('',#8426);
#8429=ORIENTED_EDGE('',*,*,#8428,.F.);
#8431=ORIENTED_EDGE('',*,*,#8430,.F.);
#8432=ORIENTED_EDGE('',*,*,#4200,.F.);
#8433=ORIENTED_EDGE('',*,*,#8418,.T.);
#8434=ORIENTED_EDGE('',*,*,#8268,.T.);
#8435=EDGE_LOOP('',(#8429,#8431,#8432,#8433,#8434));
#8436=FACE_OUTER_BOUND('',#8435,.F.);
#8437=ADVANCED_FACE('',(#8436),#8427,.T.);
#8438=CARTESIAN_POINT('',(8.749995191691E0,-3.140000872179E0,1.030000833351E0));
#8439=DIRECTION('',(0.E0,1.E0,0.E0));
#8440=DIRECTION('',(0.E0,0.E0,-1.E0));
#8441=AXIS2_PLACEMENT_3D('',#8438,#8439,#8440);
#8442=CONICAL_SURFACE('',#8441,7.250035888487E-1,2.055500634022E1);
#8443=ORIENTED_EDGE('',*,*,#8266,.T.);
#8445=ORIENTED_EDGE('',*,*,#8444,.T.);
#8447=ORIENTED_EDGE('',*,*,#8446,.T.);
#8448=ORIENTED_EDGE('',*,*,#8428,.T.);
#8449=EDGE_LOOP('',(#8443,#8445,#8447,#8448));
#8450=FACE_OUTER_BOUND('',#8449,.F.);
#8451=ADVANCED_FACE('',(#8450),#8442,.T.);
#8452=CARTESIAN_POINT('',(8.55E0,-1.74E0,1.804596669241E0));
#8453=DIRECTION('',(-1.E0,0.E0,0.E0));
#8454=DIRECTION('',(0.E0,0.E0,-1.E0));
#8455=AXIS2_PLACEMENT_3D('',#8452,#8453,#8454);
#8456=PLANE('',#8455);
#8457=ORIENTED_EDGE('',*,*,#8444,.F.);
#8458=ORIENTED_EDGE('',*,*,#8264,.T.);
#8460=ORIENTED_EDGE('',*,*,#8459,.F.);
#8461=ORIENTED_EDGE('',*,*,#4172,.F.);
#8463=ORIENTED_EDGE('',*,*,#8462,.T.);
#8464=EDGE_LOOP('',(#8457,#8458,#8460,#8461,#8463));
#8465=FACE_OUTER_BOUND('',#8464,.F.);
#8466=ADVANCED_FACE('',(#8465),#8456,.T.);
#8467=CARTESIAN_POINT('',(8.35E0,-1.74E0,1.43E0));
#8468=DIRECTION('',(0.E0,-1.E0,0.E0));
#8469=DIRECTION('',(1.E0,0.E0,0.E0));
#8470=AXIS2_PLACEMENT_3D('',#8467,#8468,#8469);
#8471=CYLINDRICAL_SURFACE('',#8470,2.E-1);
#8472=ORIENTED_EDGE('',*,*,#4174,.T.);
#8473=ORIENTED_EDGE('',*,*,#8459,.T.);
#8474=ORIENTED_EDGE('',*,*,#8262,.T.);
#8476=ORIENTED_EDGE('',*,*,#8475,.F.);
#8477=EDGE_LOOP('',(#8472,#8473,#8474,#8476));
#8478=FACE_OUTER_BOUND('',#8477,.F.);
#8479=ADVANCED_FACE('',(#8478),#8471,.F.);
#8480=CARTESIAN_POINT('',(8.35E0,-1.74E0,1.23E0));
#8481=DIRECTION('',(0.E0,0.E0,1.E0));
#8482=DIRECTION('',(-1.E0,0.E0,0.E0));
#8483=AXIS2_PLACEMENT_3D('',#8480,#8481,#8482);
#8484=PLANE('',#8483);
#8486=ORIENTED_EDGE('',*,*,#8485,.F.);
#8488=ORIENTED_EDGE('',*,*,#8487,.F.);
#8489=ORIENTED_EDGE('',*,*,#4176,.F.);
#8490=ORIENTED_EDGE('',*,*,#8475,.T.);
#8491=ORIENTED_EDGE('',*,*,#8260,.T.);
#8492=EDGE_LOOP('',(#8486,#8488,#8489,#8490,#8491));
#8493=FACE_OUTER_BOUND('',#8492,.F.);
#8494=ADVANCED_FACE('',(#8493),#8484,.T.);
#8495=CARTESIAN_POINT('',(8.749999166649E0,-3.140000872179E0,1.029995191691E0));
#8496=DIRECTION('',(0.E0,1.E0,0.E0));
#8497=DIRECTION('',(0.E0,0.E0,-1.E0));
#8498=AXIS2_PLACEMENT_3D('',#8495,#8496,#8497);
#8499=CONICAL_SURFACE('',#8498,7.250035888488E-1,2.055500634022E1);
#8500=ORIENTED_EDGE('',*,*,#8258,.T.);
#8502=ORIENTED_EDGE('',*,*,#8501,.T.);
#8504=ORIENTED_EDGE('',*,*,#8503,.T.);
#8505=ORIENTED_EDGE('',*,*,#8485,.T.);
#8506=EDGE_LOOP('',(#8500,#8502,#8504,#8505));
#8507=FACE_OUTER_BOUND('',#8506,.F.);
#8508=ADVANCED_FACE('',(#8507),#8499,.T.);
#8509=CARTESIAN_POINT('',(7.975403330759E0,-1.74E0,8.3E-1));
#8510=DIRECTION('',(0.E0,0.E0,-1.E0));
#8511=DIRECTION('',(1.E0,0.E0,0.E0));
#8512=AXIS2_PLACEMENT_3D('',#8509,#8510,#8511);
#8513=PLANE('',#8512);
#8514=ORIENTED_EDGE('',*,*,#8501,.F.);
#8515=ORIENTED_EDGE('',*,*,#8256,.T.);
#8517=ORIENTED_EDGE('',*,*,#8516,.F.);
#8518=ORIENTED_EDGE('',*,*,#4180,.F.);
#8520=ORIENTED_EDGE('',*,*,#8519,.T.);
#8521=EDGE_LOOP('',(#8514,#8515,#8517,#8518,#8520));
#8522=FACE_OUTER_BOUND('',#8521,.F.);
#8523=ADVANCED_FACE('',(#8522),#8513,.T.);
#8524=CARTESIAN_POINT('',(8.35E0,-1.74E0,6.3E-1));
#8525=DIRECTION('',(0.E0,-1.E0,0.E0));
#8526=DIRECTION('',(1.E0,0.E0,0.E0));
#8527=AXIS2_PLACEMENT_3D('',#8524,#8525,#8526);
#8528=CYLINDRICAL_SURFACE('',#8527,2.E-1);
#8529=ORIENTED_EDGE('',*,*,#4182,.T.);
#8530=ORIENTED_EDGE('',*,*,#8516,.T.);
#8531=ORIENTED_EDGE('',*,*,#8254,.T.);
#8533=ORIENTED_EDGE('',*,*,#8532,.F.);
#8534=EDGE_LOOP('',(#8529,#8530,#8531,#8533));
#8535=FACE_OUTER_BOUND('',#8534,.F.);
#8536=ADVANCED_FACE('',(#8535),#8528,.F.);
#8537=CARTESIAN_POINT('',(8.55E0,-1.74E0,6.3E-1));
#8538=DIRECTION('',(-1.E0,0.E0,0.E0));
#8539=DIRECTION('',(0.E0,0.E0,-1.E0));
#8540=AXIS2_PLACEMENT_3D('',#8537,#8538,#8539);
#8541=PLANE('',#8540);
#8542=ORIENTED_EDGE('',*,*,#8333,.F.);
#8544=ORIENTED_EDGE('',*,*,#8543,.F.);
#8545=ORIENTED_EDGE('',*,*,#4184,.F.);
#8546=ORIENTED_EDGE('',*,*,#8532,.T.);
#8547=ORIENTED_EDGE('',*,*,#8252,.T.);
#8548=EDGE_LOOP('',(#8542,#8544,#8545,#8546,#8547));
#8549=FACE_OUTER_BOUND('',#8548,.F.);
#8550=ADVANCED_FACE('',(#8549),#8541,.T.);
#8551=CARTESIAN_POINT('',(8.75E0,-1.74E0,1.03E0));
#8552=DIRECTION('',(0.E0,-1.E0,0.E0));
#8553=DIRECTION('',(1.E0,0.E0,0.E0));
#8554=AXIS2_PLACEMENT_3D('',#8551,#8552,#8553);
#8555=CYLINDRICAL_SURFACE('',#8554,8.E-1);
#8556=ORIENTED_EDGE('',*,*,#8331,.F.);
#8557=ORIENTED_EDGE('',*,*,#8348,.F.);
#8558=ORIENTED_EDGE('',*,*,#4186,.F.);
#8559=ORIENTED_EDGE('',*,*,#8543,.T.);
#8560=EDGE_LOOP('',(#8556,#8557,#8558,#8559));
#8561=FACE_OUTER_BOUND('',#8560,.F.);
#8562=ADVANCED_FACE('',(#8561),#8555,.T.);
#8563=CARTESIAN_POINT('',(8.75E0,-1.74E0,1.03E0));
#8564=DIRECTION('',(0.E0,-1.E0,0.E0));
#8565=DIRECTION('',(1.E0,0.E0,0.E0));
#8566=AXIS2_PLACEMENT_3D('',#8563,#8564,#8565);
#8567=CYLINDRICAL_SURFACE('',#8566,8.E-1);
#8568=ORIENTED_EDGE('',*,*,#8503,.F.);
#8569=ORIENTED_EDGE('',*,*,#8519,.F.);
#8570=ORIENTED_EDGE('',*,*,#4178,.F.);
#8571=ORIENTED_EDGE('',*,*,#8487,.T.);
#8572=EDGE_LOOP('',(#8568,#8569,#8570,#8571));
#8573=FACE_OUTER_BOUND('',#8572,.F.);
#8574=ADVANCED_FACE('',(#8573),#8567,.T.);
#8575=CARTESIAN_POINT('',(8.75E0,-1.74E0,1.03E0));
#8576=DIRECTION('',(0.E0,-1.E0,0.E0));
#8577=DIRECTION('',(1.E0,0.E0,0.E0));
#8578=AXIS2_PLACEMENT_3D('',#8575,#8576,#8577);
#8579=CYLINDRICAL_SURFACE('',#8578,8.E-1);
#8580=ORIENTED_EDGE('',*,*,#8446,.F.);
#8581=ORIENTED_EDGE('',*,*,#8462,.F.);
#8582=ORIENTED_EDGE('',*,*,#4170,.F.);
#8583=ORIENTED_EDGE('',*,*,#8430,.T.);
#8584=EDGE_LOOP('',(#8580,#8581,#8582,#8583));
#8585=FACE_OUTER_BOUND('',#8584,.F.);
#8586=ADVANCED_FACE('',(#8585),#8579,.T.);
#8587=CARTESIAN_POINT('',(8.75E0,-1.74E0,1.03E0));
#8588=DIRECTION('',(0.E0,-1.E0,0.E0));
#8589=DIRECTION('',(1.E0,0.E0,0.E0));
#8590=AXIS2_PLACEMENT_3D('',#8587,#8588,#8589);
#8591=CYLINDRICAL_SURFACE('',#8590,8.E-1);
#8592=ORIENTED_EDGE('',*,*,#8389,.F.);
#8593=ORIENTED_EDGE('',*,*,#8405,.F.);
#8594=ORIENTED_EDGE('',*,*,#4194,.F.);
#8595=ORIENTED_EDGE('',*,*,#8373,.T.);
#8596=EDGE_LOOP('',(#8592,#8593,#8594,#8595));
#8597=FACE_OUTER_BOUND('',#8596,.F.);
#8598=ADVANCED_FACE('',(#8597),#8591,.T.);
#8599=CARTESIAN_POINT('',(-8.55E0,-1.74E0,1.43E0));
#8600=DIRECTION('',(1.E0,0.E0,0.E0));
#8601=DIRECTION('',(0.E0,0.E0,1.E0));
#8602=AXIS2_PLACEMENT_3D('',#8599,#8600,#8601);
#8603=PLANE('',#8602);
#8604=ORIENTED_EDGE('',*,*,#8240,.F.);
#8606=ORIENTED_EDGE('',*,*,#8605,.F.);
#8607=ORIENTED_EDGE('',*,*,#4164,.F.);
#8609=ORIENTED_EDGE('',*,*,#8608,.T.);
#8610=ORIENTED_EDGE('',*,*,#8291,.T.);
#8611=EDGE_LOOP('',(#8604,#8606,#8607,#8609,#8610));
#8612=FACE_OUTER_BOUND('',#8611,.F.);
#8613=ADVANCED_FACE('',(#8612),#8603,.T.);
#8614=CARTESIAN_POINT('',(-8.75E0,-1.74E0,1.03E0));
#8615=DIRECTION('',(0.E0,-1.E0,0.E0));
#8616=DIRECTION('',(1.E0,0.E0,0.E0));
#8617=AXIS2_PLACEMENT_3D('',#8614,#8615,#8616);
#8618=CYLINDRICAL_SURFACE('',#8617,8.E-1);
#8619=ORIENTED_EDGE('',*,*,#8238,.F.);
#8620=ORIENTED_EDGE('',*,*,#8225,.F.);
#8621=ORIENTED_EDGE('',*,*,#4166,.F.);
#8622=ORIENTED_EDGE('',*,*,#8605,.T.);
#8623=EDGE_LOOP('',(#8619,#8620,#8621,#8622));
#8624=FACE_OUTER_BOUND('',#8623,.F.);
#8625=ADVANCED_FACE('',(#8624),#8618,.T.);
#8626=CARTESIAN_POINT('',(-8.35E0,-1.74E0,1.43E0));
#8627=DIRECTION('',(0.E0,-1.E0,0.E0));
#8628=DIRECTION('',(1.E0,0.E0,0.E0));
#8629=AXIS2_PLACEMENT_3D('',#8626,#8627,#8628);
#8630=CYLINDRICAL_SURFACE('',#8629,2.E-1);
#8631=ORIENTED_EDGE('',*,*,#4162,.T.);
#8633=ORIENTED_EDGE('',*,*,#8632,.T.);
#8634=ORIENTED_EDGE('',*,*,#8293,.T.);
#8635=ORIENTED_EDGE('',*,*,#8608,.F.);
#8636=EDGE_LOOP('',(#8631,#8633,#8634,#8635));
#8637=FACE_OUTER_BOUND('',#8636,.F.);
#8638=ADVANCED_FACE('',(#8637),#8630,.F.);
#8639=CARTESIAN_POINT('',(-7.975403330759E0,-1.74E0,1.23E0));
#8640=DIRECTION('',(0.E0,0.E0,1.E0));
#8641=DIRECTION('',(-1.E0,0.E0,0.E0));
#8642=AXIS2_PLACEMENT_3D('',#8639,#8640,#8641);
#8643=PLANE('',#8642);
#8645=ORIENTED_EDGE('',*,*,#8644,.F.);
#8646=ORIENTED_EDGE('',*,*,#8295,.T.);
#8647=ORIENTED_EDGE('',*,*,#8632,.F.);
#8648=ORIENTED_EDGE('',*,*,#4160,.F.);
#8650=ORIENTED_EDGE('',*,*,#8649,.T.);
#8651=EDGE_LOOP('',(#8645,#8646,#8647,#8648,#8650));
#8652=FACE_OUTER_BOUND('',#8651,.F.);
#8653=ADVANCED_FACE('',(#8652),#8643,.T.);
#8654=CARTESIAN_POINT('',(-8.749999166649E0,-3.140000872179E0,
1.030004808309E0));
#8655=DIRECTION('',(0.E0,1.E0,0.E0));
#8656=DIRECTION('',(0.E0,0.E0,-1.E0));
#8657=AXIS2_PLACEMENT_3D('',#8654,#8655,#8656);
#8658=CONICAL_SURFACE('',#8657,7.250035888488E-1,2.055500634022E1);
#8659=ORIENTED_EDGE('',*,*,#8297,.T.);
#8660=ORIENTED_EDGE('',*,*,#8644,.T.);
#8662=ORIENTED_EDGE('',*,*,#8661,.T.);
#8664=ORIENTED_EDGE('',*,*,#8663,.T.);
#8665=EDGE_LOOP('',(#8659,#8660,#8662,#8664));
#8666=FACE_OUTER_BOUND('',#8665,.F.);
#8667=ADVANCED_FACE('',(#8666),#8658,.T.);
#8668=CARTESIAN_POINT('',(-8.75E0,-1.74E0,1.03E0));
#8669=DIRECTION('',(0.E0,-1.E0,0.E0));
#8670=DIRECTION('',(1.E0,0.E0,0.E0));
#8671=AXIS2_PLACEMENT_3D('',#8668,#8669,#8670);
#8672=CYLINDRICAL_SURFACE('',#8671,8.E-1);
#8673=ORIENTED_EDGE('',*,*,#8661,.F.);
#8674=ORIENTED_EDGE('',*,*,#8649,.F.);
#8675=ORIENTED_EDGE('',*,*,#4158,.F.);
#8677=ORIENTED_EDGE('',*,*,#8676,.T.);
#8678=EDGE_LOOP('',(#8673,#8674,#8675,#8677));
#8679=FACE_OUTER_BOUND('',#8678,.F.);
#8680=ADVANCED_FACE('',(#8679),#8672,.T.);
#8681=CARTESIAN_POINT('',(-8.35E0,-1.74E0,8.3E-1));
#8682=DIRECTION('',(0.E0,0.E0,-1.E0));
#8683=DIRECTION('',(1.E0,0.E0,0.E0));
#8684=AXIS2_PLACEMENT_3D('',#8681,#8682,#8683);
#8685=PLANE('',#8684);
#8686=ORIENTED_EDGE('',*,*,#8663,.F.);
#8687=ORIENTED_EDGE('',*,*,#8676,.F.);
#8688=ORIENTED_EDGE('',*,*,#4156,.F.);
#8690=ORIENTED_EDGE('',*,*,#8689,.T.);
#8691=ORIENTED_EDGE('',*,*,#8299,.T.);
#8692=EDGE_LOOP('',(#8686,#8687,#8688,#8690,#8691));
#8693=FACE_OUTER_BOUND('',#8692,.F.);
#8694=ADVANCED_FACE('',(#8693),#8685,.T.);
#8695=CARTESIAN_POINT('',(-8.35E0,-1.74E0,6.3E-1));
#8696=DIRECTION('',(0.E0,-1.E0,0.E0));
#8697=DIRECTION('',(1.E0,0.E0,0.E0));
#8698=AXIS2_PLACEMENT_3D('',#8695,#8696,#8697);
#8699=CYLINDRICAL_SURFACE('',#8698,2.E-1);
#8700=ORIENTED_EDGE('',*,*,#4154,.T.);
#8702=ORIENTED_EDGE('',*,*,#8701,.T.);
#8703=ORIENTED_EDGE('',*,*,#8301,.T.);
#8704=ORIENTED_EDGE('',*,*,#8689,.F.);
#8705=EDGE_LOOP('',(#8700,#8702,#8703,#8704));
#8706=FACE_OUTER_BOUND('',#8705,.F.);
#8707=ADVANCED_FACE('',(#8706),#8699,.F.);
#8708=CARTESIAN_POINT('',(-8.55E0,-1.74E0,2.554033307585E-1));
#8709=DIRECTION('',(1.E0,0.E0,0.E0));
#8710=DIRECTION('',(0.E0,0.E0,1.E0));
#8711=AXIS2_PLACEMENT_3D('',#8708,#8709,#8710);
#8712=PLANE('',#8711);
#8714=ORIENTED_EDGE('',*,*,#8713,.F.);
#8715=ORIENTED_EDGE('',*,*,#8303,.T.);
#8716=ORIENTED_EDGE('',*,*,#8701,.F.);
#8717=ORIENTED_EDGE('',*,*,#4152,.F.);
#8719=ORIENTED_EDGE('',*,*,#8718,.T.);
#8720=EDGE_LOOP('',(#8714,#8715,#8716,#8717,#8719));
#8721=FACE_OUTER_BOUND('',#8720,.F.);
#8722=ADVANCED_FACE('',(#8721),#8712,.T.);
#8723=CARTESIAN_POINT('',(-8.749995191691E0,-3.140000872179E0,
1.029999166649E0));
#8724=DIRECTION('',(0.E0,1.E0,0.E0));
#8725=DIRECTION('',(0.E0,0.E0,-1.E0));
#8726=AXIS2_PLACEMENT_3D('',#8723,#8724,#8725);
#8727=CONICAL_SURFACE('',#8726,7.250035888487E-1,2.055500634022E1);
#8728=ORIENTED_EDGE('',*,*,#8305,.T.);
#8729=ORIENTED_EDGE('',*,*,#8713,.T.);
#8731=ORIENTED_EDGE('',*,*,#8730,.T.);
#8733=ORIENTED_EDGE('',*,*,#8732,.T.);
#8734=EDGE_LOOP('',(#8728,#8729,#8731,#8733));
#8735=FACE_OUTER_BOUND('',#8734,.F.);
#8736=ADVANCED_FACE('',(#8735),#8727,.T.);
#8737=CARTESIAN_POINT('',(-8.75E0,-1.74E0,1.03E0));
#8738=DIRECTION('',(0.E0,-1.E0,0.E0));
#8739=DIRECTION('',(1.E0,0.E0,0.E0));
#8740=AXIS2_PLACEMENT_3D('',#8737,#8738,#8739);
#8741=CYLINDRICAL_SURFACE('',#8740,8.E-1);
#8742=ORIENTED_EDGE('',*,*,#8730,.F.);
#8743=ORIENTED_EDGE('',*,*,#8718,.F.);
#8744=ORIENTED_EDGE('',*,*,#4150,.F.);
#8746=ORIENTED_EDGE('',*,*,#8745,.T.);
#8747=EDGE_LOOP('',(#8742,#8743,#8744,#8746));
#8748=FACE_OUTER_BOUND('',#8747,.F.);
#8749=ADVANCED_FACE('',(#8748),#8741,.T.);
#8750=CARTESIAN_POINT('',(-8.95E0,-1.74E0,6.3E-1));
#8751=DIRECTION('',(-1.E0,0.E0,0.E0));
#8752=DIRECTION('',(0.E0,0.E0,-1.E0));
#8753=AXIS2_PLACEMENT_3D('',#8750,#8751,#8752);
#8754=PLANE('',#8753);
#8755=ORIENTED_EDGE('',*,*,#8732,.F.);
#8756=ORIENTED_EDGE('',*,*,#8745,.F.);
#8757=ORIENTED_EDGE('',*,*,#4148,.F.);
#8759=ORIENTED_EDGE('',*,*,#8758,.T.);
#8760=ORIENTED_EDGE('',*,*,#8307,.T.);
#8761=EDGE_LOOP('',(#8755,#8756,#8757,#8759,#8760));
#8762=FACE_OUTER_BOUND('',#8761,.F.);
#8763=ADVANCED_FACE('',(#8762),#8754,.T.);
#8764=CARTESIAN_POINT('',(-9.15E0,-1.74E0,6.3E-1));
#8765=DIRECTION('',(0.E0,-1.E0,0.E0));
#8766=DIRECTION('',(1.E0,0.E0,0.E0));
#8767=AXIS2_PLACEMENT_3D('',#8764,#8765,#8766);
#8768=CYLINDRICAL_SURFACE('',#8767,2.E-1);
#8769=ORIENTED_EDGE('',*,*,#4146,.T.);
#8771=ORIENTED_EDGE('',*,*,#8770,.T.);
#8772=ORIENTED_EDGE('',*,*,#8309,.T.);
#8773=ORIENTED_EDGE('',*,*,#8758,.F.);
#8774=EDGE_LOOP('',(#8769,#8771,#8772,#8773));
#8775=FACE_OUTER_BOUND('',#8774,.F.);
#8776=ADVANCED_FACE('',(#8775),#8768,.F.);
#8777=CARTESIAN_POINT('',(-9.524596669241E0,-1.74E0,8.3E-1));
#8778=DIRECTION('',(0.E0,0.E0,-1.E0));
#8779=DIRECTION('',(1.E0,0.E0,0.E0));
#8780=AXIS2_PLACEMENT_3D('',#8777,#8778,#8779);
#8781=PLANE('',#8780);
#8783=ORIENTED_EDGE('',*,*,#8782,.F.);
#8784=ORIENTED_EDGE('',*,*,#8311,.T.);
#8785=ORIENTED_EDGE('',*,*,#8770,.F.);
#8786=ORIENTED_EDGE('',*,*,#4144,.F.);
#8788=ORIENTED_EDGE('',*,*,#8787,.T.);
#8789=EDGE_LOOP('',(#8783,#8784,#8785,#8786,#8788));
#8790=FACE_OUTER_BOUND('',#8789,.F.);
#8791=ADVANCED_FACE('',(#8790),#8781,.T.);
#8792=CARTESIAN_POINT('',(-8.750000833351E0,-3.140000872179E0,
1.029995191691E0));
#8793=DIRECTION('',(0.E0,1.E0,0.E0));
#8794=DIRECTION('',(0.E0,0.E0,-1.E0));
#8795=AXIS2_PLACEMENT_3D('',#8792,#8793,#8794);
#8796=CONICAL_SURFACE('',#8795,7.250035888488E-1,2.055500634022E1);
#8797=ORIENTED_EDGE('',*,*,#8313,.T.);
#8798=ORIENTED_EDGE('',*,*,#8782,.T.);
#8800=ORIENTED_EDGE('',*,*,#8799,.T.);
#8802=ORIENTED_EDGE('',*,*,#8801,.T.);
#8803=EDGE_LOOP('',(#8797,#8798,#8800,#8802));
#8804=FACE_OUTER_BOUND('',#8803,.F.);
#8805=ADVANCED_FACE('',(#8804),#8796,.T.);
#8806=CARTESIAN_POINT('',(-8.75E0,-1.74E0,1.03E0));
#8807=DIRECTION('',(0.E0,-1.E0,0.E0));
#8808=DIRECTION('',(1.E0,0.E0,0.E0));
#8809=AXIS2_PLACEMENT_3D('',#8806,#8807,#8808);
#8810=CYLINDRICAL_SURFACE('',#8809,8.E-1);
#8811=ORIENTED_EDGE('',*,*,#8799,.F.);
#8812=ORIENTED_EDGE('',*,*,#8787,.F.);
#8813=ORIENTED_EDGE('',*,*,#4142,.F.);
#8815=ORIENTED_EDGE('',*,*,#8814,.T.);
#8816=EDGE_LOOP('',(#8811,#8812,#8813,#8815));
#8817=FACE_OUTER_BOUND('',#8816,.F.);
#8818=ADVANCED_FACE('',(#8817),#8810,.T.);
#8819=CARTESIAN_POINT('',(-9.15E0,-1.74E0,1.23E0));
#8820=DIRECTION('',(0.E0,0.E0,1.E0));
#8821=DIRECTION('',(-1.E0,0.E0,0.E0));
#8822=AXIS2_PLACEMENT_3D('',#8819,#8820,#8821);
#8823=PLANE('',#8822);
#8824=ORIENTED_EDGE('',*,*,#8801,.F.);
#8825=ORIENTED_EDGE('',*,*,#8814,.F.);
#8826=ORIENTED_EDGE('',*,*,#4140,.F.);
#8828=ORIENTED_EDGE('',*,*,#8827,.T.);
#8829=ORIENTED_EDGE('',*,*,#8315,.T.);
#8830=EDGE_LOOP('',(#8824,#8825,#8826,#8828,#8829));
#8831=FACE_OUTER_BOUND('',#8830,.F.);
#8832=ADVANCED_FACE('',(#8831),#8823,.T.);
#8833=CARTESIAN_POINT('',(-9.15E0,-1.74E0,1.43E0));
#8834=DIRECTION('',(0.E0,-1.E0,0.E0));
#8835=DIRECTION('',(1.E0,0.E0,0.E0));
#8836=AXIS2_PLACEMENT_3D('',#8833,#8834,#8835);
#8837=CYLINDRICAL_SURFACE('',#8836,2.E-1);
#8838=ORIENTED_EDGE('',*,*,#4138,.T.);
#8839=ORIENTED_EDGE('',*,*,#8222,.T.);
#8840=ORIENTED_EDGE('',*,*,#8317,.T.);
#8841=ORIENTED_EDGE('',*,*,#8827,.F.);
#8842=EDGE_LOOP('',(#8838,#8839,#8840,#8841));
#8843=FACE_OUTER_BOUND('',#8842,.F.);
#8844=ADVANCED_FACE('',(#8843),#8837,.F.);
#8845=CLOSED_SHELL('',(#4204,#4226,#4240,#4254,#4267,#4283,#4295,#4316,#4329,
#4342,#4354,#4465,#4480,#4494,#4508,#4521,#4543,#4567,#4582,#4597,#4612,#4626,
#4640,#4654,#4668,#4759,#4782,#4805,#4820,#4838,#4853,#4867,#4884,#4910,#4935,
#4950,#4970,#4984,#5004,#5017,#5030,#5043,#5062,#5076,#5090,#5103,#5125,#5148,
#5163,#5178,#5193,#5207,#5221,#5234,#5248,#5268,#5282,#5296,#5310,#5322,#5335,
#5348,#5360,#5373,#5388,#5402,#5416,#5429,#5441,#5455,#5469,#5482,#5504,#5527,
#5542,#5557,#5572,#5586,#5600,#5613,#5627,#5647,#5661,#5675,#5689,#5701,#5714,
#5727,#5739,#5752,#5767,#5781,#5795,#5808,#5820,#5837,#5850,#5862,#5876,#5893,
#5908,#5929,#5942,#5955,#5967,#5979,#5992,#6006,#6022,#6045,#6060,#6075,#6089,
#6103,#6117,#6131,#6145,#6160,#6174,#6189,#6203,#6217,#6230,#6245,#6259,#6276,
#6289,#6301,#6323,#6343,#6358,#6378,#6392,#6406,#6424,#6446,#6469,#6484,#6499,
#6514,#6528,#6542,#6555,#6569,#6589,#6603,#6617,#6631,#6643,#6656,#6669,#6681,
#6694,#6709,#6723,#6737,#6750,#6762,#6775,#6787,#6800,#6812,#6825,#6837,#6851,
#6865,#6879,#6893,#6907,#6920,#6933,#6949,#6962,#6977,#6991,#7005,#7018,#7030,
#7053,#7069,#7084,#7099,#7113,#7127,#7140,#7155,#7175,#7190,#7204,#7218,#7230,
#7243,#7256,#7268,#7282,#7297,#7311,#7325,#7338,#7350,#7372,#7386,#7399,#7412,
#7424,#7447,#7463,#7478,#7493,#7507,#7521,#7534,#7549,#7569,#7584,#7598,#7612,
#7624,#7637,#7650,#7662,#7676,#7691,#7705,#7719,#7732,#7744,#7766,#7780,#7793,
#7806,#7818,#7841,#7857,#7872,#7887,#7901,#7915,#7928,#7943,#7963,#7978,#7992,
#8006,#8018,#8031,#8044,#8056,#8070,#8085,#8099,#8113,#8126,#8138,#8160,#8174,
#8187,#8200,#8212,#8229,#8244,#8284,#8322,#8337,#8352,#8365,#8380,#8394,#8409,
#8422,#8437,#8451,#8466,#8479,#8494,#8508,#8523,#8536,#8550,#8562,#8574,#8586,
#8598,#8613,#8625,#8638,#8653,#8667,#8680,#8694,#8707,#8722,#8736,#8749,#8763,
#8776,#8791,#8805,#8818,#8832,#8844));
#8846=MANIFOLD_SOLID_BREP('',#8845);
#8847=CARTESIAN_POINT('',(0.E0,0.E0,0.E0));
#8848=DIRECTION('',(0.E0,0.E0,1.E0));
#8849=DIRECTION('',(1.E0,0.E0,0.E0));
#8850=AXIS2_PLACEMENT_3D('CSYS',#8847,#8848,#8849);
#8851=CARTESIAN_POINT('',(8.75E0,-2.04E0,-6.15E0));
#8852=DIRECTION('',(0.E0,-1.E0,0.E0));
#8853=DIRECTION('',(1.E0,0.E0,0.E0));
#8854=AXIS2_PLACEMENT_3D('',#8851,#8852,#8853);
#8858=CARTESIAN_POINT('',(8.75E0,-2.04E0,-6.15E0));
#8859=DIRECTION('',(0.E0,-1.E0,0.E0));
#8860=DIRECTION('',(-1.E0,0.E0,0.E0));
#8861=AXIS2_PLACEMENT_3D('',#8858,#8859,#8860);
#8867=CARTESIAN_POINT('',(6.25E0,-2.04E0,-6.15E0));
#8868=DIRECTION('',(0.E0,-1.E0,0.E0));
#8869=DIRECTION('',(1.E0,0.E0,0.E0));
#8870=AXIS2_PLACEMENT_3D('',#8867,#8868,#8869);
#8874=CARTESIAN_POINT('',(6.25E0,-2.04E0,-6.15E0));
#8875=DIRECTION('',(0.E0,-1.E0,0.E0));
#8876=DIRECTION('',(-1.E0,0.E0,0.E0));
#8877=AXIS2_PLACEMENT_3D('',#8874,#8875,#8876);
#8882=CARTESIAN_POINT('',(3.75E0,-2.04E0,-6.15E0));
#8883=DIRECTION('',(0.E0,-1.E0,0.E0));
#8884=DIRECTION('',(1.E0,0.E0,0.E0));
#8885=AXIS2_PLACEMENT_3D('',#8882,#8883,#8884);
#8889=CARTESIAN_POINT('',(3.75E0,-2.04E0,-6.15E0));
#8890=DIRECTION('',(0.E0,-1.E0,0.E0));
#8891=DIRECTION('',(-1.E0,0.E0,0.E0));
#8892=AXIS2_PLACEMENT_3D('',#8889,#8890,#8891);
#8897=CARTESIAN_POINT('',(1.25E0,-2.04E0,-6.15E0));
#8898=DIRECTION('',(0.E0,-1.E0,0.E0));
#8899=DIRECTION('',(1.E0,0.E0,0.E0));
#8900=AXIS2_PLACEMENT_3D('',#8897,#8898,#8899);
#8904=CARTESIAN_POINT('',(1.25E0,-2.04E0,-6.15E0));
#8905=DIRECTION('',(0.E0,-1.E0,0.E0));
#8906=DIRECTION('',(-1.E0,0.E0,0.E0));
#8907=AXIS2_PLACEMENT_3D('',#8904,#8905,#8906);
#8912=CARTESIAN_POINT('',(-1.25E0,-2.04E0,-6.15E0));
#8913=DIRECTION('',(0.E0,-1.E0,0.E0));
#8914=DIRECTION('',(1.E0,0.E0,0.E0));
#8915=AXIS2_PLACEMENT_3D('',#8912,#8913,#8914);
#8919=CARTESIAN_POINT('',(-1.25E0,-2.04E0,-6.15E0));
#8920=DIRECTION('',(0.E0,-1.E0,0.E0));
#8921=DIRECTION('',(-1.E0,0.E0,0.E0));
#8922=AXIS2_PLACEMENT_3D('',#8919,#8920,#8921);
#8927=CARTESIAN_POINT('',(-3.75E0,-2.04E0,-6.15E0));
#8928=DIRECTION('',(0.E0,-1.E0,0.E0));
#8929=DIRECTION('',(1.E0,0.E0,0.E0));
#8930=AXIS2_PLACEMENT_3D('',#8927,#8928,#8929);
#8934=CARTESIAN_POINT('',(-3.75E0,-2.04E0,-6.15E0));
#8935=DIRECTION('',(0.E0,-1.E0,0.E0));
#8936=DIRECTION('',(-1.E0,0.E0,0.E0));
#8937=AXIS2_PLACEMENT_3D('',#8934,#8935,#8936);
#8942=CARTESIAN_POINT('',(-6.25E0,-2.04E0,-6.15E0));
#8943=DIRECTION('',(0.E0,-1.E0,0.E0));
#8944=DIRECTION('',(1.E0,0.E0,0.E0));
#8945=AXIS2_PLACEMENT_3D('',#8942,#8943,#8944);
#8949=CARTESIAN_POINT('',(-6.25E0,-2.04E0,-6.15E0));
#8950=DIRECTION('',(0.E0,-1.E0,0.E0));
#8951=DIRECTION('',(-1.E0,0.E0,0.E0));
#8952=AXIS2_PLACEMENT_3D('',#8949,#8950,#8951);
#8957=CARTESIAN_POINT('',(-8.75E0,-2.04E0,-6.15E0));
#8958=DIRECTION('',(0.E0,-1.E0,0.E0));
#8959=DIRECTION('',(1.E0,0.E0,0.E0));
#8960=AXIS2_PLACEMENT_3D('',#8957,#8958,#8959);
#8964=CARTESIAN_POINT('',(-8.75E0,-2.04E0,-6.15E0));
#8965=DIRECTION('',(0.E0,-1.E0,0.E0));
#8966=DIRECTION('',(-1.E0,0.E0,0.E0));
#8967=AXIS2_PLACEMENT_3D('',#8964,#8965,#8966);
#8972=CARTESIAN_POINT('',(-8.75E0,-2.04E0,1.03E0));
#8973=DIRECTION('',(0.E0,-1.E0,0.E0));
#8974=DIRECTION('',(1.E0,0.E0,0.E0));
#8975=AXIS2_PLACEMENT_3D('',#8972,#8973,#8974);
#8979=CARTESIAN_POINT('',(-8.75E0,-2.04E0,1.03E0));
#8980=DIRECTION('',(0.E0,-1.E0,0.E0));
#8981=DIRECTION('',(-1.E0,0.E0,0.E0));
#8982=AXIS2_PLACEMENT_3D('',#8979,#8980,#8981);
#8987=CARTESIAN_POINT('',(8.75E0,-2.04E0,1.03E0));
#8988=DIRECTION('',(0.E0,-1.E0,0.E0));
#8989=DIRECTION('',(1.E0,0.E0,0.E0));
#8990=AXIS2_PLACEMENT_3D('',#8987,#8988,#8989);
#8994=CARTESIAN_POINT('',(8.75E0,-2.04E0,1.03E0));
#8995=DIRECTION('',(0.E0,-1.E0,0.E0));
#8996=DIRECTION('',(-1.E0,0.E0,0.E0));
#8997=AXIS2_PLACEMENT_3D('',#8994,#8995,#8996);
#9003=DIMENSIONAL_EXPONENTS(0.E0,0.E0,0.E0,0.E0,0.E0,0.E0,0.E0);
#9005=PLANE_ANGLE_MEASURE_WITH_UNIT(PLANE_ANGLE_MEASURE(1.745329251994E-2),
#9004);
#9006=(CONVERSION_BASED_UNIT('DEGREE',#9005)NAMED_UNIT(*)PLANE_ANGLE_UNIT());
#9008=UNCERTAINTY_MEASURE_WITH_UNIT(LENGTH_MEASURE(2.625410231759E-3),#9002,
'closure',
'Maximum model space distance between geometric entities at asserted connectivities');
#9009=(GEOMETRIC_REPRESENTATION_CONTEXT(3)GLOBAL_UNCERTAINTY_ASSIGNED_CONTEXT((
#9008))GLOBAL_UNIT_ASSIGNED_CONTEXT((#9002,#9006,#9007))REPRESENTATION_CONTEXT(
'ID1','3'));
#8866=GEOMETRIC_SET('',(#8865,#8881,#8896,#8911,#8926,#8941,#8956,#8971,#8986,
#9001));
#9013=SHAPE_REPRESENTATION_RELATIONSHIP('','',#9012,#9010);
#9014=SHAPE_REPRESENTATION_RELATIONSHIP('','',#9012,#9011);
#9015=APPLICATION_CONTEXT(
'CONFIGURATION CONTROLLED 3D DESIGNS OF MECHANICAL PARTS AND ASSEMBLIES');
#9016=APPLICATION_PROTOCOL_DEFINITION('international standard',
'config_control_design',1994,#9015);
#9017=DESIGN_CONTEXT('',#9015,'design');
#9018=MECHANICAL_CONTEXT('',#9015,'mechanical');
#9019=PRODUCT('1053131308','1053131308','NOT SPECIFIED',(#9018));
#9020=PRODUCT_DEFINITION_FORMATION_WITH_SPECIFIED_SOURCE('4','LAST_VERSION',
#9019,.MADE.);
#9024=PRODUCT_CATEGORY('part','');
#9025=PRODUCT_RELATED_PRODUCT_CATEGORY('detail','',(#9019));
#9026=PRODUCT_CATEGORY_RELATIONSHIP('','',#9024,#9025);
#9027=SECURITY_CLASSIFICATION_LEVEL('unclassified');
#9028=SECURITY_CLASSIFICATION('','',#9027);
#9029=CC_DESIGN_SECURITY_CLASSIFICATION(#9028,(#9020));
#9030=APPROVAL_STATUS('approved');
#9031=APPROVAL(#9030,'');
#9032=CC_DESIGN_APPROVAL(#9031,(#9028,#9020,#9021));
#9033=CALENDAR_DATE(120,27,11);
#9034=COORDINATED_UNIVERSAL_TIME_OFFSET(5,30,.AHEAD.);
#9035=LOCAL_TIME(10,7,5.2E1,#9034);
#9036=DATE_AND_TIME(#9033,#9035);
#9037=APPROVAL_DATE_TIME(#9036,#9031);
#9038=DATE_TIME_ROLE('creation_date');
#9039=CC_DESIGN_DATE_AND_TIME_ASSIGNMENT(#9036,#9038,(#9021));
#9040=DATE_TIME_ROLE('classification_date');
#9041=CC_DESIGN_DATE_AND_TIME_ASSIGNMENT(#9036,#9040,(#9028));
#9042=PERSON('UNSPECIFIED','UNSPECIFIED',$,$,$,$);
#9043=ORGANIZATION('UNSPECIFIED','UNSPECIFIED','UNSPECIFIED');
#9044=PERSON_AND_ORGANIZATION(#9042,#9043);
#9045=APPROVAL_ROLE('approver');
#9046=APPROVAL_PERSON_ORGANIZATION(#9044,#9031,#9045);
#9047=PERSON_AND_ORGANIZATION_ROLE('creator');
#9048=CC_DESIGN_PERSON_AND_ORGANIZATION_ASSIGNMENT(#9044,#9047,(#9020,#9021));
#9049=PERSON_AND_ORGANIZATION_ROLE('design_supplier');
#9050=CC_DESIGN_PERSON_AND_ORGANIZATION_ASSIGNMENT(#9044,#9049,(#9020));
#9051=PERSON_AND_ORGANIZATION_ROLE('classification_officer');
#9052=CC_DESIGN_PERSON_AND_ORGANIZATION_ASSIGNMENT(#9044,#9051,(#9028));
#9053=PERSON_AND_ORGANIZATION_ROLE('design_owner');
#9054=CC_DESIGN_PERSON_AND_ORGANIZATION_ASSIGNMENT(#9044,#9053,(#9019));
#57=CIRCLE('',#56,2.E-1);
#66=CIRCLE('',#65,8.E-1);
#75=CIRCLE('',#74,2.E-1);
#84=CIRCLE('',#83,8.E-1);
#93=CIRCLE('',#92,2.E-1);
#102=CIRCLE('',#101,8.E-1);
#111=CIRCLE('',#110,2.E-1);
#120=CIRCLE('',#119,8.E-1);
#125=CIRCLE('',#124,8.E-1);
#134=CIRCLE('',#133,2.E-1);
#143=CIRCLE('',#142,8.E-1);
#152=CIRCLE('',#151,2.E-1);
#161=CIRCLE('',#160,8.E-1);
#170=CIRCLE('',#169,2.E-1);
#179=CIRCLE('',#178,8.E-1);
#188=CIRCLE('',#187,2.E-1);
#489=CIRCLE('',#488,9.35E-1);
#502=CIRCLE('',#501,3.E-1);
#743=CIRCLE('',#742,2.5E-1);
#748=CIRCLE('',#747,2.5E-1);
#757=CIRCLE('',#756,2.5E-1);
#766=CIRCLE('',#765,2.5E-1);
#783=CIRCLE('',#782,3.E-1);
#792=CIRCLE('',#791,3.E-1);
#941=CIRCLE('',#940,9.35E-1);
#954=CIRCLE('',#953,3.E-1);
#1007=CIRCLE('',#1006,3.E-1);
#1020=CIRCLE('',#1019,9.35E-1);
#1165=CIRCLE('',#1164,9.35E-1);
#1178=CIRCLE('',#1177,3.E-1);
#1231=CIRCLE('',#1230,3.E-1);
#1244=CIRCLE('',#1243,9.35E-1);
#1357=CIRCLE('',#1356,2.5E-1);
#1362=CIRCLE('',#1361,2.5E-1);
#1367=CIRCLE('',#1366,2.5E-1);
#1372=CIRCLE('',#1371,2.5E-1);
#1377=CIRCLE('',#1376,2.5E-1);
#1386=CIRCLE('',#1385,2.5E-1);
#1395=CIRCLE('',#1394,3.E-1);
#1404=CIRCLE('',#1403,3.E-1);
#1441=CIRCLE('',#1440,2.5E-1);
#1446=CIRCLE('',#1445,2.5E-1);
#1491=CIRCLE('',#1490,9.35E-1);
#1504=CIRCLE('',#1503,3.E-1);
#1601=CIRCLE('',#1600,3.E-1);
#1614=CIRCLE('',#1613,9.35E-1);
#1759=CIRCLE('',#1758,9.35E-1);
#1772=CIRCLE('',#1771,3.E-1);
#1825=CIRCLE('',#1824,3.E-1);
#1838=CIRCLE('',#1837,9.35E-1);
#2015=CIRCLE('',#2014,3.E-1);
#2028=CIRCLE('',#2027,9.35E-1);
#2089=CIRCLE('',#2088,9.35E-1);
#2102=CIRCLE('',#2101,3.E-1);
#2155=CIRCLE('',#2154,3.E-1);
#2168=CIRCLE('',#2167,9.35E-1);
#2317=CIRCLE('',#2316,9.35E-1);
#2330=CIRCLE('',#2329,3.E-1);
#2383=CIRCLE('',#2382,3.E-1);
#2396=CIRCLE('',#2395,9.35E-1);
#2545=CIRCLE('',#2544,9.35E-1);
#2558=CIRCLE('',#2557,3.E-1);
#2611=CIRCLE('',#2610,3.E-1);
#2624=CIRCLE('',#2623,9.35E-1);
#2766=B_SPLINE_CURVE_WITH_KNOTS('',3,(#2761,#2762,#2763,#2764,#2765),
.UNSPECIFIED.,.F.,.F.,(4,1,4),(0.E0,5.E-1,1.E0),.UNSPECIFIED.);
#2775=CIRCLE('',#2774,6.500080522016E-1);
#2780=CIRCLE('',#2779,7.999991695996E-1);
#2789=CIRCLE('',#2788,2.E-1);
#2802=CIRCLE('',#2801,2.E-1);
#2815=CIRCLE('',#2814,2.E-1);
#2828=CIRCLE('',#2827,2.E-1);
#2841=CIRCLE('',#2840,2.E-1);
#2854=CIRCLE('',#2853,2.E-1);
#2867=CIRCLE('',#2866,2.E-1);
#2880=CIRCLE('',#2879,2.E-1);
#2889=CIRCLE('',#2888,6.500080522016E-1);
#2894=CIRCLE('',#2893,7.999991695995E-1);
#2900=B_SPLINE_CURVE_WITH_KNOTS('',3,(#2895,#2896,#2897,#2898,#2899),
.UNSPECIFIED.,.F.,.F.,(4,1,4),(0.E0,5.E-1,1.E0),.UNSPECIFIED.);
#2914=B_SPLINE_CURVE_WITH_KNOTS('',3,(#2909,#2910,#2911,#2912,#2913),
.UNSPECIFIED.,.F.,.F.,(4,1,4),(0.E0,5.E-1,1.E0),.UNSPECIFIED.);
#2923=CIRCLE('',#2922,6.500080522016E-1);
#2928=CIRCLE('',#2927,7.999991695996E-1);
#2934=B_SPLINE_CURVE_WITH_KNOTS('',3,(#2929,#2930,#2931,#2932,#2933),
.UNSPECIFIED.,.F.,.F.,(4,1,4),(0.E0,5.E-1,1.E0),.UNSPECIFIED.);
#2948=B_SPLINE_CURVE_WITH_KNOTS('',3,(#2943,#2944,#2945,#2946,#2947),
.UNSPECIFIED.,.F.,.F.,(4,1,4),(0.E0,5.E-1,1.E0),.UNSPECIFIED.);
#2957=CIRCLE('',#2956,6.500080522015E-1);
#2962=CIRCLE('',#2961,7.999991695995E-1);
#2968=B_SPLINE_CURVE_WITH_KNOTS('',3,(#2963,#2964,#2965,#2966,#2967),
.UNSPECIFIED.,.F.,.F.,(4,1,4),(0.E0,5.E-1,1.E0),.UNSPECIFIED.);
#2982=B_SPLINE_CURVE_WITH_KNOTS('',3,(#2977,#2978,#2979,#2980,#2981),
.UNSPECIFIED.,.F.,.F.,(4,1,4),(0.E0,5.E-1,1.E0),.UNSPECIFIED.);
#2991=CIRCLE('',#2990,6.500080522017E-1);
#2996=CIRCLE('',#2995,7.999991695996E-1);
#3002=B_SPLINE_CURVE_WITH_KNOTS('',3,(#2997,#2998,#2999,#3000,#3001),
.UNSPECIFIED.,.F.,.F.,(4,1,4),(0.E0,5.E-1,1.E0),.UNSPECIFIED.);
#3016=B_SPLINE_CURVE_WITH_KNOTS('',3,(#3011,#3012,#3013,#3014,#3015),
.UNSPECIFIED.,.F.,.F.,(4,1,4),(0.E0,5.E-1,1.E0),.UNSPECIFIED.);
#3042=B_SPLINE_CURVE_WITH_KNOTS('',3,(#3037,#3038,#3039,#3040,#3041),
.UNSPECIFIED.,.F.,.F.,(4,1,4),(0.E0,5.E-1,1.E0),.UNSPECIFIED.);
#3060=B_SPLINE_CURVE_WITH_KNOTS('',3,(#3055,#3056,#3057,#3058,#3059),
.UNSPECIFIED.,.F.,.F.,(4,1,4),(0.E0,5.E-1,1.E0),.UNSPECIFIED.);
#3069=CIRCLE('',#3068,6.500080522016E-1);
#3074=CIRCLE('',#3073,7.999991695996E-1);
#3084=B_SPLINE_CURVE_WITH_KNOTS('',3,(#3079,#3080,#3081,#3082,#3083),
.UNSPECIFIED.,.F.,.F.,(4,1,4),(0.E0,5.E-1,1.E0),.UNSPECIFIED.);
#3098=B_SPLINE_CURVE_WITH_KNOTS('',3,(#3093,#3094,#3095,#3096,#3097),
.UNSPECIFIED.,.F.,.F.,(4,1,4),(0.E0,5.E-1,1.E0),.UNSPECIFIED.);
#3107=CIRCLE('',#3106,6.500080522016E-1);
#3112=CIRCLE('',#3111,7.999991695996E-1);
#3122=B_SPLINE_CURVE_WITH_KNOTS('',3,(#3117,#3118,#3119,#3120,#3121),
.UNSPECIFIED.,.F.,.F.,(4,1,4),(0.E0,5.E-1,1.E0),.UNSPECIFIED.);
#3136=B_SPLINE_CURVE_WITH_KNOTS('',3,(#3131,#3132,#3133,#3134,#3135),
.UNSPECIFIED.,.F.,.F.,(4,1,4),(0.E0,5.E-1,1.E0),.UNSPECIFIED.);
#3145=CIRCLE('',#3144,6.500080522016E-1);
#3150=CIRCLE('',#3149,7.999991695996E-1);
#3160=B_SPLINE_CURVE_WITH_KNOTS('',3,(#3155,#3156,#3157,#3158,#3159),
.UNSPECIFIED.,.F.,.F.,(4,1,4),(0.E0,5.E-1,1.E0),.UNSPECIFIED.);
#4110=EDGE_CURVE('',#3176,#3214,#4,.T.);
#4112=EDGE_CURVE('',#3214,#3224,#8,.T.);
#4114=EDGE_CURVE('',#3224,#3226,#12,.T.);
#4116=EDGE_CURVE('',#3228,#3226,#16,.T.);
#4118=EDGE_CURVE('',#3228,#3171,#20,.T.);
#4120=EDGE_CURVE('',#3171,#3172,#24,.T.);
#4122=EDGE_CURVE('',#3172,#3216,#28,.T.);
#4124=EDGE_CURVE('',#3216,#3220,#32,.T.);
#4126=EDGE_CURVE('',#3220,#3222,#36,.T.);
#4128=EDGE_CURVE('',#3218,#3222,#40,.T.);
#4130=EDGE_CURVE('',#3218,#3175,#44,.T.);
#4132=EDGE_CURVE('',#3175,#3176,#48,.T.);
#4136=EDGE_CURVE('',#3385,#3386,#52,.T.);
#4138=EDGE_CURVE('',#3388,#3386,#57,.T.);
#4140=EDGE_CURVE('',#3388,#3390,#61,.T.);
#4142=EDGE_CURVE('',#3390,#3392,#66,.T.);
#4144=EDGE_CURVE('',#3392,#3394,#70,.T.);
#4146=EDGE_CURVE('',#3396,#3394,#75,.T.);
#4148=EDGE_CURVE('',#3396,#3398,#79,.T.);
#4150=EDGE_CURVE('',#3398,#3400,#84,.T.);
#4152=EDGE_CURVE('',#3400,#3402,#88,.T.);
#4154=EDGE_CURVE('',#3404,#3402,#93,.T.);
#4156=EDGE_CURVE('',#3404,#3406,#97,.T.);
#4158=EDGE_CURVE('',#3406,#3408,#102,.T.);
#4160=EDGE_CURVE('',#3408,#3410,#106,.T.);
#4162=EDGE_CURVE('',#3412,#3410,#111,.T.);
#4164=EDGE_CURVE('',#3412,#3414,#115,.T.);
#4166=EDGE_CURVE('',#3414,#3385,#120,.T.);
#4170=EDGE_CURVE('',#3417,#3418,#125,.T.);
#4172=EDGE_CURVE('',#3418,#3420,#129,.T.);
#4174=EDGE_CURVE('',#3422,#3420,#134,.T.);
#4176=EDGE_CURVE('',#3422,#3424,#138,.T.);
#4178=EDGE_CURVE('',#3424,#3426,#143,.T.);
#4180=EDGE_CURVE('',#3426,#3428,#147,.T.);
#4182=EDGE_CURVE('',#3430,#3428,#152,.T.);
#4184=EDGE_CURVE('',#3430,#3432,#156,.T.);
#4186=EDGE_CURVE('',#3432,#3434,#161,.T.);
#4188=EDGE_CURVE('',#3434,#3436,#165,.T.);
#4190=EDGE_CURVE('',#3438,#3436,#170,.T.);
#4192=EDGE_CURVE('',#3438,#3440,#174,.T.);
#4194=EDGE_CURVE('',#3440,#3442,#179,.T.);
#4196=EDGE_CURVE('',#3442,#3444,#183,.T.);
#4198=EDGE_CURVE('',#3446,#3444,#188,.T.);
#4200=EDGE_CURVE('',#3446,#3417,#192,.T.);
#4211=EDGE_CURVE('',#3228,#3212,#196,.T.);
#4213=EDGE_CURVE('',#3212,#3207,#236,.T.);
#4215=EDGE_CURVE('',#3214,#3207,#212,.T.);
#4218=EDGE_CURVE('',#3176,#3179,#200,.T.);
#4220=EDGE_CURVE('',#3179,#3180,#690,.T.);
#4222=EDGE_CURVE('',#3171,#3180,#424,.T.);
#4232=EDGE_CURVE('',#3226,#3210,#204,.T.);
#4234=EDGE_CURVE('',#3210,#3212,#240,.T.);
#4246=EDGE_CURVE('',#3224,#3208,#208,.T.);
#4248=EDGE_CURVE('',#3208,#3210,#244,.T.);
#4261=EDGE_CURVE('',#3207,#3208,#232,.T.);
#4273=EDGE_CURVE('',#3199,#3200,#216,.T.);
#4275=EDGE_CURVE('',#3204,#3199,#220,.T.);
#4277=EDGE_CURVE('',#3202,#3204,#224,.T.);
#4279=EDGE_CURVE('',#3200,#3202,#228,.T.);
#4302=EDGE_CURVE('',#3218,#3199,#248,.T.);
#4305=EDGE_CURVE('',#3216,#3200,#264,.T.);
#4308=EDGE_CURVE('',#3172,#3183,#252,.T.);
#4310=EDGE_CURVE('',#3183,#3184,#698,.T.);
#4312=EDGE_CURVE('',#3175,#3184,#546,.T.);
#4324=EDGE_CURVE('',#3222,#3204,#256,.T.);
#4335=EDGE_CURVE('',#3220,#3202,#260,.T.);
#4360=EDGE_CURVE('',#3454,#3464,#360,.T.);
#4362=EDGE_CURVE('',#3464,#3635,#364,.T.);
#4364=EDGE_CURVE('',#3635,#3636,#368,.T.);
#4366=EDGE_CURVE('',#3636,#3638,#372,.T.);
#4368=EDGE_CURVE('',#3638,#3640,#376,.T.);
#4370=EDGE_CURVE('',#3640,#3467,#380,.T.);
#4372=EDGE_CURVE('',#3467,#3468,#384,.T.);
#4374=EDGE_CURVE('',#3468,#3470,#388,.T.);
#4376=EDGE_CURVE('',#3470,#3472,#392,.T.);
#4378=EDGE_CURVE('',#3472,#3523,#396,.T.);
#4380=EDGE_CURVE('',#3523,#3524,#400,.T.);
#4382=EDGE_CURVE('',#3524,#3526,#404,.T.);
#4384=EDGE_CURVE('',#3526,#3528,#408,.T.);
#4386=EDGE_CURVE('',#3528,#3474,#412,.T.);
#4388=EDGE_CURVE('',#3458,#3474,#416,.T.);
#4390=EDGE_CURVE('',#3458,#3192,#420,.T.);
#4392=EDGE_CURVE('',#3192,#3196,#1458,.T.);
#4394=EDGE_CURVE('',#3196,#3183,#702,.T.);
#4399=EDGE_CURVE('',#3180,#3194,#686,.T.);
#4401=EDGE_CURVE('',#3188,#3194,#1352,.T.);
#4403=EDGE_CURVE('',#3188,#3454,#428,.T.);
#4407=EDGE_CURVE('',#3651,#3652,#284,.T.);
#4409=EDGE_CURVE('',#3652,#3654,#288,.T.);
#4411=EDGE_CURVE('',#3654,#3656,#292,.T.);
#4413=EDGE_CURVE('',#3656,#3651,#296,.T.);
#4417=EDGE_CURVE('',#3667,#3668,#300,.T.);
#4419=EDGE_CURVE('',#3668,#3670,#304,.T.);
#4421=EDGE_CURVE('',#3670,#3672,#308,.T.);
#4423=EDGE_CURVE('',#3672,#3667,#312,.T.);
#4427=EDGE_CURVE('',#3843,#3844,#316,.T.);
#4429=EDGE_CURVE('',#3844,#3846,#320,.T.);
#4431=EDGE_CURVE('',#3846,#3848,#324,.T.);
#4433=EDGE_CURVE('',#3848,#3843,#328,.T.);
#4437=EDGE_CURVE('',#3239,#3494,#1682,.T.);
#4439=EDGE_CURVE('',#3239,#3240,#332,.T.);
#4441=EDGE_CURVE('',#3240,#3242,#336,.T.);
#4443=EDGE_CURVE('',#3242,#3294,#340,.T.);
#4445=EDGE_CURVE('',#3293,#3294,#344,.T.);
#4447=EDGE_CURVE('',#3293,#3496,#348,.T.);
#4449=EDGE_CURVE('',#3496,#3493,#352,.T.);
#4451=EDGE_CURVE('',#3493,#3494,#356,.T.);
#4455=EDGE_CURVE('',#3507,#3508,#268,.T.);
#4457=EDGE_CURVE('',#3508,#3510,#272,.T.);
#4459=EDGE_CURVE('',#3510,#3512,#276,.T.);
#4461=EDGE_CURVE('',#3512,#3507,#280,.T.);
#4472=EDGE_CURVE('',#3507,#3499,#432,.T.);
#4474=EDGE_CURVE('',#3499,#3500,#448,.T.);
#4476=EDGE_CURVE('',#3508,#3500,#444,.T.);
#4487=EDGE_CURVE('',#3512,#3504,#436,.T.);
#4489=EDGE_CURVE('',#3504,#3499,#452,.T.);
#4501=EDGE_CURVE('',#3510,#3502,#440,.T.);
#4503=EDGE_CURVE('',#3502,#3504,#456,.T.);
#4516=EDGE_CURVE('',#3500,#3502,#460,.T.);
#4533=EDGE_CURVE('',#3939,#3940,#464,.T.);
#4535=EDGE_CURVE('',#3939,#3943,#468,.T.);
#4537=EDGE_CURVE('',#3943,#3944,#472,.T.);
#4539=EDGE_CURVE('',#3940,#3944,#476,.T.);
#4549=EDGE_CURVE('',#3572,#3564,#480,.T.);
#4551=EDGE_CURVE('',#3572,#3919,#484,.T.);
#4553=EDGE_CURVE('',#3919,#3920,#489,.T.);
#4555=EDGE_CURVE('',#3920,#3932,#493,.T.);
#4557=EDGE_CURVE('',#3931,#3932,#582,.T.);
#4559=EDGE_CURVE('',#3931,#3915,#497,.T.);
#4561=EDGE_CURVE('',#3915,#3916,#502,.T.);
#4563=EDGE_CURVE('',#3916,#3564,#506,.T.);
#4573=EDGE_CURVE('',#3580,#3587,#510,.T.);
#4575=EDGE_CURVE('',#3580,#3939,#514,.T.);
#4578=EDGE_CURVE('',#3940,#3587,#518,.T.);
#4588=EDGE_CURVE('',#3563,#3564,#522,.T.);
#4590=EDGE_CURVE('',#3571,#3563,#1994,.T.);
#4592=EDGE_CURVE('',#3571,#3572,#1982,.T.);
#4604=EDGE_CURVE('',#3568,#3564,#530,.T.);
#4606=EDGE_CURVE('',#3567,#3568,#526,.T.);
#4608=EDGE_CURVE('',#3567,#3563,#1998,.T.);
#4620=EDGE_CURVE('',#3916,#3924,#534,.T.);
#4622=EDGE_CURVE('',#3924,#3568,#2010,.T.);
#4633=EDGE_CURVE('',#3915,#3923,#538,.T.);
#4635=EDGE_CURVE('',#3923,#3924,#2015,.T.);
#4646=EDGE_CURVE('',#3931,#3935,#594,.T.);
#4648=EDGE_CURVE('',#3935,#3923,#2019,.T.);
#4660=EDGE_CURVE('',#3583,#3580,#542,.T.);
#4662=EDGE_CURVE('',#3583,#3943,#2044,.T.);
#4676=EDGE_CURVE('',#3184,#3179,#694,.T.);
#4681=EDGE_CURVE('',#3245,#3246,#550,.T.);
#4683=EDGE_CURVE('',#3246,#3250,#554,.T.);
#4685=EDGE_CURVE('',#3249,#3250,#558,.T.);
#4687=EDGE_CURVE('',#3245,#3249,#562,.T.);
#4691=EDGE_CURVE('',#3899,#3900,#566,.T.);
#4693=EDGE_CURVE('',#3900,#3904,#570,.T.);
#4695=EDGE_CURVE('',#3903,#3904,#574,.T.);
#4697=EDGE_CURVE('',#3899,#3903,#578,.T.);
#4702=EDGE_CURVE('',#3932,#3936,#586,.T.);
#4704=EDGE_CURVE('',#3935,#3936,#590,.T.);
#4709=EDGE_CURVE('',#3963,#3964,#598,.T.);
#4711=EDGE_CURVE('',#3964,#3968,#602,.T.);
#4713=EDGE_CURVE('',#3967,#3968,#606,.T.);
#4715=EDGE_CURVE('',#3963,#3967,#610,.T.);
#4719=EDGE_CURVE('',#3995,#3996,#614,.T.);
#4721=EDGE_CURVE('',#3996,#4000,#618,.T.);
#4723=EDGE_CURVE('',#3999,#4000,#622,.T.);
#4725=EDGE_CURVE('',#3995,#3999,#626,.T.);
#4729=EDGE_CURVE('',#4027,#4028,#630,.T.);
#4731=EDGE_CURVE('',#4028,#4032,#634,.T.);
#4733=EDGE_CURVE('',#4031,#4032,#638,.T.);
#4735=EDGE_CURVE('',#4027,#4031,#642,.T.);
#4739=EDGE_CURVE('',#4059,#4060,#646,.T.);
#4741=EDGE_CURVE('',#4060,#4064,#650,.T.);
#4743=EDGE_CURVE('',#4063,#4064,#654,.T.);
#4745=EDGE_CURVE('',#4059,#4063,#658,.T.);
#4749=EDGE_CURVE('',#4091,#4092,#662,.T.);
#4751=EDGE_CURVE('',#4092,#4096,#666,.T.);
#4753=EDGE_CURVE('',#4095,#4096,#670,.T.);
#4755=EDGE_CURVE('',#4091,#4095,#674,.T.);
#4765=EDGE_CURVE('',#3324,#3320,#678,.T.);
#4767=EDGE_CURVE('',#3328,#3324,#1362,.T.);
#4769=EDGE_CURVE('',#3194,#3328,#682,.T.);
#4776=EDGE_CURVE('',#3196,#3318,#706,.T.);
#4778=EDGE_CURVE('',#3320,#3318,#1446,.T.);
#4788=EDGE_CURVE('',#3771,#3772,#710,.T.);
#4790=EDGE_CURVE('',#3774,#3772,#714,.T.);
#4792=EDGE_CURVE('',#3323,#3774,#752,.T.);
#4794=EDGE_CURVE('',#3323,#3324,#718,.T.);
#4797=EDGE_CURVE('',#3320,#3316,#722,.T.);
#4799=EDGE_CURVE('',#3776,#3316,#761,.T.);
#4801=EDGE_CURVE('',#3776,#3771,#726,.T.);
#4812=EDGE_CURVE('',#3791,#3771,#730,.T.);
#4814=EDGE_CURVE('',#3791,#3792,#796,.T.);
#4816=EDGE_CURVE('',#3772,#3792,#734,.T.);
#4827=EDGE_CURVE('',#3776,#3788,#757,.T.);
#4829=EDGE_CURVE('',#3788,#3786,#1408,.T.);
#4831=EDGE_CURVE('',#3786,#3800,#738,.T.);
#4833=EDGE_CURVE('',#3791,#3800,#778,.T.);
#4844=EDGE_CURVE('',#3774,#3779,#743,.T.);
#4846=EDGE_CURVE('',#3330,#3779,#1424,.T.);
#4848=EDGE_CURVE('',#3330,#3323,#748,.T.);
#4861=EDGE_CURVE('',#3316,#3312,#766,.T.);
#4863=EDGE_CURVE('',#3788,#3312,#1412,.T.);
#4875=EDGE_CURVE('',#3792,#3794,#770,.T.);
#4877=EDGE_CURVE('',#3780,#3794,#1428,.T.);
#4879=EDGE_CURVE('',#3779,#3780,#1390,.T.);
#4891=EDGE_CURVE('',#3792,#3460,#824,.T.);
#4893=EDGE_CURVE('',#3453,#3460,#844,.T.);
#4895=EDGE_CURVE('',#3457,#3453,#840,.T.);
#4897=EDGE_CURVE('',#3457,#3462,#774,.T.);
#4899=EDGE_CURVE('',#3462,#3791,#800,.T.);
#4902=EDGE_CURVE('',#3798,#3800,#783,.T.);
#4904=EDGE_CURVE('',#3796,#3798,#787,.T.);
#4906=EDGE_CURVE('',#3794,#3796,#792,.T.);
#4918=EDGE_CURVE('',#3482,#3462,#804,.T.);
#4920=EDGE_CURVE('',#3480,#3482,#872,.T.);
#4922=EDGE_CURVE('',#3450,#3480,#808,.T.);
#4924=EDGE_CURVE('',#3449,#3450,#812,.T.);
#4926=EDGE_CURVE('',#3478,#3449,#816,.T.);
#4928=EDGE_CURVE('',#3478,#3476,#848,.T.);
#4930=EDGE_CURVE('',#3460,#3476,#820,.T.);
#4941=EDGE_CURVE('',#3457,#3458,#836,.T.);
#4944=EDGE_CURVE('',#3474,#3482,#876,.T.);
#4956=EDGE_CURVE('',#3453,#3454,#828,.T.);
#4959=EDGE_CURVE('',#3187,#3188,#1348,.T.);
#4961=EDGE_CURVE('',#3187,#3191,#832,.T.);
#4963=EDGE_CURVE('',#3191,#3192,#1462,.T.);
#4979=EDGE_CURVE('',#3464,#3476,#860,.T.);
#4991=EDGE_CURVE('',#3467,#3478,#852,.T.);
#4994=EDGE_CURVE('',#3640,#3632,#856,.T.);
#4996=EDGE_CURVE('',#3632,#3627,#1128,.T.);
#4998=EDGE_CURVE('',#3635,#3627,#1120,.T.);
#5013=EDGE_CURVE('',#3468,#3449,#864,.T.);
#5026=EDGE_CURVE('',#3470,#3450,#868,.T.);
#5039=EDGE_CURVE('',#3472,#3480,#884,.T.);
#5052=EDGE_CURVE('',#3528,#3520,#880,.T.);
#5054=EDGE_CURVE('',#3520,#3515,#904,.T.);
#5056=EDGE_CURVE('',#3523,#3515,#896,.T.);
#5069=EDGE_CURVE('',#3526,#3518,#888,.T.);
#5071=EDGE_CURVE('',#3518,#3520,#908,.T.);
#5083=EDGE_CURVE('',#3524,#3516,#892,.T.);
#5085=EDGE_CURVE('',#3516,#3518,#912,.T.);
#5098=EDGE_CURVE('',#3515,#3516,#900,.T.);
#5115=EDGE_CURVE('',#3971,#3972,#916,.T.);
#5117=EDGE_CURVE('',#3971,#3975,#920,.T.);
#5119=EDGE_CURVE('',#3975,#3976,#924,.T.);
#5121=EDGE_CURVE('',#3972,#3976,#928,.T.);
#5131=EDGE_CURVE('',#3604,#3596,#932,.T.);
#5133=EDGE_CURVE('',#3604,#3951,#936,.T.);
#5135=EDGE_CURVE('',#3951,#3952,#941,.T.);
#5137=EDGE_CURVE('',#3952,#3964,#945,.T.);
#5140=EDGE_CURVE('',#3963,#3947,#949,.T.);
#5142=EDGE_CURVE('',#3947,#3948,#954,.T.);
#5144=EDGE_CURVE('',#3948,#3596,#958,.T.);
#5154=EDGE_CURVE('',#3612,#3619,#962,.T.);
#5156=EDGE_CURVE('',#3612,#3971,#966,.T.);
#5159=EDGE_CURVE('',#3972,#3619,#970,.T.);
#5169=EDGE_CURVE('',#3595,#3596,#974,.T.);
#5171=EDGE_CURVE('',#3603,#3595,#1052,.T.);
#5173=EDGE_CURVE('',#3603,#3604,#1040,.T.);
#5185=EDGE_CURVE('',#3600,#3596,#982,.T.);
#5187=EDGE_CURVE('',#3599,#3600,#978,.T.);
#5189=EDGE_CURVE('',#3599,#3595,#1056,.T.);
#5201=EDGE_CURVE('',#3948,#3956,#986,.T.);
#5203=EDGE_CURVE('',#3956,#3600,#1002,.T.);
#5214=EDGE_CURVE('',#3947,#3955,#990,.T.);
#5216=EDGE_CURVE('',#3955,#3956,#1007,.T.);
#5228=EDGE_CURVE('',#3967,#3955,#1011,.T.);
#5240=EDGE_CURVE('',#3615,#3612,#994,.T.);
#5242=EDGE_CURVE('',#3615,#3975,#1036,.T.);
#5254=EDGE_CURVE('',#3600,#3607,#998,.T.);
#5260=EDGE_CURVE('',#3960,#3968,#1015,.T.);
#5262=EDGE_CURVE('',#3959,#3960,#1020,.T.);
#5264=EDGE_CURVE('',#3607,#3959,#1024,.T.);
#5274=EDGE_CURVE('',#3624,#3615,#1028,.T.);
#5276=EDGE_CURVE('',#3976,#3624,#1032,.T.);
#5290=EDGE_CURVE('',#3607,#3608,#1044,.T.);
#5292=EDGE_CURVE('',#3599,#3608,#1060,.T.);
#5303=EDGE_CURVE('',#3608,#3603,#1048,.T.);
#5306=EDGE_CURVE('',#3607,#3604,#1064,.T.);
#5330=EDGE_CURVE('',#3951,#3959,#1068,.T.);
#5344=EDGE_CURVE('',#3952,#3960,#1072,.T.);
#5366=EDGE_CURVE('',#3624,#3619,#1076,.T.);
#5379=EDGE_CURVE('',#3619,#3620,#1080,.T.);
#5382=EDGE_CURVE('',#3623,#3624,#1084,.T.);
#5384=EDGE_CURVE('',#3623,#3620,#1096,.T.);
#5394=EDGE_CURVE('',#3611,#3612,#1088,.T.);
#5398=EDGE_CURVE('',#3611,#3620,#1108,.T.);
#5409=EDGE_CURVE('',#3616,#3611,#1104,.T.);
#5411=EDGE_CURVE('',#3615,#3616,#1092,.T.);
#5423=EDGE_CURVE('',#3623,#3616,#1100,.T.);
#5448=EDGE_CURVE('',#3638,#3630,#1112,.T.);
#5450=EDGE_CURVE('',#3630,#3632,#1132,.T.);
#5462=EDGE_CURVE('',#3636,#3628,#1116,.T.);
#5464=EDGE_CURVE('',#3628,#3630,#1136,.T.);
#5477=EDGE_CURVE('',#3627,#3628,#1124,.T.);
#5494=EDGE_CURVE('',#4003,#4004,#1140,.T.);
#5496=EDGE_CURVE('',#4003,#4007,#1144,.T.);
#5498=EDGE_CURVE('',#4007,#4008,#1148,.T.);
#5500=EDGE_CURVE('',#4004,#4008,#1152,.T.);
#5510=EDGE_CURVE('',#3684,#3676,#1156,.T.);
#5512=EDGE_CURVE('',#3684,#3983,#1160,.T.);
#5514=EDGE_CURVE('',#3983,#3984,#1165,.T.);
#5516=EDGE_CURVE('',#3984,#3996,#1169,.T.);
#5519=EDGE_CURVE('',#3995,#3979,#1173,.T.);
#5521=EDGE_CURVE('',#3979,#3980,#1178,.T.);
#5523=EDGE_CURVE('',#3980,#3676,#1182,.T.);
#5533=EDGE_CURVE('',#3692,#3699,#1186,.T.);
#5535=EDGE_CURVE('',#3692,#4003,#1190,.T.);
#5538=EDGE_CURVE('',#4004,#3699,#1194,.T.);
#5548=EDGE_CURVE('',#3675,#3676,#1198,.T.);
#5550=EDGE_CURVE('',#3683,#3675,#1276,.T.);
#5552=EDGE_CURVE('',#3683,#3684,#1264,.T.);
#5564=EDGE_CURVE('',#3680,#3676,#1206,.T.);
#5566=EDGE_CURVE('',#3679,#3680,#1202,.T.);
#5568=EDGE_CURVE('',#3679,#3675,#1280,.T.);
#5580=EDGE_CURVE('',#3980,#3988,#1210,.T.);
#5582=EDGE_CURVE('',#3988,#3680,#1226,.T.);
#5593=EDGE_CURVE('',#3979,#3987,#1214,.T.);
#5595=EDGE_CURVE('',#3987,#3988,#1231,.T.);
#5607=EDGE_CURVE('',#3999,#3987,#1235,.T.);
#5619=EDGE_CURVE('',#3695,#3692,#1218,.T.);
#5621=EDGE_CURVE('',#3695,#4007,#1260,.T.);
#5633=EDGE_CURVE('',#3680,#3687,#1222,.T.);
#5639=EDGE_CURVE('',#3992,#4000,#1239,.T.);
#5641=EDGE_CURVE('',#3991,#3992,#1244,.T.);
#5643=EDGE_CURVE('',#3687,#3991,#1248,.T.);
#5653=EDGE_CURVE('',#3704,#3695,#1252,.T.);
#5655=EDGE_CURVE('',#4008,#3704,#1256,.T.);
#5669=EDGE_CURVE('',#3687,#3688,#1268,.T.);
#5671=EDGE_CURVE('',#3679,#3688,#1284,.T.);
#5682=EDGE_CURVE('',#3688,#3683,#1272,.T.);
#5685=EDGE_CURVE('',#3687,#3684,#1288,.T.);
#5709=EDGE_CURVE('',#3983,#3991,#1292,.T.);
#5723=EDGE_CURVE('',#3984,#3992,#1296,.T.);
#5745=EDGE_CURVE('',#3704,#3699,#1300,.T.);
#5758=EDGE_CURVE('',#3699,#3700,#1304,.T.);
#5761=EDGE_CURVE('',#3703,#3704,#1308,.T.);
#5763=EDGE_CURVE('',#3703,#3700,#1320,.T.);
#5773=EDGE_CURVE('',#3691,#3692,#1312,.T.);
#5777=EDGE_CURVE('',#3691,#3700,#1332,.T.);
#5788=EDGE_CURVE('',#3696,#3691,#1328,.T.);
#5790=EDGE_CURVE('',#3695,#3696,#1316,.T.);
#5802=EDGE_CURVE('',#3703,#3696,#1324,.T.);
#5826=EDGE_CURVE('',#3327,#3328,#1336,.T.);
#5828=EDGE_CURVE('',#3334,#3327,#1340,.T.);
#5830=EDGE_CURVE('',#3334,#3187,#1344,.T.);
#5844=EDGE_CURVE('',#3327,#3323,#1357,.T.);
#5857=EDGE_CURVE('',#3327,#3330,#1367,.T.);
#5868=EDGE_CURVE('',#3333,#3334,#1377,.T.);
#5872=EDGE_CURVE('',#3333,#3330,#1420,.T.);
#5882=EDGE_CURVE('',#3309,#3310,#1372,.T.);
#5884=EDGE_CURVE('',#3309,#3191,#1466,.T.);
#5889=EDGE_CURVE('',#3333,#3310,#1381,.T.);
#5900=EDGE_CURVE('',#3312,#3310,#1416,.T.);
#5902=EDGE_CURVE('',#3314,#3312,#1386,.T.);
#5904=EDGE_CURVE('',#3314,#3309,#1450,.T.);
#5915=EDGE_CURVE('',#3780,#3782,#1395,.T.);
#5917=EDGE_CURVE('',#3782,#3784,#1399,.T.);
#5919=EDGE_CURVE('',#3784,#3786,#1404,.T.);
#5938=EDGE_CURVE('',#3782,#3796,#1432,.T.);
#5951=EDGE_CURVE('',#3784,#3798,#1436,.T.);
#5974=EDGE_CURVE('',#3314,#3316,#1441,.T.);
#5985=EDGE_CURVE('',#3318,#3314,#1454,.T.);
#6012=EDGE_CURVE('',#3280,#3274,#1470,.T.);
#6014=EDGE_CURVE('',#3280,#3253,#1474,.T.);
#6016=EDGE_CURVE('',#3253,#3254,#1646,.T.);
#6018=EDGE_CURVE('',#3254,#3274,#1478,.T.);
#6028=EDGE_CURVE('',#3286,#3348,#1482,.T.);
#6030=EDGE_CURVE('',#3286,#3338,#1486,.T.);
#6032=EDGE_CURVE('',#3338,#3262,#1491,.T.);
#6034=EDGE_CURVE('',#3262,#3246,#1495,.T.);
#6037=EDGE_CURVE('',#3245,#3260,#1499,.T.);
#6039=EDGE_CURVE('',#3260,#3336,#1504,.T.);
#6041=EDGE_CURVE('',#3336,#3348,#1508,.T.);
#6051=EDGE_CURVE('',#3282,#3270,#1524,.T.);
#6053=EDGE_CURVE('',#3282,#3280,#1622,.T.);
#6056=EDGE_CURVE('',#3274,#3270,#1528,.T.);
#6066=EDGE_CURVE('',#3269,#3270,#1512,.T.);
#6068=EDGE_CURVE('',#3269,#3276,#1516,.T.);
#6070=EDGE_CURVE('',#3276,#3282,#1520,.T.);
#6083=EDGE_CURVE('',#3273,#3274,#1540,.T.);
#6085=EDGE_CURVE('',#3269,#3273,#1532,.T.);
#6097=EDGE_CURVE('',#3262,#3266,#1536,.T.);
#6099=EDGE_CURVE('',#3266,#3250,#1609,.T.);
#6111=EDGE_CURVE('',#3254,#3258,#1658,.T.);
#6113=EDGE_CURVE('',#3258,#3273,#1584,.T.);
#6124=EDGE_CURVE('',#3338,#3342,#1544,.T.);
#6126=EDGE_CURVE('',#3342,#3266,#1614,.T.);
#6137=EDGE_CURVE('',#3290,#3286,#1548,.T.);
#6139=EDGE_CURVE('',#3290,#3342,#1618,.T.);
#6151=EDGE_CURVE('',#3285,#3286,#1552,.T.);
#6153=EDGE_CURVE('',#3289,#3285,#1950,.T.);
#6155=EDGE_CURVE('',#3289,#3290,#1946,.T.);
#6168=EDGE_CURVE('',#3350,#3348,#1556,.T.);
#6170=EDGE_CURVE('',#3285,#3350,#1954,.T.);
#6180=EDGE_CURVE('',#3346,#3348,#1564,.T.);
#6182=EDGE_CURVE('',#3344,#3346,#1560,.T.);
#6184=EDGE_CURVE('',#3344,#3350,#1958,.T.);
#6197=EDGE_CURVE('',#3336,#3340,#1568,.T.);
#6199=EDGE_CURVE('',#3340,#3346,#1596,.T.);
#6210=EDGE_CURVE('',#3260,#3264,#1572,.T.);
#6212=EDGE_CURVE('',#3264,#3340,#1601,.T.);
#6224=EDGE_CURVE('',#3249,#3264,#1605,.T.);
#6236=EDGE_CURVE('',#3278,#3280,#1576,.T.);
#6238=EDGE_CURVE('',#3278,#3257,#1588,.T.);
#6240=EDGE_CURVE('',#3253,#3257,#1650,.T.);
#6251=EDGE_CURVE('',#3273,#3278,#1580,.T.);
#6254=EDGE_CURVE('',#3257,#3258,#1654,.T.);
#6265=EDGE_CURVE('',#3346,#3290,#1592,.T.);
#6285=EDGE_CURVE('',#3278,#3276,#1626,.T.);
#6307=EDGE_CURVE('',#3231,#3232,#1630,.T.);
#6309=EDGE_CURVE('',#3236,#3231,#1634,.T.);
#6311=EDGE_CURVE('',#3234,#3236,#1638,.T.);
#6313=EDGE_CURVE('',#3232,#3234,#1642,.T.);
#6329=EDGE_CURVE('',#3297,#3298,#1662,.T.);
#6331=EDGE_CURVE('',#3298,#3300,#1666,.T.);
#6333=EDGE_CURVE('',#3300,#3294,#1670,.T.);
#6336=EDGE_CURVE('',#3242,#3231,#1674,.T.);
#6339=EDGE_CURVE('',#3297,#3232,#1690,.T.);
#6350=EDGE_CURVE('',#3297,#3302,#1678,.T.);
#6352=EDGE_CURVE('',#3302,#3304,#1702,.T.);
#6354=EDGE_CURVE('',#3298,#3304,#1934,.T.);
#6365=EDGE_CURVE('',#3494,#3486,#1686,.T.);
#6367=EDGE_CURVE('',#3486,#3488,#1730,.T.);
#6369=EDGE_CURVE('',#3302,#3488,#1706,.T.);
#6374=EDGE_CURVE('',#3239,#3234,#1938,.T.);
#6385=EDGE_CURVE('',#3493,#3485,#1694,.T.);
#6387=EDGE_CURVE('',#3485,#3486,#1718,.T.);
#6399=EDGE_CURVE('',#3496,#3490,#1698,.T.);
#6401=EDGE_CURVE('',#3490,#3485,#1722,.T.);
#6414=EDGE_CURVE('',#3488,#3490,#1726,.T.);
#6418=EDGE_CURVE('',#3306,#3293,#1710,.T.);
#6420=EDGE_CURVE('',#3304,#3306,#1714,.T.);
#6436=EDGE_CURVE('',#3907,#3908,#1734,.T.);
#6438=EDGE_CURVE('',#3907,#3911,#1738,.T.);
#6440=EDGE_CURVE('',#3911,#3912,#1742,.T.);
#6442=EDGE_CURVE('',#3908,#3912,#1746,.T.);
#6452=EDGE_CURVE('',#3540,#3532,#1750,.T.);
#6454=EDGE_CURVE('',#3540,#3887,#1754,.T.);
#6456=EDGE_CURVE('',#3887,#3888,#1759,.T.);
#6458=EDGE_CURVE('',#3888,#3900,#1763,.T.);
#6461=EDGE_CURVE('',#3899,#3883,#1767,.T.);
#6463=EDGE_CURVE('',#3883,#3884,#1772,.T.);
#6465=EDGE_CURVE('',#3884,#3532,#1776,.T.);
#6475=EDGE_CURVE('',#3548,#3555,#1780,.T.);
#6477=EDGE_CURVE('',#3548,#3907,#1784,.T.);
#6480=EDGE_CURVE('',#3908,#3555,#1788,.T.);
#6490=EDGE_CURVE('',#3531,#3532,#1792,.T.);
#6492=EDGE_CURVE('',#3539,#3531,#1870,.T.);
#6494=EDGE_CURVE('',#3539,#3540,#1858,.T.);
#6506=EDGE_CURVE('',#3536,#3532,#1800,.T.);
#6508=EDGE_CURVE('',#3535,#3536,#1796,.T.);
#6510=EDGE_CURVE('',#3535,#3531,#1874,.T.);
#6522=EDGE_CURVE('',#3884,#3892,#1804,.T.);
#6524=EDGE_CURVE('',#3892,#3536,#1820,.T.);
#6535=EDGE_CURVE('',#3883,#3891,#1808,.T.);
#6537=EDGE_CURVE('',#3891,#3892,#1825,.T.);
#6549=EDGE_CURVE('',#3903,#3891,#1829,.T.);
#6561=EDGE_CURVE('',#3551,#3548,#1812,.T.);
#6563=EDGE_CURVE('',#3551,#3911,#1854,.T.);
#6575=EDGE_CURVE('',#3536,#3543,#1816,.T.);
#6581=EDGE_CURVE('',#3896,#3904,#1833,.T.);
#6583=EDGE_CURVE('',#3895,#3896,#1838,.T.);
#6585=EDGE_CURVE('',#3543,#3895,#1842,.T.);
#6595=EDGE_CURVE('',#3560,#3551,#1846,.T.);
#6597=EDGE_CURVE('',#3912,#3560,#1850,.T.);
#6611=EDGE_CURVE('',#3543,#3544,#1862,.T.);
#6613=EDGE_CURVE('',#3535,#3544,#1878,.T.);
#6624=EDGE_CURVE('',#3544,#3539,#1866,.T.);
#6627=EDGE_CURVE('',#3543,#3540,#1882,.T.);
#6651=EDGE_CURVE('',#3887,#3895,#1886,.T.);
#6665=EDGE_CURVE('',#3888,#3896,#1890,.T.);
#6687=EDGE_CURVE('',#3560,#3555,#1894,.T.);
#6700=EDGE_CURVE('',#3555,#3556,#1898,.T.);
#6703=EDGE_CURVE('',#3559,#3560,#1902,.T.);
#6705=EDGE_CURVE('',#3559,#3556,#1914,.T.);
#6715=EDGE_CURVE('',#3547,#3548,#1906,.T.);
#6719=EDGE_CURVE('',#3547,#3556,#1926,.T.);
#6730=EDGE_CURVE('',#3552,#3547,#1922,.T.);
#6732=EDGE_CURVE('',#3551,#3552,#1910,.T.);
#6744=EDGE_CURVE('',#3559,#3552,#1918,.T.);
#6770=EDGE_CURVE('',#3300,#3306,#1930,.T.);
#6796=EDGE_CURVE('',#3240,#3236,#1942,.T.);
#6819=EDGE_CURVE('',#3344,#3289,#1962,.T.);
#6845=EDGE_CURVE('',#3920,#3928,#1966,.T.);
#6847=EDGE_CURVE('',#3928,#3936,#2023,.T.);
#6857=EDGE_CURVE('',#3592,#3587,#1970,.T.);
#6861=EDGE_CURVE('',#3944,#3592,#2040,.T.);
#6872=EDGE_CURVE('',#3919,#3927,#1974,.T.);
#6874=EDGE_CURVE('',#3927,#3928,#2028,.T.);
#6885=EDGE_CURVE('',#3575,#3572,#1978,.T.);
#6887=EDGE_CURVE('',#3575,#3927,#2032,.T.);
#6900=EDGE_CURVE('',#3576,#3571,#1990,.T.);
#6902=EDGE_CURVE('',#3575,#3576,#1986,.T.);
#6916=EDGE_CURVE('',#3567,#3576,#2002,.T.);
#6927=EDGE_CURVE('',#3568,#3575,#2006,.T.);
#6955=EDGE_CURVE('',#3592,#3583,#2036,.T.);
#6968=EDGE_CURVE('',#3583,#3584,#2052,.T.);
#6970=EDGE_CURVE('',#3591,#3584,#2068,.T.);
#6972=EDGE_CURVE('',#3591,#3592,#2060,.T.);
#6983=EDGE_CURVE('',#3579,#3580,#2048,.T.);
#6985=EDGE_CURVE('',#3584,#3579,#2072,.T.);
#6999=EDGE_CURVE('',#3587,#3588,#2056,.T.);
#7001=EDGE_CURVE('',#3579,#3588,#2076,.T.);
#7014=EDGE_CURVE('',#3591,#3588,#2064,.T.);
#7036=EDGE_CURVE('',#3716,#3708,#2080,.T.);
#7038=EDGE_CURVE('',#3716,#4015,#2084,.T.);
#7040=EDGE_CURVE('',#4015,#4016,#2089,.T.);
#7042=EDGE_CURVE('',#4016,#4028,#2093,.T.);
#7045=EDGE_CURVE('',#4027,#4011,#2097,.T.);
#7047=EDGE_CURVE('',#4011,#4012,#2102,.T.);
#7049=EDGE_CURVE('',#4012,#3708,#2106,.T.);
#7059=EDGE_CURVE('',#3724,#3731,#2110,.T.);
#7061=EDGE_CURVE('',#3724,#4035,#2114,.T.);
#7063=EDGE_CURVE('',#4035,#4036,#2276,.T.);
#7065=EDGE_CURVE('',#4036,#3731,#2118,.T.);
#7075=EDGE_CURVE('',#3707,#3708,#2122,.T.);
#7077=EDGE_CURVE('',#3715,#3707,#2200,.T.);
#7079=EDGE_CURVE('',#3715,#3716,#2188,.T.);
#7091=EDGE_CURVE('',#3712,#3708,#2130,.T.);
#7093=EDGE_CURVE('',#3711,#3712,#2126,.T.);
#7095=EDGE_CURVE('',#3711,#3707,#2204,.T.);
#7107=EDGE_CURVE('',#4012,#4020,#2134,.T.);
#7109=EDGE_CURVE('',#4020,#3712,#2150,.T.);
#7120=EDGE_CURVE('',#4011,#4019,#2138,.T.);
#7122=EDGE_CURVE('',#4019,#4020,#2155,.T.);
#7134=EDGE_CURVE('',#4031,#4019,#2159,.T.);
#7146=EDGE_CURVE('',#3727,#3724,#2142,.T.);
#7148=EDGE_CURVE('',#3727,#4039,#2184,.T.);
#7150=EDGE_CURVE('',#4035,#4039,#2280,.T.);
#7161=EDGE_CURVE('',#3712,#3719,#2146,.T.);
#7167=EDGE_CURVE('',#4024,#4032,#2163,.T.);
#7169=EDGE_CURVE('',#4023,#4024,#2168,.T.);
#7171=EDGE_CURVE('',#3719,#4023,#2172,.T.);
#7181=EDGE_CURVE('',#3736,#3727,#2176,.T.);
#7183=EDGE_CURVE('',#4040,#3736,#2180,.T.);
#7185=EDGE_CURVE('',#4039,#4040,#2284,.T.);
#7198=EDGE_CURVE('',#3719,#3720,#2192,.T.);
#7200=EDGE_CURVE('',#3711,#3720,#2208,.T.);
#7211=EDGE_CURVE('',#3720,#3715,#2196,.T.);
#7214=EDGE_CURVE('',#3719,#3716,#2212,.T.);
#7238=EDGE_CURVE('',#4015,#4023,#2216,.T.);
#7252=EDGE_CURVE('',#4016,#4024,#2220,.T.);
#7274=EDGE_CURVE('',#3736,#3731,#2224,.T.);
#7277=EDGE_CURVE('',#4036,#4040,#2288,.T.);
#7288=EDGE_CURVE('',#3731,#3732,#2228,.T.);
#7291=EDGE_CURVE('',#3735,#3736,#2232,.T.);
#7293=EDGE_CURVE('',#3735,#3732,#2244,.T.);
#7303=EDGE_CURVE('',#3723,#3724,#2236,.T.);
#7307=EDGE_CURVE('',#3723,#3732,#2256,.T.);
#7318=EDGE_CURVE('',#3728,#3723,#2252,.T.);
#7320=EDGE_CURVE('',#3727,#3728,#2240,.T.);
#7332=EDGE_CURVE('',#3735,#3728,#2248,.T.);
#7356=EDGE_CURVE('',#3643,#3644,#2260,.T.);
#7358=EDGE_CURVE('',#3648,#3643,#2264,.T.);
#7360=EDGE_CURVE('',#3646,#3648,#2268,.T.);
#7362=EDGE_CURVE('',#3644,#3646,#2272,.T.);
#7379=EDGE_CURVE('',#3651,#3643,#2292,.T.);
#7382=EDGE_CURVE('',#3652,#3644,#2304,.T.);
#7393=EDGE_CURVE('',#3656,#3648,#2296,.T.);
#7406=EDGE_CURVE('',#3654,#3646,#2300,.T.);
#7430=EDGE_CURVE('',#3748,#3740,#2308,.T.);
#7432=EDGE_CURVE('',#3748,#4047,#2312,.T.);
#7434=EDGE_CURVE('',#4047,#4048,#2317,.T.);
#7436=EDGE_CURVE('',#4048,#4060,#2321,.T.);
#7439=EDGE_CURVE('',#4059,#4043,#2325,.T.);
#7441=EDGE_CURVE('',#4043,#4044,#2330,.T.);
#7443=EDGE_CURVE('',#4044,#3740,#2334,.T.);
#7453=EDGE_CURVE('',#3756,#3763,#2338,.T.);
#7455=EDGE_CURVE('',#3756,#4067,#2342,.T.);
#7457=EDGE_CURVE('',#4067,#4068,#2504,.T.);
#7459=EDGE_CURVE('',#4068,#3763,#2346,.T.);
#7469=EDGE_CURVE('',#3739,#3740,#2350,.T.);
#7471=EDGE_CURVE('',#3747,#3739,#2428,.T.);
#7473=EDGE_CURVE('',#3747,#3748,#2416,.T.);
#7485=EDGE_CURVE('',#3744,#3740,#2358,.T.);
#7487=EDGE_CURVE('',#3743,#3744,#2354,.T.);
#7489=EDGE_CURVE('',#3743,#3739,#2432,.T.);
#7501=EDGE_CURVE('',#4044,#4052,#2362,.T.);
#7503=EDGE_CURVE('',#4052,#3744,#2378,.T.);
#7514=EDGE_CURVE('',#4043,#4051,#2366,.T.);
#7516=EDGE_CURVE('',#4051,#4052,#2383,.T.);
#7528=EDGE_CURVE('',#4063,#4051,#2387,.T.);
#7540=EDGE_CURVE('',#3759,#3756,#2370,.T.);
#7542=EDGE_CURVE('',#3759,#4071,#2412,.T.);
#7544=EDGE_CURVE('',#4067,#4071,#2508,.T.);
#7555=EDGE_CURVE('',#3744,#3751,#2374,.T.);
#7561=EDGE_CURVE('',#4056,#4064,#2391,.T.);
#7563=EDGE_CURVE('',#4055,#4056,#2396,.T.);
#7565=EDGE_CURVE('',#3751,#4055,#2400,.T.);
#7575=EDGE_CURVE('',#3768,#3759,#2404,.T.);
#7577=EDGE_CURVE('',#4072,#3768,#2408,.T.);
#7579=EDGE_CURVE('',#4071,#4072,#2512,.T.);
#7592=EDGE_CURVE('',#3751,#3752,#2420,.T.);
#7594=EDGE_CURVE('',#3743,#3752,#2436,.T.);
#7605=EDGE_CURVE('',#3752,#3747,#2424,.T.);
#7608=EDGE_CURVE('',#3751,#3748,#2440,.T.);
#7632=EDGE_CURVE('',#4047,#4055,#2444,.T.);
#7646=EDGE_CURVE('',#4048,#4056,#2448,.T.);
#7668=EDGE_CURVE('',#3768,#3763,#2452,.T.);
#7671=EDGE_CURVE('',#4068,#4072,#2516,.T.);
#7682=EDGE_CURVE('',#3763,#3764,#2456,.T.);
#7685=EDGE_CURVE('',#3767,#3768,#2460,.T.);
#7687=EDGE_CURVE('',#3767,#3764,#2472,.T.);
#7697=EDGE_CURVE('',#3755,#3756,#2464,.T.);
#7701=EDGE_CURVE('',#3755,#3764,#2484,.T.);
#7712=EDGE_CURVE('',#3760,#3755,#2480,.T.);
#7714=EDGE_CURVE('',#3759,#3760,#2468,.T.);
#7726=EDGE_CURVE('',#3767,#3760,#2476,.T.);
#7750=EDGE_CURVE('',#3659,#3660,#2488,.T.);
#7752=EDGE_CURVE('',#3664,#3659,#2492,.T.);
#7754=EDGE_CURVE('',#3662,#3664,#2496,.T.);
#7756=EDGE_CURVE('',#3660,#3662,#2500,.T.);
#7773=EDGE_CURVE('',#3667,#3659,#2520,.T.);
#7776=EDGE_CURVE('',#3668,#3660,#2532,.T.);
#7787=EDGE_CURVE('',#3672,#3664,#2524,.T.);
#7800=EDGE_CURVE('',#3670,#3662,#2528,.T.);
#7824=EDGE_CURVE('',#3860,#3852,#2536,.T.);
#7826=EDGE_CURVE('',#3860,#4079,#2540,.T.);
#7828=EDGE_CURVE('',#4079,#4080,#2545,.T.);
#7830=EDGE_CURVE('',#4080,#4092,#2549,.T.);
#7833=EDGE_CURVE('',#4091,#4075,#2553,.T.);
#7835=EDGE_CURVE('',#4075,#4076,#2558,.T.);
#7837=EDGE_CURVE('',#4076,#3852,#2562,.T.);
#7847=EDGE_CURVE('',#3868,#3875,#2566,.T.);
#7849=EDGE_CURVE('',#3868,#4099,#2570,.T.);
#7851=EDGE_CURVE('',#4099,#4100,#2732,.T.);
#7853=EDGE_CURVE('',#4100,#3875,#2574,.T.);
#7863=EDGE_CURVE('',#3851,#3852,#2578,.T.);
#7865=EDGE_CURVE('',#3859,#3851,#2656,.T.);
#7867=EDGE_CURVE('',#3859,#3860,#2644,.T.);
#7879=EDGE_CURVE('',#3856,#3852,#2586,.T.);
#7881=EDGE_CURVE('',#3855,#3856,#2582,.T.);
#7883=EDGE_CURVE('',#3855,#3851,#2660,.T.);
#7895=EDGE_CURVE('',#4076,#4084,#2590,.T.);
#7897=EDGE_CURVE('',#4084,#3856,#2606,.T.);
#7908=EDGE_CURVE('',#4075,#4083,#2594,.T.);
#7910=EDGE_CURVE('',#4083,#4084,#2611,.T.);
#7922=EDGE_CURVE('',#4095,#4083,#2615,.T.);
#7934=EDGE_CURVE('',#3871,#3868,#2598,.T.);
#7936=EDGE_CURVE('',#3871,#4103,#2640,.T.);
#7938=EDGE_CURVE('',#4099,#4103,#2736,.T.);
#7949=EDGE_CURVE('',#3856,#3863,#2602,.T.);
#7955=EDGE_CURVE('',#4088,#4096,#2619,.T.);
#7957=EDGE_CURVE('',#4087,#4088,#2624,.T.);
#7959=EDGE_CURVE('',#3863,#4087,#2628,.T.);
#7969=EDGE_CURVE('',#3880,#3871,#2632,.T.);
#7971=EDGE_CURVE('',#4104,#3880,#2636,.T.);
#7973=EDGE_CURVE('',#4103,#4104,#2740,.T.);
#7986=EDGE_CURVE('',#3863,#3864,#2648,.T.);
#7988=EDGE_CURVE('',#3855,#3864,#2664,.T.);
#7999=EDGE_CURVE('',#3864,#3859,#2652,.T.);
#8002=EDGE_CURVE('',#3863,#3860,#2668,.T.);
#8026=EDGE_CURVE('',#4079,#4087,#2672,.T.);
#8040=EDGE_CURVE('',#4080,#4088,#2676,.T.);
#8062=EDGE_CURVE('',#3880,#3875,#2680,.T.);
#8065=EDGE_CURVE('',#4100,#4104,#2744,.T.);
#8076=EDGE_CURVE('',#3875,#3876,#2684,.T.);
#8079=EDGE_CURVE('',#3879,#3880,#2688,.T.);
#8081=EDGE_CURVE('',#3879,#3876,#2700,.T.);
#8091=EDGE_CURVE('',#3867,#3868,#2692,.T.);
#8095=EDGE_CURVE('',#3867,#3876,#2712,.T.);
#8106=EDGE_CURVE('',#3872,#3867,#2708,.T.);
#8108=EDGE_CURVE('',#3871,#3872,#2696,.T.);
#8120=EDGE_CURVE('',#3879,#3872,#2704,.T.);
#8144=EDGE_CURVE('',#3835,#3836,#2716,.T.);
#8146=EDGE_CURVE('',#3840,#3835,#2720,.T.);
#8148=EDGE_CURVE('',#3838,#3840,#2724,.T.);
#8150=EDGE_CURVE('',#3836,#3838,#2728,.T.);
#8167=EDGE_CURVE('',#3843,#3835,#2748,.T.);
#8170=EDGE_CURVE('',#3844,#3836,#2760,.T.);
#8181=EDGE_CURVE('',#3848,#3840,#2752,.T.);
#8194=EDGE_CURVE('',#3846,#3838,#2756,.T.);
#8218=EDGE_CURVE('',#3817,#3818,#2766,.T.);
#8220=EDGE_CURVE('',#3817,#3353,#2884,.T.);
#8222=EDGE_CURVE('',#3386,#3353,#3168,.T.);
#8225=EDGE_CURVE('',#3385,#3818,#2770,.T.);
#8235=EDGE_CURVE('',#3820,#3817,#2775,.T.);
#8238=EDGE_CURVE('',#3818,#3819,#2780,.T.);
#8240=EDGE_CURVE('',#3819,#3820,#3042,.T.);
#8250=EDGE_CURVE('',#3804,#3801,#2889,.T.);
#8252=EDGE_CURVE('',#3374,#3804,#2784,.T.);
#8254=EDGE_CURVE('',#3373,#3374,#2789,.T.);
#8256=EDGE_CURVE('',#3813,#3373,#2793,.T.);
#8258=EDGE_CURVE('',#3816,#3813,#2991,.T.);
#8260=EDGE_CURVE('',#3370,#3816,#2797,.T.);
#8262=EDGE_CURVE('',#3369,#3370,#2802,.T.);
#8264=EDGE_CURVE('',#3809,#3369,#2806,.T.);
#8266=EDGE_CURVE('',#3812,#3809,#2957,.T.);
#8268=EDGE_CURVE('',#3382,#3812,#2810,.T.);
#8270=EDGE_CURVE('',#3381,#3382,#2815,.T.);
#8272=EDGE_CURVE('',#3805,#3381,#2819,.T.);
#8274=EDGE_CURVE('',#3808,#3805,#2923,.T.);
#8276=EDGE_CURVE('',#3378,#3808,#2823,.T.);
#8278=EDGE_CURVE('',#3377,#3378,#2828,.T.);
#8280=EDGE_CURVE('',#3801,#3377,#2832,.T.);
#8291=EDGE_CURVE('',#3366,#3820,#2836,.T.);
#8293=EDGE_CURVE('',#3365,#3366,#2841,.T.);
#8295=EDGE_CURVE('',#3821,#3365,#2845,.T.);
#8297=EDGE_CURVE('',#3824,#3821,#3069,.T.);
#8299=EDGE_CURVE('',#3362,#3824,#2849,.T.);
#8301=EDGE_CURVE('',#3361,#3362,#2854,.T.);
#8303=EDGE_CURVE('',#3825,#3361,#2858,.T.);
#8305=EDGE_CURVE('',#3828,#3825,#3107,.T.);
#8307=EDGE_CURVE('',#3358,#3828,#2862,.T.);
#8309=EDGE_CURVE('',#3357,#3358,#2867,.T.);
#8311=EDGE_CURVE('',#3829,#3357,#2871,.T.);
#8313=EDGE_CURVE('',#3832,#3829,#3145,.T.);
#8315=EDGE_CURVE('',#3354,#3832,#2875,.T.);
#8317=EDGE_CURVE('',#3353,#3354,#2880,.T.);
#8329=EDGE_CURVE('',#3801,#3802,#2900,.T.);
#8331=EDGE_CURVE('',#3802,#3803,#2894,.T.);
#8333=EDGE_CURVE('',#3803,#3804,#3016,.T.);
#8345=EDGE_CURVE('',#3436,#3377,#2908,.T.);
#8348=EDGE_CURVE('',#3434,#3802,#2904,.T.);
#8361=EDGE_CURVE('',#3438,#3378,#2918,.T.);
#8371=EDGE_CURVE('',#3807,#3808,#2914,.T.);
#8373=EDGE_CURVE('',#3440,#3807,#3036,.T.);
#8387=EDGE_CURVE('',#3805,#3806,#2934,.T.);
#8389=EDGE_CURVE('',#3806,#3807,#2928,.T.);
#8402=EDGE_CURVE('',#3444,#3381,#2942,.T.);
#8405=EDGE_CURVE('',#3442,#3806,#2938,.T.);
#8418=EDGE_CURVE('',#3446,#3382,#2952,.T.);
#8428=EDGE_CURVE('',#3811,#3812,#2948,.T.);
#8430=EDGE_CURVE('',#3417,#3811,#3032,.T.);
#8444=EDGE_CURVE('',#3809,#3810,#2968,.T.);
#8446=EDGE_CURVE('',#3810,#3811,#2962,.T.);
#8459=EDGE_CURVE('',#3420,#3369,#2976,.T.);
#8462=EDGE_CURVE('',#3418,#3810,#2972,.T.);
#8475=EDGE_CURVE('',#3422,#3370,#2986,.T.);
#8485=EDGE_CURVE('',#3815,#3816,#2982,.T.);
#8487=EDGE_CURVE('',#3424,#3815,#3028,.T.);
#8501=EDGE_CURVE('',#3813,#3814,#3002,.T.);
#8503=EDGE_CURVE('',#3814,#3815,#2996,.T.);
#8516=EDGE_CURVE('',#3428,#3373,#3010,.T.);
#8519=EDGE_CURVE('',#3426,#3814,#3006,.T.);
#8532=EDGE_CURVE('',#3430,#3374,#3020,.T.);
#8543=EDGE_CURVE('',#3432,#3803,#3024,.T.);
#8605=EDGE_CURVE('',#3414,#3819,#3050,.T.);
#8608=EDGE_CURVE('',#3412,#3366,#3046,.T.);
#8632=EDGE_CURVE('',#3410,#3365,#3054,.T.);
#8644=EDGE_CURVE('',#3821,#3822,#3060,.T.);
#8649=EDGE_CURVE('',#3408,#3822,#3064,.T.);
#8661=EDGE_CURVE('',#3822,#3823,#3074,.T.);
#8663=EDGE_CURVE('',#3823,#3824,#3084,.T.);
#8676=EDGE_CURVE('',#3406,#3823,#3078,.T.);
#8689=EDGE_CURVE('',#3404,#3362,#3088,.T.);
#8701=EDGE_CURVE('',#3402,#3361,#3092,.T.);
#8713=EDGE_CURVE('',#3825,#3826,#3098,.T.);
#8718=EDGE_CURVE('',#3400,#3826,#3102,.T.);
#8730=EDGE_CURVE('',#3826,#3827,#3112,.T.);
#8732=EDGE_CURVE('',#3827,#3828,#3122,.T.);
#8745=EDGE_CURVE('',#3398,#3827,#3116,.T.);
#8758=EDGE_CURVE('',#3396,#3358,#3126,.T.);
#8770=EDGE_CURVE('',#3394,#3357,#3130,.T.);
#8782=EDGE_CURVE('',#3829,#3830,#3136,.T.);
#8787=EDGE_CURVE('',#3392,#3830,#3140,.T.);
#8799=EDGE_CURVE('',#3830,#3831,#3150,.T.);
#8801=EDGE_CURVE('',#3831,#3832,#3160,.T.);
#8814=EDGE_CURVE('',#3390,#3831,#3154,.T.);
#8827=EDGE_CURVE('',#3388,#3354,#3164,.T.);
#8855=CIRCLE('',#8854,6.E-1);
#8856=TRIMMED_CURVE('',#8855,(PARAMETER_VALUE(0.E0)),(PARAMETER_VALUE(1.8E2)),
.T.,.UNSPECIFIED.);
#8857=COMPOSITE_CURVE_SEGMENT(.CONTINUOUS.,.T.,#8856);
#8862=CIRCLE('',#8861,6.E-1);
#8863=TRIMMED_CURVE('',#8862,(PARAMETER_VALUE(0.E0)),(PARAMETER_VALUE(1.8E2)),
.T.,.UNSPECIFIED.);
#8864=COMPOSITE_CURVE_SEGMENT(.CONTINUOUS.,.T.,#8863);
#8865=COMPOSITE_CURVE('',(#8857,#8864),.F.);
#8871=CIRCLE('',#8870,6.E-1);
#8872=TRIMMED_CURVE('',#8871,(PARAMETER_VALUE(0.E0)),(PARAMETER_VALUE(1.8E2)),
.T.,.UNSPECIFIED.);
#8873=COMPOSITE_CURVE_SEGMENT(.CONTINUOUS.,.T.,#8872);
#8878=CIRCLE('',#8877,6.E-1);
#8879=TRIMMED_CURVE('',#8878,(PARAMETER_VALUE(0.E0)),(PARAMETER_VALUE(1.8E2)),
.T.,.UNSPECIFIED.);
#8880=COMPOSITE_CURVE_SEGMENT(.CONTINUOUS.,.T.,#8879);
#8881=COMPOSITE_CURVE('',(#8873,#8880),.F.);
#8886=CIRCLE('',#8885,6.E-1);
#8887=TRIMMED_CURVE('',#8886,(PARAMETER_VALUE(0.E0)),(PARAMETER_VALUE(1.8E2)),
.T.,.UNSPECIFIED.);
#8888=COMPOSITE_CURVE_SEGMENT(.CONTINUOUS.,.T.,#8887);
#8893=CIRCLE('',#8892,6.E-1);
#8894=TRIMMED_CURVE('',#8893,(PARAMETER_VALUE(0.E0)),(PARAMETER_VALUE(1.8E2)),
.T.,.UNSPECIFIED.);
#8895=COMPOSITE_CURVE_SEGMENT(.CONTINUOUS.,.T.,#8894);
#8896=COMPOSITE_CURVE('',(#8888,#8895),.F.);
#8901=CIRCLE('',#8900,6.E-1);
#8902=TRIMMED_CURVE('',#8901,(PARAMETER_VALUE(0.E0)),(PARAMETER_VALUE(1.8E2)),
.T.,.UNSPECIFIED.);
#8903=COMPOSITE_CURVE_SEGMENT(.CONTINUOUS.,.T.,#8902);
#8908=CIRCLE('',#8907,6.E-1);
#8909=TRIMMED_CURVE('',#8908,(PARAMETER_VALUE(0.E0)),(PARAMETER_VALUE(1.8E2)),
.T.,.UNSPECIFIED.);
#8910=COMPOSITE_CURVE_SEGMENT(.CONTINUOUS.,.T.,#8909);
#8911=COMPOSITE_CURVE('',(#8903,#8910),.F.);
#8916=CIRCLE('',#8915,6.E-1);
#8917=TRIMMED_CURVE('',#8916,(PARAMETER_VALUE(0.E0)),(PARAMETER_VALUE(1.8E2)),
.T.,.UNSPECIFIED.);
#8918=COMPOSITE_CURVE_SEGMENT(.CONTINUOUS.,.T.,#8917);
#8923=CIRCLE('',#8922,6.E-1);
#8924=TRIMMED_CURVE('',#8923,(PARAMETER_VALUE(0.E0)),(PARAMETER_VALUE(1.8E2)),
.T.,.UNSPECIFIED.);
#8925=COMPOSITE_CURVE_SEGMENT(.CONTINUOUS.,.T.,#8924);
#8926=COMPOSITE_CURVE('',(#8918,#8925),.F.);
#8931=CIRCLE('',#8930,6.E-1);
#8932=TRIMMED_CURVE('',#8931,(PARAMETER_VALUE(0.E0)),(PARAMETER_VALUE(1.8E2)),
.T.,.UNSPECIFIED.);
#8933=COMPOSITE_CURVE_SEGMENT(.CONTINUOUS.,.T.,#8932);
#8938=CIRCLE('',#8937,6.E-1);
#8939=TRIMMED_CURVE('',#8938,(PARAMETER_VALUE(0.E0)),(PARAMETER_VALUE(1.8E2)),
.T.,.UNSPECIFIED.);
#8940=COMPOSITE_CURVE_SEGMENT(.CONTINUOUS.,.T.,#8939);
#8941=COMPOSITE_CURVE('',(#8933,#8940),.F.);
#8946=CIRCLE('',#8945,6.E-1);
#8947=TRIMMED_CURVE('',#8946,(PARAMETER_VALUE(0.E0)),(PARAMETER_VALUE(1.8E2)),
.T.,.UNSPECIFIED.);
#8948=COMPOSITE_CURVE_SEGMENT(.CONTINUOUS.,.T.,#8947);
#8953=CIRCLE('',#8952,6.E-1);
#8954=TRIMMED_CURVE('',#8953,(PARAMETER_VALUE(0.E0)),(PARAMETER_VALUE(1.8E2)),
.T.,.UNSPECIFIED.);
#8955=COMPOSITE_CURVE_SEGMENT(.CONTINUOUS.,.T.,#8954);
#8956=COMPOSITE_CURVE('',(#8948,#8955),.F.);
#8961=CIRCLE('',#8960,6.E-1);
#8962=TRIMMED_CURVE('',#8961,(PARAMETER_VALUE(0.E0)),(PARAMETER_VALUE(1.8E2)),
.T.,.UNSPECIFIED.);
#8963=COMPOSITE_CURVE_SEGMENT(.CONTINUOUS.,.T.,#8962);
#8968=CIRCLE('',#8967,6.E-1);
#8969=TRIMMED_CURVE('',#8968,(PARAMETER_VALUE(0.E0)),(PARAMETER_VALUE(1.8E2)),
.T.,.UNSPECIFIED.);
#8970=COMPOSITE_CURVE_SEGMENT(.CONTINUOUS.,.T.,#8969);
#8971=COMPOSITE_CURVE('',(#8963,#8970),.F.);
#8976=CIRCLE('',#8975,8.5E-1);
#8977=TRIMMED_CURVE('',#8976,(PARAMETER_VALUE(0.E0)),(PARAMETER_VALUE(1.8E2)),
.T.,.UNSPECIFIED.);
#8978=COMPOSITE_CURVE_SEGMENT(.CONTINUOUS.,.T.,#8977);
#8983=CIRCLE('',#8982,8.5E-1);
#8984=TRIMMED_CURVE('',#8983,(PARAMETER_VALUE(0.E0)),(PARAMETER_VALUE(1.8E2)),
.T.,.UNSPECIFIED.);
#8985=COMPOSITE_CURVE_SEGMENT(.CONTINUOUS.,.T.,#8984);
#8986=COMPOSITE_CURVE('',(#8978,#8985),.F.);
#8991=CIRCLE('',#8990,8.5E-1);
#8992=TRIMMED_CURVE('',#8991,(PARAMETER_VALUE(0.E0)),(PARAMETER_VALUE(1.8E2)),
.T.,.UNSPECIFIED.);
#8993=COMPOSITE_CURVE_SEGMENT(.CONTINUOUS.,.T.,#8992);
#8998=CIRCLE('',#8997,8.5E-1);
#8999=TRIMMED_CURVE('',#8998,(PARAMETER_VALUE(0.E0)),(PARAMETER_VALUE(1.8E2)),
.T.,.UNSPECIFIED.);
#9000=COMPOSITE_CURVE_SEGMENT(.CONTINUOUS.,.T.,#8999);
#9001=COMPOSITE_CURVE('',(#8993,#9000),.F.);
#9002=(LENGTH_UNIT()NAMED_UNIT(*)SI_UNIT(.MILLI.,.METRE.));
#9004=(NAMED_UNIT(*)PLANE_ANGLE_UNIT()SI_UNIT($,.RADIAN.));
#9007=(NAMED_UNIT(*)SI_UNIT($,.STERADIAN.)SOLID_ANGLE_UNIT());
#9010=ADVANCED_BREP_SHAPE_REPRESENTATION('',(#8846),#9009);
#9011=GEOMETRICALLY_BOUNDED_SURFACE_SHAPE_REPRESENTATION('',(#8866),#9009);
#9012=SHAPE_REPRESENTATION('',(#8850),#9009);
#9021=PRODUCT_DEFINITION('design','',#9020,#9017);
#9022=PRODUCT_DEFINITION_SHAPE('','SHAPE FOR 1053131308.',#9021);
#9023=SHAPE_DEFINITION_REPRESENTATION(#9022,#9012);
ENDSEC;
END-ISO-10303-21;
