ISO-10303-21;
HEADER;
FILE_DESCRIPTION (( 'STEP AP214' ),
    '1' );
FILE_NAME ('ZXTN4004KTC.STEP',
    '2024-12-27T05:55:58',
    ( '' ),
    ( '' ),
    'SwSTEP 2.0',
    'SolidWorks 2024',
    '' );
FILE_SCHEMA (( 'AUTOMOTIVE_DESIGN' ));
ENDSEC;

DATA;
#1 = VERTEX_POINT ( 'NONE', #1159 ) ;
#2 = DIRECTION ( 'NONE',  ( -1.000000000000000000, 0.000000000000000000, -0.000000000000000000 ) ) ;
#3 = EDGE_CURVE ( 'NONE', #363, #3078, #2556, .T. ) ;
#4 = DIRECTION ( 'NONE',  ( 0.000000000000000000, 0.000000000000000000, 1.000000000000000000 ) ) ;
#5 = ORIENTED_EDGE ( 'NONE', *, *, #2606, .F. ) ;
#6 = VECTOR ( 'NONE', #2940, 1000.000000000000000 ) ;
#7 = VERTEX_POINT ( 'NONE', #2970 ) ;
#8 = CARTESIAN_POINT ( 'NONE',  ( -3.264999999999999680, 1.630999999999999783, -1.894500000000000073 ) ) ;
#9 = CARTESIAN_POINT ( 'NONE',  ( -2.324999999999998845, 1.100000000000000089, -1.894500000000000073 ) ) ;
#10 = VECTOR ( 'NONE', #83, 1000.000000000000000 ) ;
#11 = EDGE_CURVE ( 'NONE', #2747, #334, #2106, .T. ) ;
#12 = VERTEX_POINT ( 'NONE', #933 ) ;
#13 = DIRECTION ( 'NONE',  ( 1.000000000000000000, 0.000000000000000000, 0.000000000000000000 ) ) ;
#14 = VECTOR ( 'NONE', #2447, 1000.000000000000114 ) ;
#15 = FACE_OUTER_BOUND ( 'NONE', #690, .T. ) ;
#16 = SURFACE_STYLE_FILL_AREA ( #2388 ) ;
#17 = AXIS2_PLACEMENT_3D ( 'NONE', #2404, #1932, #93 ) ;
#18 = CARTESIAN_POINT ( 'NONE',  ( 4.955000000000000071, 0.5310000000000000275, 2.665000000000000036 ) ) ;
#19 = DIRECTION ( 'NONE',  ( -1.000000000000000000, 0.000000000000000000, -0.000000000000000000 ) ) ;
#20 = AXIS2_PLACEMENT_3D ( 'NONE', #2015, #2729, #1130 ) ;
#21 = ADVANCED_FACE ( 'NONE', ( #1879 ), #1691, .F. ) ;
#22 = COLOUR_RGB ( '',0.7921568627450980005, 0.8196078431372548767, 0.9333333333333333481 ) ;
#23 = LINE ( 'NONE', #283, #2796 ) ;
#24 = VERTEX_POINT ( 'NONE', #520 ) ;
#25 = VECTOR ( 'NONE', #2761, 1000.000000000000000 ) ;
#26 = ORIENTED_EDGE ( 'NONE', *, *, #1046, .T. ) ;
#27 = AXIS2_PLACEMENT_3D ( 'NONE', #1773, #2246, #1345 ) ;
#28 = ORIENTED_EDGE ( 'NONE', *, *, #1194, .F. ) ;
#29 = DIRECTION ( 'NONE',  ( -0.000000000000000000, -0.000000000000000000, -1.000000000000000000 ) ) ;
#30 = CARTESIAN_POINT ( 'NONE',  ( -3.265000000000000124, 1.099999999999999867, 1.811000000000000165 ) ) ;
#31 = VECTOR ( 'NONE', #2596, 1000.000000000000000 ) ;
#32 = ORIENTED_EDGE ( 'NONE', *, *, #729, .F. ) ;
#33 = DIRECTION ( 'NONE',  ( -1.000000000000000000, -0.000000000000000000, 1.208024704719224136E-16 ) ) ;
#34 = DIRECTION ( 'NONE',  ( -1.000000000000000000, 0.000000000000000000, -8.031127203596337504E-16 ) ) ;
#35 = LINE ( 'NONE', #2910, #2409 ) ;
#36 = EDGE_CURVE ( 'NONE', #548, #2429, #51, .T. ) ;
#37 = EDGE_CURVE ( 'NONE', #816, #2360, #1415, .T. ) ;
#38 = CARTESIAN_POINT ( 'NONE',  ( -3.264999999999999680, 1.630999999999999783, 2.677500000000000213 ) ) ;
#39 = FACE_OUTER_BOUND ( 'NONE', #2720, .T. ) ;
#40 = DIRECTION ( 'NONE',  ( 0.000000000000000000, -0.000000000000000000, 1.000000000000000000 ) ) ;
#41 = CARTESIAN_POINT ( 'NONE',  ( -2.324999999999998845, 1.100000000000000089, -3.290000000000000036 ) ) ;
#42 = ORIENTED_EDGE ( 'NONE', *, *, #2660, .T. ) ;
#43 = EDGE_CURVE ( 'NONE', #1733, #881, #261, .T. ) ;
#44 = ORIENTED_EDGE ( 'NONE', *, *, #2268, .T. ) ;
#45 = ORIENTED_EDGE ( 'NONE', *, *, #2890, .T. ) ;
#46 = ADVANCED_FACE ( 'NONE', ( #1723 ), #2186, .F. ) ;
#47 = DIRECTION ( 'NONE',  ( 1.000000000000000000, -1.512469141050656879E-15, 0.000000000000000000 ) ) ;
#48 = ORIENTED_EDGE ( 'NONE', *, *, #1654, .F. ) ;
#49 = CARTESIAN_POINT ( 'NONE',  ( 4.955000000000000071, 0.5310000000000000275, 2.665000000000000480 ) ) ;
#50 = DIRECTION ( 'NONE',  ( 0.000000000000000000, 0.000000000000000000, 1.000000000000000000 ) ) ;
#51 = LINE ( 'NONE', #1946, #1618 ) ;
#52 = FACE_OUTER_BOUND ( 'NONE', #2208, .T. ) ;
#53 = DIRECTION ( 'NONE',  ( 0.000000000000000000, -0.000000000000000000, -1.000000000000000000 ) ) ;
#54 = EDGE_CURVE ( 'NONE', #2076, #3023, #35, .T. ) ;
#55 = CARTESIAN_POINT ( 'NONE',  ( -0.2549999999999991718, 0.5310000000000000275, -2.219999999999998863 ) ) ;
#56 = DIRECTION ( 'NONE',  ( -1.000000000000000000, -6.073217144342845214E-18, -6.941718960586805977E-17 ) ) ;
#57 = ORIENTED_EDGE ( 'NONE', *, *, #588, .F. ) ;
#58 =( LENGTH_UNIT ( ) NAMED_UNIT ( * ) SI_UNIT ( .MILLI., .METRE. ) );
#59 = ORIENTED_EDGE ( 'NONE', *, *, #91, .T. ) ;
#60 = VERTEX_POINT ( 'NONE', #1678 ) ;
#61 = CARTESIAN_POINT ( 'NONE',  ( 3.875000000000000000, 0.000000000000000000, -0.5999999999999999778 ) ) ;
#62 = LINE ( 'NONE', #1961, #2569 ) ;
#63 = EDGE_CURVE ( 'NONE', #1406, #712, #2848, .T. ) ;
#64 = ORIENTED_EDGE ( 'NONE', *, *, #1796, .F. ) ;
#65 = DIRECTION ( 'NONE',  ( -1.000000000000000000, 0.000000000000000000, 0.000000000000000000 ) ) ;
#66 = ORIENTED_EDGE ( 'NONE', *, *, #1508, .T. ) ;
#67 = CARTESIAN_POINT ( 'NONE',  ( -3.265000000000000124, 1.000000000000000000, -1.894500000000000073 ) ) ;
#68 = VECTOR ( 'NONE', #2290, 1000.000000000000000 ) ;
#69 = AXIS2_PLACEMENT_3D ( 'NONE', #1337, #345, #1757 ) ;
#70 = EDGE_LOOP ( 'NONE', ( #2731, #709, #1767, #951 ) ) ;
#71 = CARTESIAN_POINT ( 'NONE',  ( -2.259801398160556474, 1.630999999999999783, -1.894500000000000073 ) ) ;
#72 = CARTESIAN_POINT ( 'NONE',  ( -2.594999999999999751, 1.630999999999999783, 1.811000000000000165 ) ) ;
#73 = AXIS2_PLACEMENT_3D ( 'NONE', #2153, #2138, #746 ) ;
#74 = STYLED_ITEM ( 'NONE', ( #249 ), #46 ) ;
#75 = CARTESIAN_POINT ( 'NONE',  ( -3.995999999999999552, 0.7132629967624067868, 2.677500000000000213 ) ) ;
#76 = CIRCLE ( 'NONE', #423, 0.2699999999999979083 ) ;
#77 = FILL_AREA_STYLE ('',( #2175 ) ) ;
#78 = VERTEX_POINT ( 'NONE', #728 ) ;
#79 = EDGE_CURVE ( 'NONE', #881, #667, #760, .T. ) ;
#80 = VECTOR ( 'NONE', #2052, 1000.000000000000000 ) ;
#81 = VECTOR ( 'NONE', #2359, 1000.000000000000000 ) ;
#82 = ORIENTED_EDGE ( 'NONE', *, *, #1116, .T. ) ;
#83 = DIRECTION ( 'NONE',  ( -0.000000000000000000, 0.000000000000000000, -1.000000000000000000 ) ) ;
#84 = DIRECTION ( 'NONE',  ( 0.000000000000000000, 1.000000000000000000, 0.000000000000000000 ) ) ;
#85 = VECTOR ( 'NONE', #2587, 1000.000000000000000 ) ;
#86 = ORIENTED_EDGE ( 'NONE', *, *, #2440, .F. ) ;
#87 = PLANE ( 'NONE',  #1909 ) ;
#88 = ORIENTED_EDGE ( 'NONE', *, *, #1508, .F. ) ;
#89 = CARTESIAN_POINT ( 'NONE',  ( 3.335000000000003961, 0.5310000000000000275, 1.774999999999999467 ) ) ;
#90 = AXIS2_PLACEMENT_3D ( 'NONE', #2548, #1183, #1884 ) ;
#91 = EDGE_CURVE ( 'NONE', #1271, #2679, #1966, .T. ) ;
#92 = APPLICATION_CONTEXT ( 'automotive_design' ) ;
#93 = DIRECTION ( 'NONE',  ( -1.000000000000000000, 0.000000000000000000, -0.000000000000000000 ) ) ;
#94 = CARTESIAN_POINT ( 'NONE',  ( 3.335000000000003961, 0.000000000000000000, 0.5999999999999999778 ) ) ;
#95 = ADVANCED_FACE ( 'NONE', ( #1218 ), #2150, .T. ) ;
#96 = DIRECTION ( 'NONE',  ( 0.000000000000000000, 0.000000000000000000, -1.000000000000000000 ) ) ;
#97 = DIRECTION ( 'NONE',  ( 0.000000000000000000, -1.000000000000000000, -0.000000000000000000 ) ) ;
#98 = ORIENTED_EDGE ( 'NONE', *, *, #144, .F. ) ;
#99 = VERTEX_POINT ( 'NONE', #1772 ) ;
#100 = DIRECTION ( 'NONE',  ( -0.000000000000000000, 0.000000000000000000, 1.000000000000000000 ) ) ;
#101 = LINE ( 'NONE', #1578, #389 ) ;
#102 = ORIENTED_EDGE ( 'NONE', *, *, #3040, .T. ) ;
#103 = ADVANCED_FACE ( 'NONE', ( #1505 ), #2446, .T. ) ;
#104 = LINE ( 'NONE', #1014, #2508 ) ;
#105 = ORIENTED_EDGE ( 'NONE', *, *, #1030, .T. ) ;
#106 = DIRECTION ( 'NONE',  ( -1.000000000000000000, 0.000000000000000000, 0.000000000000000000 ) ) ;
#107 =( NAMED_UNIT ( * ) PLANE_ANGLE_UNIT ( ) SI_UNIT ( $, .RADIAN. ) );
#108 = CARTESIAN_POINT ( 'NONE',  ( 3.875000000000000888, 2.390000000000000124, -3.290000000000000036 ) ) ;
#109 = LINE ( 'NONE', #1776, #1371 ) ;
#110 = LINE ( 'NONE', #145, #2104 ) ;
#111 = EDGE_CURVE ( 'NONE', #1294, #2279, #1086, .T. ) ;
#112 = CARTESIAN_POINT ( 'NONE',  ( -2.594999999999999751, 1.630999999999999783, 1.894500000000000295 ) ) ;
#113 = ORIENTED_EDGE ( 'NONE', *, *, #1684, .T. ) ;
#114 = VERTEX_POINT ( 'NONE', #152 ) ;
#115 = CARTESIAN_POINT ( 'NONE',  ( 3.335000000000004405, 0.000000000000000000, 2.219999999999998863 ) ) ;
#116 = LINE ( 'NONE', #861, #2469 ) ;
#117 = VERTEX_POINT ( 'NONE', #1554 ) ;
#118 = DIRECTION ( 'NONE',  ( 1.512469141050656879E-15, 1.000000000000000000, 0.000000000000000000 ) ) ;
#119 = ORIENTED_EDGE ( 'NONE', *, *, #1967, .T. ) ;
#120 = DIRECTION ( 'NONE',  ( 0.000000000000000000, 0.000000000000000000, 1.000000000000000000 ) ) ;
#121 = CARTESIAN_POINT ( 'NONE',  ( 0.000000000000000000, 0.5310000000000000275, -2.219999999999999307 ) ) ;
#122 = EDGE_CURVE ( 'NONE', #1843, #1406, #321, .T. ) ;
#123 = CARTESIAN_POINT ( 'NONE',  ( -3.265000000000000124, 1.000000000000000000, 2.677500000000000213 ) ) ;
#124 = VECTOR ( 'NONE', #2133, 1000.000000000000000 ) ;
#125 = DIRECTION ( 'NONE',  ( 0.000000000000000000, 0.000000000000000000, 1.000000000000000000 ) ) ;
#126 = AXIS2_PLACEMENT_3D ( 'NONE', #1681, #2627, #528 ) ;
#127 = DIRECTION ( 'NONE',  ( 1.000000000000000000, 0.000000000000000000, -8.031127203596337504E-16 ) ) ;
#128 = LINE ( 'NONE', #1041, #1572 ) ;
#129 = ORIENTED_EDGE ( 'NONE', *, *, #1532, .T. ) ;
#130 = EDGE_CURVE ( 'NONE', #2357, #1448, #2726, .T. ) ;
#131 = AXIS2_PLACEMENT_3D ( 'NONE', #905, #676, #1842 ) ;
#132 = ORIENTED_EDGE ( 'NONE', *, *, #176, .T. ) ;
#133 = VECTOR ( 'NONE', #1056, 1000.000000000000000 ) ;
#134 = DIRECTION ( 'NONE',  ( 1.512469141050656879E-15, 1.000000000000000000, 0.000000000000000000 ) ) ;
#135 = VECTOR ( 'NONE', #1090, 1000.000000000000000 ) ;
#136 = CARTESIAN_POINT ( 'NONE',  ( -2.594999999999999751, 1.099999999999999867, -1.811000000000000609 ) ) ;
#137 = ORIENTED_EDGE ( 'NONE', *, *, #2682, .F. ) ;
#138 = CARTESIAN_POINT ( 'NONE',  ( -3.154999999999998916, 1.099999999999999867, 0.4749999999999997558 ) ) ;
#139 = CARTESIAN_POINT ( 'NONE',  ( -3.995999999999999552, 0.7132629967624067868, -1.894500000000000073 ) ) ;
#140 = AXIS2_PLACEMENT_3D ( 'NONE', #2263, #649, #2757 ) ;
#141 = CARTESIAN_POINT ( 'NONE',  ( -4.955000000000000071, 0.5289793846867171245, -1.894500000000000073 ) ) ;
#142 = VECTOR ( 'NONE', #2195, 1000.000000000000000 ) ;
#143 = DIRECTION ( 'NONE',  ( -0.000000000000000000, -1.000000000000000000, 0.000000000000000000 ) ) ;
#144 = EDGE_CURVE ( 'NONE', #1852, #1604, #2739, .T. ) ;
#145 = CARTESIAN_POINT ( 'NONE',  ( -3.265000000000000124, 1.099999999999999867, -1.894500000000000073 ) ) ;
#146 = CARTESIAN_POINT ( 'NONE',  ( -2.155045641108097362E-16, 2.390000000000000124, 3.080902094173040506 ) ) ;
#147 = VERTEX_POINT ( 'NONE', #1282 ) ;
#148 = PLANE ( 'NONE',  #885 ) ;
#149 = DIRECTION ( 'NONE',  ( 0.000000000000000000, -0.000000000000000000, 1.000000000000000000 ) ) ;
#150 = EDGE_CURVE ( 'NONE', #1514, #439, #1566, .T. ) ;
#151 = ORIENTED_EDGE ( 'NONE', *, *, #36, .F. ) ;
#152 = CARTESIAN_POINT ( 'NONE',  ( 3.605000000000001759, 0.5310000000000000275, -0.8699999999999978861 ) ) ;
#153 = CARTESIAN_POINT ( 'NONE',  ( -0.2549999999999991718, 0.000000000000000000, -2.219999999999998863 ) ) ;
#154 = LINE ( 'NONE', #410, #2896 ) ;
#155 = DIRECTION ( 'NONE',  ( 0.000000000000000000, 0.9961946980917439909, -0.08715574274767415308 ) ) ;
#156 = PRODUCT ( 'ZXTN4004KTC', 'ZXTN4004KTC', '', ( #1668 ) ) ;
#157 = ORIENTED_EDGE ( 'NONE', *, *, #111, .F. ) ;
#158 = CARTESIAN_POINT ( 'NONE',  ( 3.605000000000001759, 0.000000000000000000, -0.5999999999999999778 ) ) ;
#159 = CARTESIAN_POINT ( 'NONE',  ( -3.264999999999999236, 1.630999999999999783, -1.811000000000000831 ) ) ;
#160 = ORIENTED_EDGE ( 'NONE', *, *, #2440, .T. ) ;
#161 = UNCERTAINTY_MEASURE_WITH_UNIT (LENGTH_MEASURE( 1.000000000000000082E-05 ), #2961, 'distance_accuracy_value', 'NONE');
#162 = DIRECTION ( 'NONE',  ( 0.9961946980917459893, 0.08715574274765217067, 0.000000000000000000 ) ) ;
#163 = PLANE ( 'NONE',  #2658 ) ;
#164 = ORIENTED_EDGE ( 'NONE', *, *, #199, .T. ) ;
#165 = DIRECTION ( 'NONE',  ( 0.000000000000000000, 0.000000000000000000, 1.000000000000000000 ) ) ;
#166 = DIRECTION ( 'NONE',  ( -1.000000000000000000, 0.000000000000000000, -0.000000000000000000 ) ) ;
#167 = EDGE_CURVE ( 'NONE', #412, #1570, #1411, .T. ) ;
#168 = ORIENTED_EDGE ( 'NONE', *, *, #2433, .F. ) ;
#169 = CARTESIAN_POINT ( 'NONE',  ( -4.955000000000000071, 0.5289793846867171245, -1.894500000000000073 ) ) ;
#170 = DIRECTION ( 'NONE',  ( 1.000000000000000000, 0.000000000000000000, 0.000000000000000000 ) ) ;
#171 = ORIENTED_EDGE ( 'NONE', *, *, #2803, .F. ) ;
#172 = CARTESIAN_POINT ( 'NONE',  ( -3.154999999999998916, 0.000000000000000000, -0.4750000000000001443 ) ) ;
#173 = CARTESIAN_POINT ( 'NONE',  ( -2.324999999999998845, 1.100000000000000089, 2.677500000000000213 ) ) ;
#174 = CIRCLE ( 'NONE', #2254, 0.09999999999999982514 ) ;
#175 = EDGE_LOOP ( 'NONE', ( #2932, #1643, #1400, #1890 ) ) ;
#176 = EDGE_CURVE ( 'NONE', #2198, #1241, #2245, .T. ) ;
#177 = LINE ( 'NONE', #1138, #193 ) ;
#178 = VECTOR ( 'NONE', #2562, 1000.000000000000000 ) ;
#179 = LINE ( 'NONE', #397, #2555 ) ;
#180 = AXIS2_PLACEMENT_3D ( 'NONE', #2864, #259, #1407 ) ;
#181 = ORIENTED_EDGE ( 'NONE', *, *, #1867, .T. ) ;
#182 = PLANE ( 'NONE',  #1114 ) ;
#183 = DIRECTION ( 'NONE',  ( -1.000000000000000000, 0.000000000000000000, 0.000000000000000000 ) ) ;
#184 = VECTOR ( 'NONE', #56, 1000.000000000000000 ) ;
#185 = VERTEX_POINT ( 'NONE', #2231 ) ;
#186 = CARTESIAN_POINT ( 'NONE',  ( -3.264999999999999680, 1.630999999999999783, 1.894500000000000295 ) ) ;
#187 = LINE ( 'NONE', #932, #1778 ) ;
#188 = EDGE_LOOP ( 'NONE', ( #132, #1101, #1560, #2261, #589 ) ) ;
#189 = COLOUR_RGB ( '',0.7921568627450980005, 0.8196078431372548767, 0.9333333333333333481 ) ;
#190 = ORIENTED_EDGE ( 'NONE', *, *, #2093, .F. ) ;
#191 = SURFACE_SIDE_STYLE ('',( #2317 ) ) ;
#192 = FACE_OUTER_BOUND ( 'NONE', #2080, .T. ) ;
#193 = VECTOR ( 'NONE', #2084, 1000.000000000000000 ) ;
#194 = ORIENTED_EDGE ( 'NONE', *, *, #1787, .F. ) ;
#195 = CARTESIAN_POINT ( 'NONE',  ( 3.335000000000004405, 0.000000000000000000, -0.5999999999999999778 ) ) ;
#196 = EDGE_LOOP ( 'NONE', ( #338, #313, #629, #2974 ) ) ;
#197 = LINE ( 'NONE', #1874, #2304 ) ;
#198 = CARTESIAN_POINT ( 'NONE',  ( -2.594999999999999751, 1.630999999999999783, -1.894500000000000073 ) ) ;
#199 = EDGE_CURVE ( 'NONE', #2193, #2418, #1295, .T. ) ;
#200 = ORIENTED_EDGE ( 'NONE', *, *, #2143, .F. ) ;
#201 = CARTESIAN_POINT ( 'NONE',  ( -2.594999999999999751, 0.000000000000000000, 0.4749999999999997558 ) ) ;
#202 = CARTESIAN_POINT ( 'NONE',  ( 3.875000000000000000, 0.000000000000000000, -0.5999999999999999778 ) ) ;
#203 = ORIENTED_EDGE ( 'NONE', *, *, #556, .T. ) ;
#204 = ORIENTED_EDGE ( 'NONE', *, *, #544, .F. ) ;
#205 = CARTESIAN_POINT ( 'NONE',  ( 3.605000000000001759, 0.5310000000000000275, -0.5999999999999999778 ) ) ;
#206 = CARTESIAN_POINT ( 'NONE',  ( -3.265000000000000124, 1.000000000000000000, -2.677500000000000213 ) ) ;
#207 = EDGE_CURVE ( 'NONE', #1147, #2357, #320, .T. ) ;
#208 = ORIENTED_EDGE ( 'NONE', *, *, #311, .T. ) ;
#209 = CARTESIAN_POINT ( 'NONE',  ( -3.896000000000000796, 0.7132629967624066758, 1.894500000000000295 ) ) ;
#210 = DIRECTION ( 'NONE',  ( 0.000000000000000000, 1.000000000000000000, 0.000000000000000000 ) ) ;
#211 = ORIENTED_EDGE ( 'NONE', *, *, #703, .T. ) ;
#212 = LINE ( 'NONE', #1141, #2656 ) ;
#213 = LINE ( 'NONE', #1627, #734 ) ;
#214 = ORIENTED_EDGE ( 'NONE', *, *, #2581, .F. ) ;
#215 = CARTESIAN_POINT ( 'NONE',  ( -2.594999999999999751, 1.630999999999999783, -1.811000000000000831 ) ) ;
#216 = CARTESIAN_POINT ( 'NONE',  ( -3.896000000000000796, 1.000000000000000000, -1.894500000000000073 ) ) ;
#217 = VERTEX_POINT ( 'NONE', #138 ) ;
#218 = EDGE_CURVE ( 'NONE', #1876, #2566, #2216, .T. ) ;
#219 = DIRECTION ( 'NONE',  ( -0.000000000000000000, 0.000000000000000000, 1.000000000000000000 ) ) ;
#220 = DIRECTION ( 'NONE',  ( 0.000000000000000000, -1.000000000000000000, 0.000000000000000000 ) ) ;
#221 = ADVANCED_BREP_SHAPE_REPRESENTATION ( 'ZXTN4004KTC', ( #2004, #950, #991, #3033, #2037, #1326 ), #2221 ) ;
#222 = AXIS2_PLACEMENT_3D ( 'NONE', #1308, #120, #106 ) ;
#223 = VERTEX_POINT ( 'NONE', #89 ) ;
#224 = PRODUCT_RELATED_PRODUCT_CATEGORY ( 'part', '', ( #156 ) ) ;
#225 = CARTESIAN_POINT ( 'NONE',  ( -2.166607916435251635, 2.390000000000000124, 3.080902094173042283 ) ) ;
#226 = EDGE_LOOP ( 'NONE', ( #2694, #818, #2527, #2722 ) ) ;
#227 = LINE ( 'NONE', #1170, #2402 ) ;
#228 = COLOUR_RGB ( '',0.7921568627450980005, 0.8196078431372548767, 0.9333333333333333481 ) ;
#229 = FACE_OUTER_BOUND ( 'NONE', #1649, .T. ) ;
#230 = VECTOR ( 'NONE', #2820, 1000.000000000000114 ) ;
#231 = ORIENTED_EDGE ( 'NONE', *, *, #512, .F. ) ;
#232 = DIRECTION ( 'NONE',  ( 1.208024704719224136E-16, -0.000000000000000000, 1.000000000000000000 ) ) ;
#233 = FACE_OUTER_BOUND ( 'NONE', #2524, .T. ) ;
#234 = ORIENTED_EDGE ( 'NONE', *, *, #1484, .F. ) ;
#235 = CIRCLE ( 'NONE', #582, 0.2699999999999979083 ) ;
#236 = EDGE_CURVE ( 'NONE', #955, #302, #1036, .T. ) ;
#237 = SURFACE_STYLE_FILL_AREA ( #1616 ) ;
#238 = VECTOR ( 'NONE', #1887, 1000.000000000000000 ) ;
#239 = ADVANCED_FACE ( 'NONE', ( #819 ), #2926, .F. ) ;
#240 = ORIENTED_EDGE ( 'NONE', *, *, #478, .T. ) ;
#241 = DIRECTION ( 'NONE',  ( 0.000000000000000000, -0.000000000000000000, 1.000000000000000000 ) ) ;
#242 = VERTEX_POINT ( 'NONE', #3017 ) ;
#243 = PLANE ( 'NONE',  #459 ) ;
#244 = CARTESIAN_POINT ( 'NONE',  ( -3.265000000000000124, 1.099999999999999867, -2.761000000000000565 ) ) ;
#245 = EDGE_CURVE ( 'NONE', #844, #1577, #1902, .T. ) ;
#246 = ORIENTED_EDGE ( 'NONE', *, *, #2615, .F. ) ;
#247 = DIRECTION ( 'NONE',  ( -1.000000000000000000, 0.000000000000000000, 1.949127501097536890E-15 ) ) ;
#248 = LINE ( 'NONE', #2833, #479 ) ;
#249 = PRESENTATION_STYLE_ASSIGNMENT (( #1003 ) ) ;
#250 = LINE ( 'NONE', #38, #1907 ) ;
#251 = CARTESIAN_POINT ( 'NONE',  ( -2.594999999999999751, 1.630999999999999783, -1.894500000000000073 ) ) ;
#252 = FACE_OUTER_BOUND ( 'NONE', #534, .T. ) ;
#253 = ORIENTED_EDGE ( 'NONE', *, *, #1399, .T. ) ;
#254 = EDGE_CURVE ( 'NONE', #2244, #2360, #197, .T. ) ;
#255 = ORIENTED_EDGE ( 'NONE', *, *, #378, .T. ) ;
#256 = LINE ( 'NONE', #1912, #2842 ) ;
#257 = CARTESIAN_POINT ( 'NONE',  ( -3.264999999999999680, 1.631000000000000005, 2.677500000000000213 ) ) ;
#258 = ORIENTED_EDGE ( 'NONE', *, *, #2697, .F. ) ;
#259 = DIRECTION ( 'NONE',  ( 1.208024704719224136E-16, 0.000000000000000000, -1.000000000000000000 ) ) ;
#260 =( NAMED_UNIT ( * ) SI_UNIT ( $, .STERADIAN. ) SOLID_ANGLE_UNIT ( ) );
#261 = LINE ( 'NONE', #990, #1771 ) ;
#262 = EDGE_CURVE ( 'NONE', #2198, #1852, #1462, .T. ) ;
#263 = CARTESIAN_POINT ( 'NONE',  ( -0.2549999999999991718, 0.5310000000000000275, 2.219999999999998863 ) ) ;
#264 = FACE_OUTER_BOUND ( 'NONE', #401, .T. ) ;
#265 = CARTESIAN_POINT ( 'NONE',  ( 4.955000000000000071, 0.5310000000000000275, -2.665000000000000480 ) ) ;
#266 = ORIENTED_EDGE ( 'NONE', *, *, #599, .T. ) ;
#267 = VERTEX_POINT ( 'NONE', #3031 ) ;
#268 = VECTOR ( 'NONE', #29, 1000.000000000000000 ) ;
#269 = EDGE_CURVE ( 'NONE', #1363, #753, #212, .T. ) ;
#270 = ORIENTED_EDGE ( 'NONE', *, *, #1967, .F. ) ;
#271 = DIRECTION ( 'NONE',  ( 0.1214124427482076579, 0.9888249944080322873, 0.08651097722178492655 ) ) ;
#272 = PRESENTATION_STYLE_ASSIGNMENT (( #2631 ) ) ;
#273 = ORIENTED_EDGE ( 'NONE', *, *, #279, .F. ) ;
#274 = FACE_OUTER_BOUND ( 'NONE', #941, .T. ) ;
#275 = COLOUR_RGB ( '',0.1098039215686274495, 0.1098039215686274495, 0.1098039215686274495 ) ;
#276 = SURFACE_STYLE_USAGE ( .BOTH. , #1458 ) ;
#277 = AXIS2_PLACEMENT_3D ( 'NONE', #2243, #2444, #2693 ) ;
#278 = COLOUR_RGB ( '',0.1098039215686274495, 0.1098039215686274495, 0.1098039215686274495 ) ;
#279 = EDGE_CURVE ( 'NONE', #1118, #1066, #2800, .T. ) ;
#280 = CARTESIAN_POINT ( 'NONE',  ( 3.335000000000004405, 0.5310000000000000275, 2.219999999999999307 ) ) ;
#281 = VECTOR ( 'NONE', #654, 1000.000000000000000 ) ;
#282 = AXIS2_PLACEMENT_3D ( 'NONE', #2421, #2201, #19 ) ;
#283 = CARTESIAN_POINT ( 'NONE',  ( 3.875000000000000000, 0.5310000000000000275, 0.000000000000000000 ) ) ;
#284 = ADVANCED_FACE ( 'NONE', ( #2817 ), #2586, .F. ) ;
#285 = ORIENTED_EDGE ( 'NONE', *, *, #2803, .T. ) ;
#286 = VECTOR ( 'NONE', #1555, 1000.000000000000000 ) ;
#287 = ORIENTED_EDGE ( 'NONE', *, *, #1575, .T. ) ;
#288 = AXIS2_PLACEMENT_3D ( 'NONE', #400, #841, #2727 ) ;
#289 = ORIENTED_EDGE ( 'NONE', *, *, #2983, .F. ) ;
#290 = DIRECTION ( 'NONE',  ( 0.000000000000000000, -1.000000000000000000, -0.000000000000000000 ) ) ;
#291 = DIRECTION ( 'NONE',  ( 0.000000000000000000, 0.000000000000000000, 1.000000000000000000 ) ) ;
#292 = AXIS2_PLACEMENT_3D ( 'NONE', #2921, #1687, #2146 ) ;
#293 = ORIENTED_EDGE ( 'NONE', *, *, #43, .F. ) ;
#294 = CARTESIAN_POINT ( 'NONE',  ( -3.265000000000000124, 1.099999999999999867, 1.894500000000000295 ) ) ;
#295 = LINE ( 'NONE', #1235, #1027 ) ;
#296 =( LENGTH_UNIT ( ) NAMED_UNIT ( * ) SI_UNIT ( .MILLI., .METRE. ) );
#297 = ADVANCED_FACE ( 'NONE', ( #926 ), #2756, .F. ) ;
#298 = LINE ( 'NONE', #475, #1163 ) ;
#299 = FACE_OUTER_BOUND ( 'NONE', #794, .T. ) ;
#300 = FACE_OUTER_BOUND ( 'NONE', #2048, .T. ) ;
#301 = LINE ( 'NONE', #3064, #2809 ) ;
#302 = VERTEX_POINT ( 'NONE', #695 ) ;
#303 = EDGE_CURVE ( 'NONE', #1389, #2130, #425, .T. ) ;
#304 = ORIENTED_EDGE ( 'NONE', *, *, #2903, .F. ) ;
#305 = LINE ( 'NONE', #1423, #1512 ) ;
#306 = LINE ( 'NONE', #1245, #142 ) ;
#307 = EDGE_LOOP ( 'NONE', ( #2006, #1992, #1943, #1240 ) ) ;
#308 = DIRECTION ( 'NONE',  ( -1.000000000000000000, 0.000000000000000000, 0.000000000000000000 ) ) ;
#309 = DIRECTION ( 'NONE',  ( 0.000000000000000000, 1.000000000000000000, 0.000000000000000000 ) ) ;
#310 = CARTESIAN_POINT ( 'NONE',  ( -3.265000000000000124, 1.000000000000000000, 2.677500000000000213 ) ) ;
#311 = EDGE_CURVE ( 'NONE', #2092, #1396, #635, .T. ) ;
#312 = FACE_OUTER_BOUND ( 'NONE', #2907, .T. ) ;
#313 = ORIENTED_EDGE ( 'NONE', *, *, #3019, .F. ) ;
#314 = EDGE_LOOP ( 'NONE', ( #1346, #448, #3002, #1476 ) ) ;
#315 = DIRECTION ( 'NONE',  ( -0.000000000000000000, -0.000000000000000000, -1.000000000000000000 ) ) ;
#316 = CARTESIAN_POINT ( 'NONE',  ( 3.335000000000004405, 0.5310000000000000275, 0.000000000000000000 ) ) ;
#317 = ORIENTED_EDGE ( 'NONE', *, *, #1310, .T. ) ;
#318 = DIRECTION ( 'NONE',  ( -0.000000000000000000, -0.000000000000000000, -1.000000000000000000 ) ) ;
#319 = ORIENTED_EDGE ( 'NONE', *, *, #2342, .T. ) ;
#320 = LINE ( 'NONE', #1263, #2151 ) ;
#321 = CIRCLE ( 'NONE', #963, 0.09999999999999939493 ) ;
#322 = AXIS2_PLACEMENT_3D ( 'NONE', #1206, #716, #979 ) ;
#323 = CARTESIAN_POINT ( 'NONE',  ( -3.365000000000000213, 0.7132629967624068978, 2.677500000000000213 ) ) ;
#324 = PLANE ( 'NONE',  #1574 ) ;
#325 = AXIS2_PLACEMENT_3D ( 'NONE', #1647, #2579, #1412 ) ;
#326 = EDGE_CURVE ( 'NONE', #1782, #2115, #1356, .T. ) ;
#327 = EDGE_CURVE ( 'NONE', #2061, #1604, #227, .T. ) ;
#328 = CARTESIAN_POINT ( 'NONE',  ( 3.875000000000000444, 0.5310000000000000275, -1.774999999999999467 ) ) ;
#329 = CARTESIAN_POINT ( 'NONE',  ( -2.155045641108097362E-16, -8.673617379884035472E-16, 3.289999999999991154 ) ) ;
#330 = VERTEX_POINT ( 'NONE', #662 ) ;
#331 = VECTOR ( 'NONE', #616, 1000.000000000000000 ) ;
#332 = ADVANCED_FACE ( 'NONE', ( #1110 ), #1582, .T. ) ;
#333 = VECTOR ( 'NONE', #575, 1000.000000000000000 ) ;
#334 = VERTEX_POINT ( 'NONE', #907 ) ;
#335 = CARTESIAN_POINT ( 'NONE',  ( -3.987284425725235337, 0.6136435269532319881, -1.894500000000000073 ) ) ;
#336 = CARTESIAN_POINT ( 'NONE',  ( -2.594999999999999751, 1.100000000000000089, 1.894500000000000295 ) ) ;
#337 = CIRCLE ( 'NONE', #288, 0.6309999999999995612 ) ;
#338 = ORIENTED_EDGE ( 'NONE', *, *, #2206, .T. ) ;
#339 = FACE_OUTER_BOUND ( 'NONE', #1262, .T. ) ;
#340 = ORIENTED_EDGE ( 'NONE', *, *, #1321, .T. ) ;
#341 = AXIS2_PLACEMENT_3D ( 'NONE', #1798, #615, #2972 ) ;
#342 = EDGE_CURVE ( 'NONE', #547, #3053, #1605, .T. ) ;
#343 = CARTESIAN_POINT ( 'NONE',  ( 3.335000000000004405, 0.5310000000000000275, 0.000000000000000000 ) ) ;
#344 = CARTESIAN_POINT ( 'NONE',  ( -3.941004726326231555, 0.08466414226651511332, 2.677500000000000213 ) ) ;
#345 = DIRECTION ( 'NONE',  ( 0.000000000000000000, -1.000000000000000000, 0.000000000000000000 ) ) ;
#346 = CARTESIAN_POINT ( 'NONE',  ( -2.594999999999999751, 0.000000000000000000, 2.761000000000000121 ) ) ;
#347 = ORIENTED_EDGE ( 'NONE', *, *, #3019, .T. ) ;
#348 = VERTEX_POINT ( 'NONE', #2054 ) ;
#349 = EDGE_CURVE ( 'NONE', #114, #1230, #1709, .T. ) ;
#350 = DIRECTION ( 'NONE',  ( 0.1214124427482010105, -0.9888249944080331755, -0.08651097722178487104 ) ) ;
#351 = CARTESIAN_POINT ( 'NONE',  ( 0.000000000000000000, 0.5310000000000000275, 2.219999999999998863 ) ) ;
#352 = ORIENTED_EDGE ( 'NONE', *, *, #1882, .T. ) ;
#353 = CARTESIAN_POINT ( 'NONE',  ( -2.324999999999998845, 1.100000000000000089, 0.3915000000000001257 ) ) ;
#354 = EDGE_LOOP ( 'NONE', ( #966, #1470, #1176, #2089 ) ) ;
#355 = DIRECTION ( 'NONE',  ( 1.000000000000000000, 0.000000000000000000, -0.000000000000000000 ) ) ;
#356 = DIRECTION ( 'NONE',  ( 0.000000000000000000, 0.000000000000000000, 1.000000000000000000 ) ) ;
#357 = FACE_OUTER_BOUND ( 'NONE', #2979, .T. ) ;
#358 = LINE ( 'NONE', #1756, #476 ) ;
#359 = ADVANCED_FACE ( 'NONE', ( #1592 ), #182, .F. ) ;
#360 = DIRECTION ( 'NONE',  ( 1.000000000000000000, 0.000000000000000000, -0.000000000000000000 ) ) ;
#361 = LINE ( 'NONE', #1301, #2264 ) ;
#362 = VERTEX_POINT ( 'NONE', #2327 ) ;
#363 = VERTEX_POINT ( 'NONE', #2100 ) ;
#364 = CARTESIAN_POINT ( 'NONE',  ( 0.000000000000000000, 0.5310000000000000275, 2.664999999999999591 ) ) ;
#365 = EDGE_CURVE ( 'NONE', #2277, #1129, #2572, .T. ) ;
#366 = ADVANCED_FACE ( 'NONE', ( #1716 ), #243, .F. ) ;
#367 = PLANE ( 'NONE',  #1264 ) ;
#368 = ORIENTED_EDGE ( 'NONE', *, *, #2393, .T. ) ;
#369 = CARTESIAN_POINT ( 'NONE',  ( -2.259801398160556474, 1.630999999999999783, -0.3914999999999999036 ) ) ;
#370 = DIRECTION ( 'NONE',  ( 0.000000000000000000, 0.000000000000000000, 1.000000000000000000 ) ) ;
#371 = LINE ( 'NONE', #71, #466 ) ;
#372 = FACE_OUTER_BOUND ( 'NONE', #516, .T. ) ;
#373 = AXIS2_PLACEMENT_3D ( 'NONE', #328, #2283, #360 ) ;
#374 = EDGE_LOOP ( 'NONE', ( #899, #2045, #45, #86 ) ) ;
#375 = CARTESIAN_POINT ( 'NONE',  ( -2.594999999999999751, 0.000000000000000000, -1.811000000000000609 ) ) ;
#376 = FACE_OUTER_BOUND ( 'NONE', #930, .T. ) ;
#377 =( GEOMETRIC_REPRESENTATION_CONTEXT ( 3 ) GLOBAL_UNCERTAINTY_ASSIGNED_CONTEXT ( ( #2180 ) ) GLOBAL_UNIT_ASSIGNED_CONTEXT ( ( #296, #1901, #541 ) ) REPRESENTATION_CONTEXT ( 'NONE', 'WORKASPACE' ) );
#378 = EDGE_CURVE ( 'NONE', #2738, #771, #1886, .T. ) ;
#379 = VECTOR ( 'NONE', #1200, 1000.000000000000000 ) ;
#380 = ORIENTED_EDGE ( 'NONE', *, *, #11, .T. ) ;
#381 = CARTESIAN_POINT ( 'NONE',  ( -2.594999999999999751, 1.100000000000000089, 2.761000000000000121 ) ) ;
#382 = VECTOR ( 'NONE', #2468, 1000.000000000000000 ) ;
#383 = LINE ( 'NONE', #1854, #1865 ) ;
#384 = ORIENTED_EDGE ( 'NONE', *, *, #1181, .F. ) ;
#385 =( NAMED_UNIT ( * ) PLANE_ANGLE_UNIT ( ) SI_UNIT ( $, .RADIAN. ) );
#386 = LINE ( 'NONE', #2539, #2665 ) ;
#387 = VECTOR ( 'NONE', #2122, 1000.000000000000000 ) ;
#388 = CARTESIAN_POINT ( 'NONE',  ( 3.875000000000000000, 0.5310000000000000275, -0.5999999999999999778 ) ) ;
#389 = VECTOR ( 'NONE', #2256, 1000.000000000000000 ) ;
#390 = DIRECTION ( 'NONE',  ( -1.000000000000000000, 0.000000000000000000, 0.000000000000000000 ) ) ;
#391 = ADVANCED_FACE ( 'NONE', ( #1672 ), #1231, .F. ) ;
#392 = LINE ( 'NONE', #808, #627 ) ;
#393 = FACE_OUTER_BOUND ( 'NONE', #374, .T. ) ;
#394 = ORIENTED_EDGE ( 'NONE', *, *, #2626, .T. ) ;
#395 = EDGE_CURVE ( 'NONE', #2418, #925, #2616, .T. ) ;
#396 = CARTESIAN_POINT ( 'NONE',  ( -4.955000000000000071, 0.5289793846867172356, 2.677500000000000213 ) ) ;
#397 = CARTESIAN_POINT ( 'NONE',  ( 3.335000000000003517, 0.5310000000000000275, 1.774999999999999467 ) ) ;
#398 = ORIENTED_EDGE ( 'NONE', *, *, #625, .T. ) ;
#399 = DIRECTION ( 'NONE',  ( 0.000000000000000000, 1.000000000000000000, 0.000000000000000000 ) ) ;
#400 = CARTESIAN_POINT ( 'NONE',  ( -3.995999999999999552, 0.7132629967624067868, 2.677500000000000213 ) ) ;
#401 = EDGE_LOOP ( 'NONE', ( #2855, #1169, #2072, #1908 ) ) ;
#402 = DIRECTION ( 'NONE',  ( 0.000000000000000000, 1.000000000000000000, -0.000000000000000000 ) ) ;
#403 = CARTESIAN_POINT ( 'NONE',  ( 3.335000000000004405, 0.000000000000000000, 0.000000000000000000 ) ) ;
#404 = DIRECTION ( 'NONE',  ( 0.000000000000000000, -1.000000000000000000, 0.000000000000000000 ) ) ;
#405 = ORIENTED_EDGE ( 'NONE', *, *, #2268, .F. ) ;
#406 = LINE ( 'NONE', #3043, #481 ) ;
#407 = LINE ( 'NONE', #2325, #2010 ) ;
#408 = ORIENTED_EDGE ( 'NONE', *, *, #2688, .F. ) ;
#409 = DIRECTION ( 'NONE',  ( -1.000000000000000000, 3.024938282101312575E-15, 0.000000000000000000 ) ) ;
#410 = CARTESIAN_POINT ( 'NONE',  ( 3.335000000000003517, 0.000000000000000000, -1.774999999999999467 ) ) ;
#411 = CARTESIAN_POINT ( 'NONE',  ( 3.605000000000001759, 0.5310000000000000275, -0.5999999999999999778 ) ) ;
#412 = VERTEX_POINT ( 'NONE', #1926 ) ;
#413 = VECTOR ( 'NONE', #2340, 1000.000000000000000 ) ;
#414 = CARTESIAN_POINT ( 'NONE',  ( 3.646743501281514366, 2.390000000000000124, 0.000000000000000000 ) ) ;
#415 =( NAMED_UNIT ( * ) PLANE_ANGLE_UNIT ( ) SI_UNIT ( $, .RADIAN. ) );
#416 = VECTOR ( 'NONE', #1006, 1000.000000000000000 ) ;
#417 = EDGE_CURVE ( 'NONE', #682, #584, #513, .T. ) ;
#418 = AXIS2_PLACEMENT_3D ( 'NONE', #612, #798, #127 ) ;
#419 = VERTEX_POINT ( 'NONE', #1686 ) ;
#420 = SURFACE_STYLE_USAGE ( .BOTH. , #891 ) ;
#421 = AXIS2_PLACEMENT_3D ( 'NONE', #2769, #1152, #2040 ) ;
#422 = PLANE ( 'NONE',  #826 ) ;
#423 = AXIS2_PLACEMENT_3D ( 'NONE', #2989, #1394, #1347 ) ;
#424 = ORIENTED_EDGE ( 'NONE', *, *, #2379, .T. ) ;
#425 = LINE ( 'NONE', #3066, #2252 ) ;
#426 = CARTESIAN_POINT ( 'NONE',  ( -2.189936983006810944, -8.806617008186310227E-16, 3.289999999999991154 ) ) ;
#427 = FACE_OUTER_BOUND ( 'NONE', #1633, .T. ) ;
#428 = DIRECTION ( 'NONE',  ( 0.000000000000000000, 0.000000000000000000, 1.000000000000000000 ) ) ;
#429 = ORIENTED_EDGE ( 'NONE', *, *, #2137, .T. ) ;
#430 = AXIS2_PLACEMENT_3D ( 'NONE', #1071, #2266, #1544 ) ;
#431 = EDGE_CURVE ( 'NONE', #1511, #1533, #1212, .T. ) ;
#432 = ORIENTED_EDGE ( 'NONE', *, *, #1811, .T. ) ;
#433 = DIRECTION ( 'NONE',  ( -0.000000000000000000, 1.000000000000000000, -0.000000000000000000 ) ) ;
#434 = AXIS2_PLACEMENT_3D ( 'NONE', #2476, #1304, #1809 ) ;
#435 = EDGE_LOOP ( 'NONE', ( #2094, #1856, #2662, #2614, #2521, #2822, #151, #2595, #2819, #2845 ) ) ;
#436 = CARTESIAN_POINT ( 'NONE',  ( 3.875000000000001332, 0.5310000000000000275, 0.000000000000000000 ) ) ;
#437 = EDGE_CURVE ( 'NONE', #2228, #1733, #1651, .T. ) ;
#438 = DIRECTION ( 'NONE',  ( 1.000000000000000000, -8.167248003657282516E-16, 0.000000000000000000 ) ) ;
#439 = VERTEX_POINT ( 'NONE', #2872 ) ;
#440 = CARTESIAN_POINT ( 'NONE',  ( -3.364999999999999325, 1.000000000000000000, 2.677500000000000213 ) ) ;
#441 = DIRECTION ( 'NONE',  ( -1.000000000000000000, 0.000000000000000000, -0.000000000000000000 ) ) ;
#442 = VERTEX_POINT ( 'NONE', #61 ) ;
#443 = LINE ( 'NONE', #2293, #2260 ) ;
#444 = DIRECTION ( 'NONE',  ( -3.024938282101312575E-15, -1.000000000000000000, 0.000000000000000000 ) ) ;
#445 = EDGE_LOOP ( 'NONE', ( #1981, #944, #57, #1361 ) ) ;
#446 = SURFACE_SIDE_STYLE ('',( #237 ) ) ;
#447 = CARTESIAN_POINT ( 'NONE',  ( -3.264999999999999680, 1.630999999999999783, 0.3915000000000001257 ) ) ;
#448 = ORIENTED_EDGE ( 'NONE', *, *, #606, .F. ) ;
#449 = PLANE ( 'NONE',  #828 ) ;
#450 = ORIENTED_EDGE ( 'NONE', *, *, #756, .T. ) ;
#451 = DIRECTION ( 'NONE',  ( -1.000000000000000000, -0.000000000000000000, 0.000000000000000000 ) ) ;
#452 = CARTESIAN_POINT ( 'NONE',  ( 3.875000000000001332, 0.5310000000000000275, 3.243543519667726027 ) ) ;
#453 = EDGE_CURVE ( 'NONE', #457, #2228, #985, .T. ) ;
#454 = ORIENTED_EDGE ( 'NONE', *, *, #2536, .T. ) ;
#455 = DIRECTION ( 'NONE',  ( -0.000000000000000000, -1.000000000000000000, -0.000000000000000000 ) ) ;
#456 = PLANE ( 'NONE',  #2661 ) ;
#457 = VERTEX_POINT ( 'NONE', #1699 ) ;
#458 = DIRECTION ( 'NONE',  ( 0.000000000000000000, 0.000000000000000000, -1.000000000000000000 ) ) ;
#459 = AXIS2_PLACEMENT_3D ( 'NONE', #2181, #47, #1000 ) ;
#460 = ORIENTED_EDGE ( 'NONE', *, *, #1243, .F. ) ;
#461 = EDGE_CURVE ( 'NONE', #1849, #2873, #256, .T. ) ;
#462 =( LENGTH_UNIT ( ) NAMED_UNIT ( * ) SI_UNIT ( .MILLI., .METRE. ) );
#463 = CIRCLE ( 'NONE', #719, 0.2699999999999979083 ) ;
#464 = ORIENTED_EDGE ( 'NONE', *, *, #825, .F. ) ;
#465 = CARTESIAN_POINT ( 'NONE',  ( -2.324999999999998845, 1.100000000000000089, 2.761000000000000121 ) ) ;
#466 = VECTOR ( 'NONE', #1556, 1000.000000000000000 ) ;
#467 = AXIS2_PLACEMENT_3D ( 'NONE', #1658, #1078, #2022 ) ;
#468 = DIRECTION ( 'NONE',  ( -0.000000000000000000, -0.000000000000000000, -1.000000000000000000 ) ) ;
#469 = VECTOR ( 'NONE', #1980, 1000.000000000000000 ) ;
#470 = ORIENTED_EDGE ( 'NONE', *, *, #2922, .F. ) ;
#471 = CARTESIAN_POINT ( 'NONE',  ( 3.335000000000003517, 0.5310000000000000275, 1.774999999999999467 ) ) ;
#472 = DIRECTION ( 'NONE',  ( 0.000000000000000000, 0.000000000000000000, -1.000000000000000000 ) ) ;
#473 = ORIENTED_EDGE ( 'NONE', *, *, #2324, .T. ) ;
#474 = AXIS2_PLACEMENT_3D ( 'NONE', #2276, #1580, #149 ) ;
#475 = CARTESIAN_POINT ( 'NONE',  ( 0.000000000000000000, 2.390000000000000124, -3.080902094173040506 ) ) ;
#476 = VECTOR ( 'NONE', #1333, 1000.000000000000000 ) ;
#477 = LINE ( 'NONE', #1919, #681 ) ;
#478 = EDGE_CURVE ( 'NONE', #2130, #998, #768, .T. ) ;
#479 = VECTOR ( 'NONE', #2149, 1000.000000000000000 ) ;
#480 = DIRECTION ( 'NONE',  ( -0.000000000000000000, 1.000000000000000000, 0.000000000000000000 ) ) ;
#481 = VECTOR ( 'NONE', #1841, 1000.000000000000000 ) ;
#482 = VERTEX_POINT ( 'NONE', #2642 ) ;
#483 = ADVANCED_FACE ( 'NONE', ( #1472 ), #498, .F. ) ;
#484 = EDGE_LOOP ( 'NONE', ( #2789, #1530, #1898, #2306 ) ) ;
#485 = DIRECTION ( 'NONE',  ( -0.1218693434051481284, -0.9925461516413218721, 0.000000000000000000 ) ) ;
#486 = CARTESIAN_POINT ( 'NONE',  ( 3.646743501281514366, 2.390000000000000124, 3.080902094173040950 ) ) ;
#487 = EDGE_LOOP ( 'NONE', ( #2744, #380, #2224, #454 ) ) ;
#488 = FACE_OUTER_BOUND ( 'NONE', #644, .T. ) ;
#489 = DIRECTION ( 'NONE',  ( 1.000000000000000000, -0.000000000000000000, 0.000000000000000000 ) ) ;
#490 = DIRECTION ( 'NONE',  ( 0.000000000000000000, 0.000000000000000000, 1.000000000000000000 ) ) ;
#491 = DIRECTION ( 'NONE',  ( 1.000000000000000000, 0.000000000000000000, 0.000000000000000000 ) ) ;
#492 = DIRECTION ( 'NONE',  ( 0.000000000000000000, -0.000000000000000000, -1.000000000000000000 ) ) ;
#493 = EDGE_CURVE ( 'NONE', #1952, #1149, #2414, .T. ) ;
#494 = PLANE ( 'NONE',  #126 ) ;
#495 = ORIENTED_EDGE ( 'NONE', *, *, #1597, .T. ) ;
#496 = ORIENTED_EDGE ( 'NONE', *, *, #500, .T. ) ;
#497 = VERTEX_POINT ( 'NONE', #1453 ) ;
#498 = PLANE ( 'NONE',  #668 ) ;
#499 =( NAMED_UNIT ( * ) SI_UNIT ( $, .STERADIAN. ) SOLID_ANGLE_UNIT ( ) );
#500 = EDGE_CURVE ( 'NONE', #2313, #2925, #2427, .T. ) ;
#501 = ORIENTED_EDGE ( 'NONE', *, *, #493, .F. ) ;
#502 = CARTESIAN_POINT ( 'NONE',  ( 3.335000000000003517, 0.5310000000000000275, -2.219999999999999307 ) ) ;
#503 = DIRECTION ( 'NONE',  ( -0.000000000000000000, 0.000000000000000000, 1.000000000000000000 ) ) ;
#504 = EDGE_CURVE ( 'NONE', #2161, #2873, #305, .T. ) ;
#505 =( NAMED_UNIT ( * ) PLANE_ANGLE_UNIT ( ) SI_UNIT ( $, .RADIAN. ) );
#506 = DIRECTION ( 'NONE',  ( -1.000000000000000000, 0.000000000000000000, 0.000000000000000000 ) ) ;
#507 = LINE ( 'NONE', #2611, #2995 ) ;
#508 = SURFACE_STYLE_USAGE ( .BOTH. , #546 ) ;
#509 = VERTEX_POINT ( 'NONE', #1244 ) ;
#510 = VECTOR ( 'NONE', #2510, 1000.000000000000000 ) ;
#511 = ORIENTED_EDGE ( 'NONE', *, *, #1498, .F. ) ;
#512 = EDGE_CURVE ( 'NONE', #3042, #1393, #1185, .T. ) ;
#513 = LINE ( 'NONE', #707, #1607 ) ;
#514 = LINE ( 'NONE', #316, #840 ) ;
#515 = AXIS2_PLACEMENT_3D ( 'NONE', #55, #2745, #1055 ) ;
#516 = EDGE_LOOP ( 'NONE', ( #2163, #634, #2669, #2918 ) ) ;
#517 = CARTESIAN_POINT ( 'NONE',  ( -2.594999999999999751, 1.000000000000000000, -0.3914999999999999036 ) ) ;
#518 =( GEOMETRIC_REPRESENTATION_CONTEXT ( 3 ) GLOBAL_UNCERTAINTY_ASSIGNED_CONTEXT ( ( #2301 ) ) GLOBAL_UNIT_ASSIGNED_CONTEXT ( ( #2810, #1180, #1707 ) ) REPRESENTATION_CONTEXT ( 'NONE', 'WORKASPACE' ) );
#519 = FILL_AREA_STYLE_COLOUR ( '', #2116 ) ;
#520 = CARTESIAN_POINT ( 'NONE',  ( -4.908720300600997177, -5.434737085085102824E-17, -1.894500000000000073 ) ) ;
#521 = VECTOR ( 'NONE', #3029, 1000.000000000000000 ) ;
#522 = VECTOR ( 'NONE', #1931, 1000.000000000000114 ) ;
#523 = CARTESIAN_POINT ( 'NONE',  ( -2.259801398160556474, 1.630999999999999783, 0.3915000000000001257 ) ) ;
#524 = CARTESIAN_POINT ( 'NONE',  ( 3.875000000000001332, 0.5310000000000000275, 1.774999999999999467 ) ) ;
#525 = EDGE_CURVE ( 'NONE', #482, #548, #721, .T. ) ;
#526 = CIRCLE ( 'NONE', #1076, 0.2699999999999979083 ) ;
#527 = AXIS2_PLACEMENT_3D ( 'NONE', #2743, #621, #390 ) ;
#528 = DIRECTION ( 'NONE',  ( -1.000000000000000000, 0.000000000000000000, -0.000000000000000000 ) ) ;
#529 = PRESENTATION_STYLE_ASSIGNMENT (( #508 ) ) ;
#530 = ORIENTED_EDGE ( 'NONE', *, *, #2536, .F. ) ;
#531 = VECTOR ( 'NONE', #2013, 1000.000000000000000 ) ;
#532 = DIRECTION ( 'NONE',  ( 1.000000000000000000, 0.000000000000000000, 0.000000000000000000 ) ) ;
#533 = ORIENTED_EDGE ( 'NONE', *, *, #1334, .T. ) ;
#534 = EDGE_LOOP ( 'NONE', ( #2001, #1596, #2813, #2786 ) ) ;
#535 = DIRECTION ( 'NONE',  ( -1.000000000000000000, -0.000000000000000000, -0.000000000000000000 ) ) ;
#536 = CARTESIAN_POINT ( 'NONE',  ( -3.265000000000000124, 1.000000000000000000, -2.677500000000000213 ) ) ;
#537 = EDGE_CURVE ( 'NONE', #664, #2516, #2145, .T. ) ;
#538 = ORIENTED_EDGE ( 'NONE', *, *, #1017, .T. ) ;
#539 = DIRECTION ( 'NONE',  ( 0.000000000000000000, 1.000000000000000000, -0.000000000000000000 ) ) ;
#540 = SURFACE_STYLE_USAGE ( .BOTH. , #2387 ) ;
#541 =( NAMED_UNIT ( * ) SI_UNIT ( $, .STERADIAN. ) SOLID_ANGLE_UNIT ( ) );
#542 = CARTESIAN_POINT ( 'NONE',  ( -2.594999999999999751, 1.100000000000000089, 2.677500000000000213 ) ) ;
#543 = CARTESIAN_POINT ( 'NONE',  ( -3.265000000000000124, 1.000000000000000000, -1.894500000000000073 ) ) ;
#544 = EDGE_CURVE ( 'NONE', #2738, #2566, #1256, .T. ) ;
#545 = CARTESIAN_POINT ( 'NONE',  ( 3.605000000000001759, 0.5310000000000000275, -0.5999999999999999778 ) ) ;
#546 = SURFACE_SIDE_STYLE ('',( #940 ) ) ;
#547 = VERTEX_POINT ( 'NONE', #1749 ) ;
#548 = VERTEX_POINT ( 'NONE', #1011 ) ;
#549 = DIRECTION ( 'NONE',  ( -0.000000000000000000, 0.000000000000000000, 1.000000000000000000 ) ) ;
#550 =( NAMED_UNIT ( * ) PLANE_ANGLE_UNIT ( ) SI_UNIT ( $, .RADIAN. ) );
#551 = EDGE_LOOP ( 'NONE', ( #1939, #190, #1253, #812 ) ) ;
#552 = DIRECTION ( 'NONE',  ( 1.949127501097536890E-15, 0.000000000000000000, 1.000000000000000000 ) ) ;
#553 = VERTEX_POINT ( 'NONE', #115 ) ;
#554 = CARTESIAN_POINT ( 'NONE',  ( 3.875000000000000888, 0.000000000000000000, 0.000000000000000000 ) ) ;
#555 = EDGE_CURVE ( 'NONE', #816, #1965, #1535, .T. ) ;
#556 = EDGE_CURVE ( 'NONE', #2076, #1849, #1734, .T. ) ;
#557 = PLANE ( 'NONE',  #1209 ) ;
#558 = CARTESIAN_POINT ( 'NONE',  ( -3.265000000000000124, 1.099999999999999867, 2.761000000000000121 ) ) ;
#559 = EDGE_CURVE ( 'NONE', #1033, #677, #2441, .T. ) ;
#560 = DIRECTION ( 'NONE',  ( -0.000000000000000000, -1.000000000000000000, -0.000000000000000000 ) ) ;
#561 = DIRECTION ( 'NONE',  ( 0.9925461516413228713, 0.1218693434051412450, -0.000000000000000000 ) ) ;
#562 = ORIENTED_EDGE ( 'NONE', *, *, #3068, .F. ) ;
#563 = EDGE_LOOP ( 'NONE', ( #1416, #1349, #1367, #1074 ) ) ;
#564 = UNCERTAINTY_MEASURE_WITH_UNIT (LENGTH_MEASURE( 1.000000000000000082E-05 ), #462, 'distance_accuracy_value', 'NONE');
#565 = ADVANCED_FACE ( 'NONE', ( #2904 ), #1031, .F. ) ;
#566 = LINE ( 'NONE', #1764, #2308 ) ;
#567 = PLANE ( 'NONE',  #341 ) ;
#568 = ORIENTED_EDGE ( 'NONE', *, *, #1459, .F. ) ;
#569 = DIRECTION ( 'NONE',  ( -2.306813132947879068E-16, 1.000000000000000000, 0.000000000000000000 ) ) ;
#570 = ORIENTED_EDGE ( 'NONE', *, *, #2554, .F. ) ;
#571 = CARTESIAN_POINT ( 'NONE',  ( -4.908720300600997177, 1.084202172485504434E-16, -2.677500000000000657 ) ) ;
#572 = AXIS2_PLACEMENT_3D ( 'NONE', #2538, #399, #2121 ) ;
#573 = VECTOR ( 'NONE', #1277, 1000.000000000000000 ) ;
#574 = DIRECTION ( 'NONE',  ( 0.08715574274765171270, -0.9961946980917461003, 0.000000000000000000 ) ) ;
#575 = DIRECTION ( 'NONE',  ( -0.000000000000000000, -1.000000000000000000, 0.000000000000000000 ) ) ;
#576 = COLOUR_RGB ( '',0.7921568627450980005, 0.8196078431372548767, 0.9333333333333333481 ) ;
#577 = EDGE_CURVE ( 'NONE', #2755, #2313, #2690, .T. ) ;
#578 = CARTESIAN_POINT ( 'NONE',  ( -3.995999999999999552, 0.7132629967624067868, -2.677500000000000213 ) ) ;
#579 = VECTOR ( 'NONE', #1002, 1000.000000000000000 ) ;
#580 = DIRECTION ( 'NONE',  ( -0.000000000000000000, 1.000000000000000000, 0.000000000000000000 ) ) ;
#581 = ORIENTED_EDGE ( 'NONE', *, *, #2299, .F. ) ;
#582 = AXIS2_PLACEMENT_3D ( 'NONE', #1987, #1547, #2931 ) ;
#583 = VECTOR ( 'NONE', #433, 1000.000000000000000 ) ;
#584 = VERTEX_POINT ( 'NONE', #2935 ) ;
#585 = DIRECTION ( 'NONE',  ( -1.000000000000000000, 0.000000000000000000, 0.000000000000000000 ) ) ;
#586 = CARTESIAN_POINT ( 'NONE',  ( 3.335000000000003961, 0.000000000000000000, 1.774999999999999467 ) ) ;
#587 =( GEOMETRIC_REPRESENTATION_CONTEXT ( 3 ) GLOBAL_UNCERTAINTY_ASSIGNED_CONTEXT ( ( #2426 ) ) GLOBAL_UNIT_ASSIGNED_CONTEXT ( ( #972, #727, #260 ) ) REPRESENTATION_CONTEXT ( 'NONE', 'WORKASPACE' ) );
#588 = EDGE_CURVE ( 'NONE', #419, #1451, #1289, .T. ) ;
#589 = ORIENTED_EDGE ( 'NONE', *, *, #262, .F. ) ;
#590 = LINE ( 'NONE', #1538, #1366 ) ;
#591 = ORIENTED_EDGE ( 'NONE', *, *, #1654, .T. ) ;
#592 = VECTOR ( 'NONE', #1474, 1000.000000000000227 ) ;
#593 =( NAMED_UNIT ( * ) SI_UNIT ( $, .STERADIAN. ) SOLID_ANGLE_UNIT ( ) );
#594 = LINE ( 'NONE', #1998, #333 ) ;
#595 = VERTEX_POINT ( 'NONE', #2920 ) ;
#596 = PLANE ( 'NONE',  #418 ) ;
#597 = DIRECTION ( 'NONE',  ( 0.1214124427482012047, -0.9888249944080331755, -0.08651097722178482941 ) ) ;
#598 = ORIENTED_EDGE ( 'NONE', *, *, #1986, .F. ) ;
#599 = EDGE_CURVE ( 'NONE', #2831, #2755, #2457, .T. ) ;
#600 = EDGE_CURVE ( 'NONE', #1, #1817, #566, .T. ) ;
#601 = ORIENTED_EDGE ( 'NONE', *, *, #959, .F. ) ;
#602 = FACE_OUTER_BOUND ( 'NONE', #2096, .T. ) ;
#603 = CYLINDRICAL_SURFACE ( 'NONE', #2113, 0.09999999999999939493 ) ;
#604 = ORIENTED_EDGE ( 'NONE', *, *, #1135, .F. ) ;
#605 = DIRECTION ( 'NONE',  ( 0.000000000000000000, 1.000000000000000000, -0.000000000000000000 ) ) ;
#606 = EDGE_CURVE ( 'NONE', #12, #509, #174, .T. ) ;
#607 = FILL_AREA_STYLE_COLOUR ( '', #686 ) ;
#608 = DIRECTION ( 'NONE',  ( -0.000000000000000000, 0.000000000000000000, -1.000000000000000000 ) ) ;
#609 = DIRECTION ( 'NONE',  ( -1.000000000000000000, -8.591142412721911471E-16, 0.000000000000000000 ) ) ;
#610 = EDGE_CURVE ( 'NONE', #1396, #3030, #1515, .T. ) ;
#611 = EDGE_LOOP ( 'NONE', ( #581, #2028, #1720, #44 ) ) ;
#612 = CARTESIAN_POINT ( 'NONE',  ( 4.955000000000000071, 0.5310000000000000275, -2.665000000000000480 ) ) ;
#613 = LINE ( 'NONE', #643, #1670 ) ;
#614 = ORIENTED_EDGE ( 'NONE', *, *, #1342, .T. ) ;
#615 = DIRECTION ( 'NONE',  ( -1.000000000000000000, 0.000000000000000000, 0.000000000000000000 ) ) ;
#616 = DIRECTION ( 'NONE',  ( 0.000000000000000000, 1.000000000000000000, 0.000000000000000000 ) ) ;
#617 = ORIENTED_EDGE ( 'NONE', *, *, #2511, .T. ) ;
#618 = LINE ( 'NONE', #1815, #2269 ) ;
#619 = LINE ( 'NONE', #796, #14 ) ;
#620 = AXIS2_PLACEMENT_3D ( 'NONE', #1641, #409, #3003 ) ;
#621 = DIRECTION ( 'NONE',  ( -0.000000000000000000, -0.000000000000000000, -1.000000000000000000 ) ) ;
#622 = AXIS2_PLACEMENT_3D ( 'NONE', #158, #2249, #845 ) ;
#623 = ORIENTED_EDGE ( 'NONE', *, *, #349, .F. ) ;
#624 = CARTESIAN_POINT ( 'NONE',  ( 3.875000000000000000, 0.000000000000000000, 0.5999999999999999778 ) ) ;
#625 = EDGE_CURVE ( 'NONE', #2619, #1448, #763, .T. ) ;
#626 = DIRECTION ( 'NONE',  ( -0.000000000000000000, -1.000000000000000000, -0.000000000000000000 ) ) ;
#627 = VECTOR ( 'NONE', #1383, 1000.000000000000000 ) ;
#628 = AXIS2_PLACEMENT_3D ( 'NONE', #1234, #232, #2374 ) ;
#629 = ORIENTED_EDGE ( 'NONE', *, *, #2857, .F. ) ;
#630 = VECTOR ( 'NONE', #97, 1000.000000000000000 ) ;
#631 = DIRECTION ( 'NONE',  ( 0.000000000000000000, -0.000000000000000000, -1.000000000000000000 ) ) ;
#632 = CIRCLE ( 'NONE', #3059, 0.6309999999999995612 ) ;
#633 = FACE_BOUND ( 'NONE', #2708, .T. ) ;
#634 = ORIENTED_EDGE ( 'NONE', *, *, #122, .F. ) ;
#635 = LINE ( 'NONE', #1404, #1305 ) ;
#636 = CARTESIAN_POINT ( 'NONE',  ( -2.189936983006810944, -2.998180927872921538E-16, -3.289999999999997815 ) ) ;
#637 = MECHANICAL_DESIGN_GEOMETRIC_PRESENTATION_REPRESENTATION (  '', ( #1969 ), #1729 ) ;
#638 = EDGE_CURVE ( 'NONE', #2551, #906, #1935, .T. ) ;
#639 = DIRECTION ( 'NONE',  ( -0.000000000000000000, 1.000000000000000000, 0.000000000000000000 ) ) ;
#640 = VECTOR ( 'NONE', #2367, 1000.000000000000000 ) ;
#641 = CARTESIAN_POINT ( 'NONE',  ( -2.594999999999999751, 1.100000000000000089, -1.894500000000000073 ) ) ;
#642 = FACE_OUTER_BOUND ( 'NONE', #902, .T. ) ;
#643 = CARTESIAN_POINT ( 'NONE',  ( -2.594999999999999751, 1.100000000000000089, -1.894500000000000073 ) ) ;
#644 = EDGE_LOOP ( 'NONE', ( #113, #1409, #246, #1187 ) ) ;
#645 = EDGE_CURVE ( 'NONE', #664, #1216, #1611, .T. ) ;
#646 = CARTESIAN_POINT ( 'NONE',  ( 3.335000000000003517, 0.5310000000000000275, 1.774999999999999467 ) ) ;
#647 = ORIENTED_EDGE ( 'NONE', *, *, #349, .T. ) ;
#648 = CARTESIAN_POINT ( 'NONE',  ( 3.875000000000000000, 0.5310000000000000275, -0.5999999999999999778 ) ) ;
#649 = DIRECTION ( 'NONE',  ( 0.000000000000000000, 1.000000000000000000, 0.000000000000000000 ) ) ;
#650 = DIRECTION ( 'NONE',  ( 1.000000000000000000, 0.000000000000000000, 0.000000000000000000 ) ) ;
#651 = DIRECTION ( 'NONE',  ( 0.000000000000000000, 0.000000000000000000, 1.000000000000000000 ) ) ;
#652 = EDGE_CURVE ( 'NONE', #2692, #217, #507, .T. ) ;
#653 = ORIENTED_EDGE ( 'NONE', *, *, #342, .F. ) ;
#654 = DIRECTION ( 'NONE',  ( 0.000000000000000000, 0.000000000000000000, 1.000000000000000000 ) ) ;
#655 = EDGE_CURVE ( 'NONE', #3078, #1843, #1695, .T. ) ;
#656 = ORIENTED_EDGE ( 'NONE', *, *, #1532, .F. ) ;
#657 = UNCERTAINTY_MEASURE_WITH_UNIT (LENGTH_MEASURE( 1.000000000000000082E-05 ), #3045, 'distance_accuracy_value', 'NONE');
#658 = CARTESIAN_POINT ( 'NONE',  ( -2.594999999999999751, 1.630999999999999783, 2.761000000000000121 ) ) ;
#659 = DIRECTION ( 'NONE',  ( 0.000000000000000000, 1.000000000000000000, 0.000000000000000000 ) ) ;
#660 = EDGE_CURVE ( 'NONE', #185, #881, #735, .T. ) ;
#661 = ORIENTED_EDGE ( 'NONE', *, *, #959, .T. ) ;
#662 = CARTESIAN_POINT ( 'NONE',  ( 3.335000000000003961, 0.000000000000000000, 1.774999999999999467 ) ) ;
#663 = CARTESIAN_POINT ( 'NONE',  ( -2.324999999999998845, 1.100000000000000089, 2.677500000000000213 ) ) ;
#664 = VERTEX_POINT ( 'NONE', #2895 ) ;
#665 = LINE ( 'NONE', #866, #2210 ) ;
#666 = LINE ( 'NONE', #202, #1023 ) ;
#667 = VERTEX_POINT ( 'NONE', #1483 ) ;
#668 = AXIS2_PLACEMENT_3D ( 'NONE', #2630, #1489, #485 ) ;
#669 = VERTEX_POINT ( 'NONE', #1436 ) ;
#670 = LINE ( 'NONE', #1136, #1824 ) ;
#671 = EDGE_CURVE ( 'NONE', #1382, #2747, #1238, .T. ) ;
#672 = MECHANICAL_DESIGN_GEOMETRIC_PRESENTATION_REPRESENTATION (  '', ( #2207 ), #1316 ) ;
#673 = ORIENTED_EDGE ( 'NONE', *, *, #2177, .T. ) ;
#674 = VECTOR ( 'NONE', #1644, 1000.000000000000000 ) ;
#675 = AXIS2_PLACEMENT_3D ( 'NONE', #67, #490, #1190 ) ;
#676 = DIRECTION ( 'NONE',  ( 0.000000000000000000, 0.000000000000000000, 1.000000000000000000 ) ) ;
#677 = VERTEX_POINT ( 'NONE', #265 ) ;
#678 = CARTESIAN_POINT ( 'NONE',  ( 3.875000000000000444, 0.000000000000000000, -1.774999999999999467 ) ) ;
#679 = FACE_OUTER_BOUND ( 'NONE', #1637, .T. ) ;
#680 = ADVANCED_FACE ( 'NONE', ( #2653 ), #1225, .T. ) ;
#681 = VECTOR ( 'NONE', #53, 1000.000000000000000 ) ;
#682 = VERTEX_POINT ( 'NONE', #1920 ) ;
#683 = PLANE ( 'NONE',  #1774 ) ;
#684 = DIRECTION ( 'NONE',  ( 1.000000000000000000, 0.000000000000000000, -0.000000000000000000 ) ) ;
#685 = ORIENTED_EDGE ( 'NONE', *, *, #2673, .F. ) ;
#686 = COLOUR_RGB ( '',0.1098039215686274495, 0.1098039215686274495, 0.1098039215686274495 ) ;
#687 = VECTOR ( 'NONE', #241, 1000.000000000000000 ) ;
#688 = CYLINDRICAL_SURFACE ( 'NONE', #1614, 0.2699999999999979083 ) ;
#689 = VECTOR ( 'NONE', #2459, 1000.000000000000000 ) ;
#690 = EDGE_LOOP ( 'NONE', ( #562, #129, #1888, #1001 ) ) ;
#691 = ADVANCED_FACE ( 'NONE', ( #750 ), #2203, .T. ) ;
#692 = EDGE_CURVE ( 'NONE', #2886, #664, #2947, .T. ) ;
#693 = DIRECTION ( 'NONE',  ( -1.000000000000000000, -0.000000000000000000, 0.000000000000000000 ) ) ;
#694 = EDGE_LOOP ( 'NONE', ( #2934, #2120, #2053, #88 ) ) ;
#695 = CARTESIAN_POINT ( 'NONE',  ( -2.259801398160556474, 1.630999999999999783, 2.677500000000000657 ) ) ;
#696 = CARTESIAN_POINT ( 'NONE',  ( -3.264999999999999236, 1.630999999999999783, 2.761000000000000121 ) ) ;
#697 = ORIENTED_EDGE ( 'NONE', *, *, #395, .T. ) ;
#698 = DIRECTION ( 'NONE',  ( 0.9961946980917461003, 0.08715574274765142126, -0.000000000000000000 ) ) ;
#699 = CYLINDRICAL_SURFACE ( 'NONE', #2856, 0.2699999999999979083 ) ;
#700 = ORIENTED_EDGE ( 'NONE', *, *, #236, .T. ) ;
#701 = PLANE ( 'NONE',  #325 ) ;
#702 = LINE ( 'NONE', #937, #2318 ) ;
#703 = EDGE_CURVE ( 'NONE', #706, #2666, #2638, .T. ) ;
#704 = EDGE_LOOP ( 'NONE', ( #1988, #2079, #2834, #3020 ) ) ;
#705 = CARTESIAN_POINT ( 'NONE',  ( -4.955000000000000071, 0.5289793846867171245, 1.894500000000000295 ) ) ;
#706 = VERTEX_POINT ( 'NONE', #2174 ) ;
#707 = CARTESIAN_POINT ( 'NONE',  ( 3.875000000000001332, 0.5310000000000000275, 0.000000000000000000 ) ) ;
#708 = FILL_AREA_STYLE ('',( #943 ) ) ;
#709 = ORIENTED_EDGE ( 'NONE', *, *, #2836, .T. ) ;
#710 = FACE_OUTER_BOUND ( 'NONE', #704, .T. ) ;
#711 = PRESENTATION_STYLE_ASSIGNMENT (( #540 ) ) ;
#712 = VERTEX_POINT ( 'NONE', #781 ) ;
#713 = PRESENTATION_STYLE_ASSIGNMENT (( #1692 ) ) ;
#714 = CARTESIAN_POINT ( 'NONE',  ( 3.875000000000000000, 0.5310000000000000275, 0.5999999999999999778 ) ) ;
#715 = ADVANCED_FACE ( 'NONE', ( #312 ), #1252, .T. ) ;
#716 = DIRECTION ( 'NONE',  ( 0.000000000000000000, -1.000000000000000000, 0.000000000000000000 ) ) ;
#717 =( GEOMETRIC_REPRESENTATION_CONTEXT ( 3 ) GLOBAL_UNCERTAINTY_ASSIGNED_CONTEXT ( ( #161 ) ) GLOBAL_UNIT_ASSIGNED_CONTEXT ( ( #2961, #385, #1067 ) ) REPRESENTATION_CONTEXT ( 'NONE', 'WORKASPACE' ) );
#718 = EDGE_LOOP ( 'NONE', ( #1829, #2215, #1339, #1019, #647 ) ) ;
#719 = AXIS2_PLACEMENT_3D ( 'NONE', #2222, #827, #1780 ) ;
#720 = ORIENTED_EDGE ( 'NONE', *, *, #3075, .F. ) ;
#721 = LINE ( 'NONE', #1439, #1362 ) ;
#722 =( GEOMETRIC_REPRESENTATION_CONTEXT ( 3 ) GLOBAL_UNCERTAINTY_ASSIGNED_CONTEXT ( ( #1534 ) ) GLOBAL_UNIT_ASSIGNED_CONTEXT ( ( #2062, #1598, #3010 ) ) REPRESENTATION_CONTEXT ( 'NONE', 'WORKASPACE' ) );
#723 = CARTESIAN_POINT ( 'NONE',  ( 3.335000000000003961, 0.5310000000000000275, 0.5999999999999999778 ) ) ;
#724 = VECTOR ( 'NONE', #1552, 1000.000000000000000 ) ;
#725 = ORIENTED_EDGE ( 'NONE', *, *, #610, .F. ) ;
#726 = CARTESIAN_POINT ( 'NONE',  ( -3.265000000000000124, 1.099999999999999867, -1.894500000000000073 ) ) ;
#727 =( NAMED_UNIT ( * ) PLANE_ANGLE_UNIT ( ) SI_UNIT ( $, .RADIAN. ) );
#728 = CARTESIAN_POINT ( 'NONE',  ( -4.955000000000000071, 0.5289793846867172356, 1.894499999999999629 ) ) ;
#729 = EDGE_CURVE ( 'NONE', #1230, #1994, #23, .T. ) ;
#730 = VECTOR ( 'NONE', #2452, 1000.000000000000000 ) ;
#731 = SURFACE_SIDE_STYLE ('',( #3073 ) ) ;
#732 = VECTOR ( 'NONE', #1848, 1000.000000000000000 ) ;
#733 = CARTESIAN_POINT ( 'NONE',  ( -2.259801398160556474, 1.630999999999999783, -2.677500000000000213 ) ) ;
#734 = VECTOR ( 'NONE', #2553, 1000.000000000000000 ) ;
#735 = LINE ( 'NONE', #2672, #1068 ) ;
#736 = VECTOR ( 'NONE', #2097, 1000.000000000000000 ) ;
#737 = ORIENTED_EDGE ( 'NONE', *, *, #652, .T. ) ;
#738 = CARTESIAN_POINT ( 'NONE',  ( 0.000000000000000000, 0.000000000000000000, 0.000000000000000000 ) ) ;
#739 = ORIENTED_EDGE ( 'NONE', *, *, #269, .F. ) ;
#740 = EDGE_CURVE ( 'NONE', #3047, #242, #2854, .T. ) ;
#741 = DIRECTION ( 'NONE',  ( -1.000000000000000000, 0.000000000000000000, 0.000000000000000000 ) ) ;
#742 = DIRECTION ( 'NONE',  ( 0.000000000000000000, -0.000000000000000000, -1.000000000000000000 ) ) ;
#743 = ORIENTED_EDGE ( 'NONE', *, *, #3062, .T. ) ;
#744 = DIRECTION ( 'NONE',  ( 1.000000000000000000, 0.000000000000000000, -1.208024704719224136E-16 ) ) ;
#745 = DIRECTION ( 'NONE',  ( -0.000000000000000000, -1.000000000000000000, 0.000000000000000000 ) ) ;
#746 = DIRECTION ( 'NONE',  ( -1.000000000000000000, 0.000000000000000000, 0.000000000000000000 ) ) ;
#747 = ADVANCED_FACE ( 'NONE', ( #252 ), #494, .F. ) ;
#748 = LINE ( 'NONE', #1727, #1527 ) ;
#749 = ADVANCED_FACE ( 'NONE', ( #300 ), #2190, .T. ) ;
#750 = FACE_OUTER_BOUND ( 'NONE', #2347, .T. ) ;
#751 = DIRECTION ( 'NONE',  ( 8.167248003657282516E-16, 1.000000000000000000, 0.000000000000000000 ) ) ;
#752 = ORIENTED_EDGE ( 'NONE', *, *, #150, .F. ) ;
#753 = VERTEX_POINT ( 'NONE', #1075 ) ;
#754 = ORIENTED_EDGE ( 'NONE', *, *, #431, .F. ) ;
#755 = DIRECTION ( 'NONE',  ( -1.000000000000000000, -0.000000000000000000, -0.000000000000000000 ) ) ;
#756 = EDGE_CURVE ( 'NONE', #1184, #548, #1558, .T. ) ;
#757 = ORIENTED_EDGE ( 'NONE', *, *, #1243, .T. ) ;
#758 = DIRECTION ( 'NONE',  ( -0.08715574274765142126, 0.9961946980917461003, 0.000000000000000000 ) ) ;
#759 = LINE ( 'NONE', #2185, #1916 ) ;
#760 = LINE ( 'NONE', #2636, #2953 ) ;
#761 = LINE ( 'NONE', #2623, #3049 ) ;
#762 = DIRECTION ( 'NONE',  ( 1.000000000000000000, 0.000000000000000000, -0.000000000000000000 ) ) ;
#763 = LINE ( 'NONE', #2380, #1663 ) ;
#764 = FILL_AREA_STYLE_COLOUR ( '', #2610 ) ;
#765 = ORIENTED_EDGE ( 'NONE', *, *, #1996, .T. ) ;
#766 = EDGE_CURVE ( 'NONE', #1604, #348, #463, .T. ) ;
#767 = ORIENTED_EDGE ( 'NONE', *, *, #2532, .T. ) ;
#768 = LINE ( 'NONE', #1197, #2051 ) ;
#769 = DIRECTION ( 'NONE',  ( -0.000000000000000000, 0.000000000000000000, -1.000000000000000000 ) ) ;
#770 = VECTOR ( 'NONE', #801, 1000.000000000000000 ) ;
#771 = VERTEX_POINT ( 'NONE', #1318 ) ;
#772 = LINE ( 'NONE', #2229, #469 ) ;
#773 = MECHANICAL_DESIGN_GEOMETRIC_PRESENTATION_REPRESENTATION (  '', ( #872 ), #518 ) ;
#774 = DIRECTION ( 'NONE',  ( -0.000000000000000000, 0.000000000000000000, -1.000000000000000000 ) ) ;
#775 = CLOSED_SHELL ( 'NONE', ( #2335, #2450, #811, #332, #2202, #2473, #1335, #2791, #889, #2491, #1410, #2124, #1602, #1368, #2111, #239, #21, #848, #1694 ) ) ;
#776 = ADVANCED_FACE ( 'NONE', ( #2948 ), #2470, .T. ) ;
#777 = VECTOR ( 'NONE', #1593, 1000.000000000000000 ) ;
#778 = DIRECTION ( 'NONE',  ( -0.9961946980917461003, -0.08715574274765174045, 0.000000000000000000 ) ) ;
#779 = FACE_OUTER_BOUND ( 'NONE', #1287, .T. ) ;
#780 = CIRCLE ( 'NONE', #1268, 0.09999999999999982514 ) ;
#781 = CARTESIAN_POINT ( 'NONE',  ( -4.955000000000000071, 0.5289793846867171245, 2.677500000000000657 ) ) ;
#782 =( NAMED_UNIT ( * ) SI_UNIT ( $, .STERADIAN. ) SOLID_ANGLE_UNIT ( ) );
#783 = ORIENTED_EDGE ( 'NONE', *, *, #610, .T. ) ;
#784 = AXIS2_PLACEMENT_3D ( 'NONE', #1155, #1128, #1375 ) ;
#785 = ORIENTED_EDGE ( 'NONE', *, *, #2955, .T. ) ;
#786 = VECTOR ( 'NONE', #2240, 1000.000000000000000 ) ;
#787 = EDGE_CURVE ( 'NONE', #509, #1502, #110, .T. ) ;
#788 = EDGE_CURVE ( 'NONE', #442, #844, #1951, .T. ) ;
#789 = ORIENTED_EDGE ( 'NONE', *, *, #2298, .F. ) ;
#790 = DIRECTION ( 'NONE',  ( -8.167248003657282516E-16, -1.000000000000000000, -0.000000000000000000 ) ) ;
#791 = DIRECTION ( 'NONE',  ( 0.000000000000000000, -1.000000000000000000, 0.000000000000000000 ) ) ;
#792 = ORIENTED_EDGE ( 'NONE', *, *, #2983, .T. ) ;
#793 = LINE ( 'NONE', #1751, #969 ) ;
#794 = EDGE_LOOP ( 'NONE', ( #1059, #911, #2128, #429 ) ) ;
#795 = DIRECTION ( 'NONE',  ( 0.000000000000000000, 0.000000000000000000, -1.000000000000000000 ) ) ;
#796 = CARTESIAN_POINT ( 'NONE',  ( -2.259801398160556474, 1.630999999999999783, 1.894500000000000295 ) ) ;
#797 = DIRECTION ( 'NONE',  ( 0.000000000000000000, 0.000000000000000000, -1.000000000000000000 ) ) ;
#798 = DIRECTION ( 'NONE',  ( 8.031127203596337504E-16, -0.000000000000000000, 1.000000000000000000 ) ) ;
#799 = EDGE_LOOP ( 'NONE', ( #2544, #617, #59, #1211, #2543, #2601, #765, #352, #757, #1958, #102, #852 ) ) ;
#800 = ORIENTED_EDGE ( 'NONE', *, *, #2143, .T. ) ;
#801 = DIRECTION ( 'NONE',  ( 0.000000000000000000, 0.000000000000000000, 1.000000000000000000 ) ) ;
#802 = ORIENTED_EDGE ( 'NONE', *, *, #279, .T. ) ;
#803 = CARTESIAN_POINT ( 'NONE',  ( -3.264999999999999680, 1.631000000000000005, 2.677500000000000213 ) ) ;
#804 = ORIENTED_EDGE ( 'NONE', *, *, #2177, .F. ) ;
#805 = ADVANCED_FACE ( 'NONE', ( #2500 ), #1091, .T. ) ;
#806 = PLANE ( 'NONE',  #1769 ) ;
#807 = CARTESIAN_POINT ( 'NONE',  ( -3.896000000000000796, 1.000000000000000444, -2.677500000000000213 ) ) ;
#808 = CARTESIAN_POINT ( 'NONE',  ( -3.264999999999999680, 1.630999999999999783, 2.761000000000000121 ) ) ;
#809 = DIRECTION ( 'NONE',  ( -0.000000000000000000, -0.000000000000000000, -1.000000000000000000 ) ) ;
#810 = ORIENTED_EDGE ( 'NONE', *, *, #111, .T. ) ;
#811 = ADVANCED_FACE ( 'NONE', ( #2698 ), #2685, .F. ) ;
#812 = ORIENTED_EDGE ( 'NONE', *, *, #3025, .F. ) ;
#813 = CARTESIAN_POINT ( 'NONE',  ( -2.324999999999998845, 1.100000000000000311, -3.193762470121478181 ) ) ;
#814 = PLANE ( 'NONE',  #2717 ) ;
#815 = VECTOR ( 'NONE', #605, 1000.000000000000000 ) ;
#816 = VERTEX_POINT ( 'NONE', #2451 ) ;
#817 = CARTESIAN_POINT ( 'NONE',  ( 3.335000000000003517, 0.5310000000000000275, -2.219999999999999307 ) ) ;
#818 = ORIENTED_EDGE ( 'NONE', *, *, #1728, .T. ) ;
#819 = FACE_OUTER_BOUND ( 'NONE', #2183, .T. ) ;
#820 = VECTOR ( 'NONE', #549, 1000.000000000000000 ) ;
#821 = CARTESIAN_POINT ( 'NONE',  ( -2.594999999999999751, 1.099999999999999867, -0.3914999999999999036 ) ) ;
#822 = AXIS2_PLACEMENT_3D ( 'NONE', #2650, #958, #1220 ) ;
#823 = FACE_OUTER_BOUND ( 'NONE', #1488, .T. ) ;
#824 = FACE_OUTER_BOUND ( 'NONE', #2273, .T. ) ;
#825 = EDGE_CURVE ( 'NONE', #816, #2884, #1285, .T. ) ;
#826 = AXIS2_PLACEMENT_3D ( 'NONE', #851, #438, #1372 ) ;
#827 = DIRECTION ( 'NONE',  ( 0.000000000000000000, -1.000000000000000000, 0.000000000000000000 ) ) ;
#828 = AXIS2_PLACEMENT_3D ( 'NONE', #146, #2000, #1793 ) ;
#829 = LINE ( 'NONE', #1270, #133 ) ;
#830 = ORIENTED_EDGE ( 'NONE', *, *, #1167, .F. ) ;
#831 =( GEOMETRIC_REPRESENTATION_CONTEXT ( 3 ) GLOBAL_UNCERTAINTY_ASSIGNED_CONTEXT ( ( #1471 ) ) GLOBAL_UNIT_ASSIGNED_CONTEXT ( ( #2353, #2119, #782 ) ) REPRESENTATION_CONTEXT ( 'NONE', 'WORKASPACE' ) );
#832 = EDGE_CURVE ( 'NONE', #1994, #706, #2607, .T. ) ;
#833 = PRESENTATION_LAYER_ASSIGNMENT (  '', '', ( #1913 ) ) ;
#834 = EDGE_LOOP ( 'NONE', ( #2474, #1861, #1937, #1403 ) ) ;
#835 = DIRECTION ( 'NONE',  ( -0.000000000000000000, -0.000000000000000000, -1.000000000000000000 ) ) ;
#836 = VECTOR ( 'NONE', #503, 1000.000000000000000 ) ;
#837 = CARTESIAN_POINT ( 'NONE',  ( -3.265000000000000124, 1.000000000000000000, -1.894500000000000073 ) ) ;
#838 = ORIENTED_EDGE ( 'NONE', *, *, #150, .T. ) ;
#839 = CARTESIAN_POINT ( 'NONE',  ( -3.995999999999999552, 0.7132629967624067868, 2.677500000000000213 ) ) ;
#840 = VECTOR ( 'NONE', #769, 1000.000000000000000 ) ;
#841 = DIRECTION ( 'NONE',  ( 0.000000000000000000, 0.000000000000000000, 1.000000000000000000 ) ) ;
#842 = FILL_AREA_STYLE ('',( #1020 ) ) ;
#843 = LINE ( 'NONE', #1791, #382 ) ;
#844 = VERTEX_POINT ( 'NONE', #2915 ) ;
#845 = DIRECTION ( 'NONE',  ( 0.000000000000000000, 0.000000000000000000, -1.000000000000000000 ) ) ;
#846 = CARTESIAN_POINT ( 'NONE',  ( 3.646743501281513922, 2.390000000000000568, -3.080902094173040950 ) ) ;
#847 = CARTESIAN_POINT ( 'NONE',  ( -3.264999999999999680, 1.630999999999999783, 2.677500000000000213 ) ) ;
#848 = ADVANCED_FACE ( 'NONE', ( #2718 ), #596, .F. ) ;
#849 = EDGE_LOOP ( 'NONE', ( #919, #2794, #1545, #368 ) ) ;
#850 = FACE_OUTER_BOUND ( 'NONE', #834, .T. ) ;
#851 = CARTESIAN_POINT ( 'NONE',  ( -3.265000000000000124, 1.099999999999999867, -1.811000000000000609 ) ) ;
#852 = ORIENTED_EDGE ( 'NONE', *, *, #1432, .T. ) ;
#853 = DIRECTION ( 'NONE',  ( 0.000000000000000000, 0.000000000000000000, -1.000000000000000000 ) ) ;
#854 = EDGE_CURVE ( 'NONE', #1514, #24, #1744, .T. ) ;
#855 = CARTESIAN_POINT ( 'NONE',  ( -4.908720300600997177, 0.000000000000000000, 2.677500000000000213 ) ) ;
#856 = LINE ( 'NONE', #2248, #2762 ) ;
#857 = ORIENTED_EDGE ( 'NONE', *, *, #645, .F. ) ;
#858 = FACE_OUTER_BOUND ( 'NONE', #354, .T. ) ;
#859 = CARTESIAN_POINT ( 'NONE',  ( -2.259801398160556474, 1.630999999999999783, -1.894500000000000073 ) ) ;
#860 = EDGE_LOOP ( 'NONE', ( #253, #98, #1739, #2509 ) ) ;
#861 = CARTESIAN_POINT ( 'NONE',  ( 3.335000000000003517, 0.000000000000000000, 0.000000000000000000 ) ) ;
#862 = CARTESIAN_POINT ( 'NONE',  ( -2.324999999999998845, 1.099999999999999867, -3.290000000000000036 ) ) ;
#863 = ORIENTED_EDGE ( 'NONE', *, *, #1639, .T. ) ;
#864 = CARTESIAN_POINT ( 'NONE',  ( -3.896000000000000352, 0.7132629967624067868, -1.894500000000000073 ) ) ;
#865 = ORIENTED_EDGE ( 'NONE', *, *, #1513, .T. ) ;
#866 = CARTESIAN_POINT ( 'NONE',  ( -3.264999999999999680, 1.630999999999999783, 1.811000000000000165 ) ) ;
#867 = VECTOR ( 'NONE', #2262, 1000.000000000000114 ) ;
#868 = DIRECTION ( 'NONE',  ( 0.000000000000000000, 0.000000000000000000, -1.000000000000000000 ) ) ;
#869 = VECTOR ( 'NONE', #1999, 1000.000000000000000 ) ;
#870 = EDGE_LOOP ( 'NONE', ( #1026, #1976, #1210, #203 ) ) ;
#871 = CARTESIAN_POINT ( 'NONE',  ( 3.875000000000000888, 2.390000000000000124, -0.5999999999999998668 ) ) ;
#872 = STYLED_ITEM ( 'NONE', ( #2081 ), #962 ) ;
#873 = VECTOR ( 'NONE', #13, 1000.000000000000000 ) ;
#874 = ORIENTED_EDGE ( 'NONE', *, *, #2624, .T. ) ;
#875 =( GEOMETRIC_REPRESENTATION_CONTEXT ( 3 ) GLOBAL_UNCERTAINTY_ASSIGNED_CONTEXT ( ( #657 ) ) GLOBAL_UNIT_ASSIGNED_CONTEXT ( ( #3045, #2916, #2437 ) ) REPRESENTATION_CONTEXT ( 'NONE', 'WORKASPACE' ) );
#876 = DIRECTION ( 'NONE',  ( 0.000000000000000000, 0.000000000000000000, -1.000000000000000000 ) ) ;
#877 = ADVANCED_FACE ( 'NONE', ( #2486 ), #1299, .F. ) ;
#878 = EDGE_CURVE ( 'NONE', #2285, #3072, #1665, .T. ) ;
#879 =( GEOMETRIC_REPRESENTATION_CONTEXT ( 3 ) GLOBAL_UNCERTAINTY_ASSIGNED_CONTEXT ( ( #1748 ) ) GLOBAL_UNIT_ASSIGNED_CONTEXT ( ( #2349, #415, #2824 ) ) REPRESENTATION_CONTEXT ( 'NONE', 'WORKASPACE' ) );
#880 = DIRECTION ( 'NONE',  ( -0.000000000000000000, 1.000000000000000000, -0.000000000000000000 ) ) ;
#881 = VERTEX_POINT ( 'NONE', #1792 ) ;
#882 = DIRECTION ( 'NONE',  ( 1.000000000000000000, 0.000000000000000000, -0.000000000000000000 ) ) ;
#883 = VECTOR ( 'NONE', #2785, 1000.000000000000000 ) ;
#884 = CARTESIAN_POINT ( 'NONE',  ( -3.265000000000000124, 1.000000000000000000, 1.894500000000000295 ) ) ;
#885 = AXIS2_PLACEMENT_3D ( 'NONE', #2490, #1325, #876 ) ;
#886 = FACE_OUTER_BOUND ( 'NONE', #2799, .T. ) ;
#887 = ORIENTED_EDGE ( 'NONE', *, *, #1934, .F. ) ;
#888 = DIRECTION ( 'NONE',  ( -1.000000000000000000, -2.749165572071009620E-15, 0.000000000000000000 ) ) ;
#889 = ADVANCED_FACE ( 'NONE', ( #858 ), #2732, .F. ) ;
#890 = VERTEX_POINT ( 'NONE', #624 ) ;
#891 = SURFACE_SIDE_STYLE ('',( #2303 ) ) ;
#892 = CARTESIAN_POINT ( 'NONE',  ( 3.335000000000004405, 0.5310000000000000275, 2.219999999999999307 ) ) ;
#893 = ORIENTED_EDGE ( 'NONE', *, *, #122, .T. ) ;
#894 = DIRECTION ( 'NONE',  ( 0.000000000000000000, 0.000000000000000000, -1.000000000000000000 ) ) ;
#895 = DIRECTION ( 'NONE',  ( 0.000000000000000000, 0.000000000000000000, -1.000000000000000000 ) ) ;
#896 = ORIENTED_EDGE ( 'NONE', *, *, #1030, .F. ) ;
#897 = LINE ( 'NONE', #2168, #1960 ) ;
#898 = DIRECTION ( 'NONE',  ( -1.000000000000000000, 2.168404344971021884E-15, 0.000000000000000000 ) ) ;
#899 = ORIENTED_EDGE ( 'NONE', *, *, #2064, .T. ) ;
#900 = EDGE_CURVE ( 'NONE', #3038, #2755, #392, .T. ) ;
#901 = ORIENTED_EDGE ( 'NONE', *, *, #2343, .T. ) ;
#902 = EDGE_LOOP ( 'NONE', ( #2255, #2011, #1928, #1465 ) ) ;
#903 = ADVANCED_FACE ( 'NONE', ( #642 ), #688, .T. ) ;
#904 = LINE ( 'NONE', #2534, #1083 ) ;
#905 = CARTESIAN_POINT ( 'NONE',  ( -3.265000000000000124, 1.000000000000000000, 2.677500000000000213 ) ) ;
#906 = VERTEX_POINT ( 'NONE', #1350 ) ;
#907 = CARTESIAN_POINT ( 'NONE',  ( -3.264999999999999236, 1.630999999999999783, 1.811000000000000165 ) ) ;
#908 = PLANE ( 'NONE',  #1177 ) ;
#909 = CARTESIAN_POINT ( 'NONE',  ( -3.265000000000000124, 1.000000000000000000, 2.677500000000000213 ) ) ;
#910 = DIRECTION ( 'NONE',  ( -0.9961946980917461003, -0.08715574274765174045, 0.000000000000000000 ) ) ;
#911 = ORIENTED_EDGE ( 'NONE', *, *, #1925, .T. ) ;
#912 = ORIENTED_EDGE ( 'NONE', *, *, #3011, .F. ) ;
#913 = EDGE_CURVE ( 'NONE', #3024, #2350, #2296, .T. ) ;
#914 = FILL_AREA_STYLE_COLOUR ( '', #2310 ) ;
#915 = ADVANCED_FACE ( 'NONE', ( #1160 ), #2110, .F. ) ;
#916 = FILL_AREA_STYLE_COLOUR ( '', #189 ) ;
#917 = STYLED_ITEM ( 'NONE', ( #713 ), #991 ) ;
#918 = COLOUR_RGB ( '',0.1098039215686274495, 0.1098039215686274495, 0.1098039215686274495 ) ;
#919 = ORIENTED_EDGE ( 'NONE', *, *, #2234, .T. ) ;
#920 = CARTESIAN_POINT ( 'NONE',  ( -3.154999999999998916, 1.099999999999999867, -0.4750000000000001443 ) ) ;
#921 = VECTOR ( 'NONE', #2148, 1000.000000000000000 ) ;
#922 = VECTOR ( 'NONE', #1940, 1000.000000000000000 ) ;
#923 = CARTESIAN_POINT ( 'NONE',  ( -3.987284425725235337, 0.6136435269532319881, 2.677500000000000213 ) ) ;
#924 = VECTOR ( 'NONE', #2098, 1000.000000000000000 ) ;
#925 = VERTEX_POINT ( 'NONE', #2348 ) ;
#926 = FACE_OUTER_BOUND ( 'NONE', #1088, .T. ) ;
#927 = LINE ( 'NONE', #723, #387 ) ;
#928 = AXIS2_PLACEMENT_3D ( 'NONE', #1175, #1878, #1585 ) ;
#929 = EDGE_CURVE ( 'NONE', #1591, #3042, #1880, .T. ) ;
#930 = EDGE_LOOP ( 'NONE', ( #266, #2863, #1770, #2923, #1455, #2592, #1140, #1702, #2641, #2176 ) ) ;
#931 = CARTESIAN_POINT ( 'NONE',  ( -2.259801398160556474, 1.630999999999999783, 2.677500000000000213 ) ) ;
#932 = CARTESIAN_POINT ( 'NONE',  ( -3.264999999999999680, 1.630999999999999783, -2.761000000000000565 ) ) ;
#933 = CARTESIAN_POINT ( 'NONE',  ( -3.364999999999999769, 1.000000000000000000, -1.894500000000000073 ) ) ;
#934 = VECTOR ( 'NONE', #954, 1000.000000000000000 ) ;
#935 = AXIS2_PLACEMENT_3D ( 'NONE', #1165, #1418, #1387 ) ;
#936 = CARTESIAN_POINT ( 'NONE',  ( -3.265000000000000124, 1.099999999999999867, 2.761000000000000121 ) ) ;
#937 = CARTESIAN_POINT ( 'NONE',  ( -0.2549999999999991718, 0.000000000000000000, -2.219999999999998863 ) ) ;
#938 = ORIENTED_EDGE ( 'NONE', *, *, #2027, .T. ) ;
#939 = CARTESIAN_POINT ( 'NONE',  ( -0.2549999999999991718, 0.5310000000000000275, 2.219999999999998863 ) ) ;
#940 = SURFACE_STYLE_FILL_AREA ( #1402 ) ;
#941 = EDGE_LOOP ( 'NONE', ( #3026, #2336, #289, #2237 ) ) ;
#942 = CARTESIAN_POINT ( 'NONE',  ( 3.875000000000001332, 0.000000000000000000, 0.000000000000000000 ) ) ;
#943 = FILL_AREA_STYLE_COLOUR ( '', #2066 ) ;
#944 = ORIENTED_EDGE ( 'NONE', *, *, #1116, .F. ) ;
#945 = FACE_OUTER_BOUND ( 'NONE', #1957, .T. ) ;
#946 = SURFACE_STYLE_FILL_AREA ( #1704 ) ;
#947 = ORIENTED_EDGE ( 'NONE', *, *, #2999, .F. ) ;
#948 = ADVANCED_FACE ( 'NONE', ( #1119 ), #701, .F. ) ;
#949 = DIRECTION ( 'NONE',  ( -0.000000000000000000, -0.000000000000000000, -1.000000000000000000 ) ) ;
#950 = MANIFOLD_SOLID_BREP ( 'Cut-Extrude5', #3050 ) ;
#951 = ORIENTED_EDGE ( 'NONE', *, *, #1167, .T. ) ;
#952 = ORIENTED_EDGE ( 'NONE', *, *, #2999, .T. ) ;
#953 = CARTESIAN_POINT ( 'NONE',  ( -2.324999999999998845, 1.099999999999999867, -3.193762470121478181 ) ) ;
#954 = DIRECTION ( 'NONE',  ( -0.000000000000000000, 0.000000000000000000, 1.000000000000000000 ) ) ;
#955 = VERTEX_POINT ( 'NONE', #1822 ) ;
#956 = PLANE ( 'NONE',  #1523 ) ;
#957 = CARTESIAN_POINT ( 'NONE',  ( 4.955000000000000071, 0.000000000000000000, 2.665000000000000480 ) ) ;
#958 = DIRECTION ( 'NONE',  ( 6.968235199287820399E-17, -0.08715574274765512663, 0.9961946980917458783 ) ) ;
#959 = EDGE_CURVE ( 'NONE', #2884, #2244, #2056, .T. ) ;
#960 = DIRECTION ( 'NONE',  ( -1.000000000000000000, 0.000000000000000000, 0.000000000000000000 ) ) ;
#961 = DIRECTION ( 'NONE',  ( 0.000000000000000000, 0.000000000000000000, -1.000000000000000000 ) ) ;
#962 = ADVANCED_FACE ( 'NONE', ( #2334 ), #1364, .F. ) ;
#963 = AXIS2_PLACEMENT_3D ( 'NONE', #839, #2494, #1801 ) ;
#964 = ORIENTED_EDGE ( 'NONE', *, *, #788, .T. ) ;
#965 = VECTOR ( 'NONE', #480, 1000.000000000000000 ) ;
#966 = ORIENTED_EDGE ( 'NONE', *, *, #2776, .T. ) ;
#967 = CARTESIAN_POINT ( 'NONE',  ( 3.605000000000001759, 0.5310000000000000275, -0.8699999999999978861 ) ) ;
#968 = CIRCLE ( 'NONE', #73, 0.09999999999999982514 ) ;
#969 = VECTOR ( 'NONE', #2709, 1000.000000000000000 ) ;
#970 = ORIENTED_EDGE ( 'NONE', *, *, #3011, .T. ) ;
#971 = CARTESIAN_POINT ( 'NONE',  ( 0.000000000000000000, 0.000000000000000000, 2.219999999999998863 ) ) ;
#972 =( LENGTH_UNIT ( ) NAMED_UNIT ( * ) SI_UNIT ( .MILLI., .METRE. ) );
#973 = PRESENTATION_LAYER_ASSIGNMENT (  '', '', ( #2114 ) ) ;
#974 = EDGE_CURVE ( 'NONE', #2873, #3023, #2670, .T. ) ;
#975 =( NAMED_UNIT ( * ) SI_UNIT ( $, .STERADIAN. ) SOLID_ANGLE_UNIT ( ) );
#976 = VECTOR ( 'NONE', #2390, 1000.000000000000000 ) ;
#977 = CARTESIAN_POINT ( 'NONE',  ( 3.335000000000003517, 0.5310000000000000275, -1.774999999999999467 ) ) ;
#978 = VECTOR ( 'NONE', #2875, 1000.000000000000000 ) ;
#979 = DIRECTION ( 'NONE',  ( 0.000000000000000000, 0.000000000000000000, -1.000000000000000000 ) ) ;
#980 = PRESENTATION_LAYER_ASSIGNMENT (  '', '', ( #2862 ) ) ;
#981 = VERTEX_POINT ( 'NONE', #2389 ) ;
#982 = EDGE_CURVE ( 'NONE', #2357, #1275, #1903, .T. ) ;
#983 = EDGE_LOOP ( 'NONE', ( #3037, #234, #2503, #5 ) ) ;
#984 = VERTEX_POINT ( 'NONE', #2876 ) ;
#985 = LINE ( 'NONE', #2885, #2002 ) ;
#986 = FACE_OUTER_BOUND ( 'NONE', #307, .T. ) ;
#987 = VERTEX_POINT ( 'NONE', #2608 ) ;
#988 = CARTESIAN_POINT ( 'NONE',  ( -4.908720300600997177, 1.084202172485504434E-16, 2.677500000000000213 ) ) ;
#989 = DIRECTION ( 'NONE',  ( 1.000000000000000000, 0.000000000000000000, -0.000000000000000000 ) ) ;
#990 = CARTESIAN_POINT ( 'NONE',  ( -0.2549999999999991718, 0.5310000000000000275, 2.219999999999998863 ) ) ;
#991 = MANIFOLD_SOLID_BREP ( 'Chamfer1', #2805 ) ;
#992 = PLANE ( 'NONE',  #17 ) ;
#993 = DIRECTION ( 'NONE',  ( 0.000000000000000000, 0.000000000000000000, 1.000000000000000000 ) ) ;
#994 = EDGE_CURVE ( 'NONE', #1216, #2472, #761, .T. ) ;
#995 = CARTESIAN_POINT ( 'NONE',  ( -2.594999999999999751, 0.000000000000000000, -0.4750000000000001443 ) ) ;
#996 = LINE ( 'NONE', #2815, #924 ) ;
#997 = EDGE_LOOP ( 'NONE', ( #999, #1331, #2759, #2960 ) ) ;
#998 = VERTEX_POINT ( 'NONE', #1918 ) ;
#999 = ORIENTED_EDGE ( 'NONE', *, *, #2241, .F. ) ;
#1000 = DIRECTION ( 'NONE',  ( 1.512469141050656879E-15, 1.000000000000000000, 0.000000000000000000 ) ) ;
#1001 = ORIENTED_EDGE ( 'NONE', *, *, #1728, .F. ) ;
#1002 = DIRECTION ( 'NONE',  ( 0.000000000000000000, -1.000000000000000000, -0.000000000000000000 ) ) ;
#1003 = SURFACE_STYLE_USAGE ( .BOTH. , #2889 ) ;
#1004 = PLANE ( 'NONE',  #1015 ) ;
#1005 = FACE_OUTER_BOUND ( 'NONE', #2159, .T. ) ;
#1006 = DIRECTION ( 'NONE',  ( 0.000000000000000000, 0.000000000000000000, 1.000000000000000000 ) ) ;
#1007 = FACE_OUTER_BOUND ( 'NONE', #1486, .T. ) ;
#1008 = EDGE_LOOP ( 'NONE', ( #530, #384, #2289, #1974, #1685, #2971, #1302, #2086, #495, #1938 ) ) ;
#1009 = ORIENTED_EDGE ( 'NONE', *, *, #1823, .F. ) ;
#1010 = ORIENTED_EDGE ( 'NONE', *, *, #236, .F. ) ;
#1011 = CARTESIAN_POINT ( 'NONE',  ( -2.594999999999999751, 1.100000000000000089, -1.811000000000000831 ) ) ;
#1012 =( LENGTH_UNIT ( ) NAMED_UNIT ( * ) SI_UNIT ( .MILLI., .METRE. ) );
#1013 = ORIENTED_EDGE ( 'NONE', *, *, #207, .T. ) ;
#1014 = CARTESIAN_POINT ( 'NONE',  ( 4.955000000000000071, 0.5310000000000000275, 2.665000000000000480 ) ) ;
#1015 = AXIS2_PLACEMENT_3D ( 'NONE', #1947, #1433, #778 ) ;
#1016 = ORIENTED_EDGE ( 'NONE', *, *, #2406, .F. ) ;
#1017 = EDGE_CURVE ( 'NONE', #302, #2954, #250, .T. ) ;
#1018 = VECTOR ( 'NONE', #2090, 1000.000000000000000 ) ;
#1019 = ORIENTED_EDGE ( 'NONE', *, *, #1194, .T. ) ;
#1020 = FILL_AREA_STYLE_COLOUR ( '', #275 ) ;
#1021 = CARTESIAN_POINT ( 'NONE',  ( 3.335000000000003517, 0.5310000000000000275, -1.774999999999999467 ) ) ;
#1022 = VECTOR ( 'NONE', #1338, 1000.000000000000000 ) ;
#1023 = VECTOR ( 'NONE', #651, 1000.000000000000000 ) ;
#1024 = DIRECTION ( 'NONE',  ( -0.9961946980917461003, -0.08715574274765169882, 0.000000000000000000 ) ) ;
#1025 = PRESENTATION_STYLE_ASSIGNMENT (( #1711 ) ) ;
#1026 = ORIENTED_EDGE ( 'NONE', *, *, #461, .T. ) ;
#1027 = VECTOR ( 'NONE', #989, 1000.000000000000000 ) ;
#1028 = EDGE_LOOP ( 'NONE', ( #1885, #2456, #48, #570 ) ) ;
#1029 = UNCERTAINTY_MEASURE_WITH_UNIT (LENGTH_MEASURE( 1.000000000000000082E-05 ), #2187, 'distance_accuracy_value', 'NONE');
#1030 = EDGE_CURVE ( 'NONE', #771, #1591, #298, .T. ) ;
#1031 = PLANE ( 'NONE',  #1761 ) ;
#1032 = FACE_OUTER_BOUND ( 'NONE', #3034, .T. ) ;
#1033 = VERTEX_POINT ( 'NONE', #18 ) ;
#1034 = CARTESIAN_POINT ( 'NONE',  ( 3.335000000000003961, 0.5310000000000000275, -0.5999999999999999778 ) ) ;
#1035 = ORIENTED_EDGE ( 'NONE', *, *, #453, .T. ) ;
#1036 = LINE ( 'NONE', #1982, #1660 ) ;
#1037 = CARTESIAN_POINT ( 'NONE',  ( -3.264999999999999236, 1.630999999999999783, -2.761000000000001009 ) ) ;
#1038 = CYLINDRICAL_SURFACE ( 'NONE', #527, 0.09999999999999939493 ) ;
#1039 = ADVANCED_FACE ( 'NONE', ( #52 ), #1004, .F. ) ;
#1040 = DIRECTION ( 'NONE',  ( 1.000000000000000000, -0.000000000000000000, 0.000000000000000000 ) ) ;
#1041 = CARTESIAN_POINT ( 'NONE',  ( 3.335000000000003517, 0.000000000000000000, -2.219999999999999307 ) ) ;
#1042 = ORIENTED_EDGE ( 'NONE', *, *, #1046, .F. ) ;
#1043 = ORIENTED_EDGE ( 'NONE', *, *, #2253, .T. ) ;
#1044 = CARTESIAN_POINT ( 'NONE',  ( 0.000000000000000000, 0.5310000000000000275, 0.000000000000000000 ) ) ;
#1045 = FACE_OUTER_BOUND ( 'NONE', #435, .T. ) ;
#1046 = EDGE_CURVE ( 'NONE', #1808, #3006, #1725, .T. ) ;
#1047 = ORIENTED_EDGE ( 'NONE', *, *, #504, .T. ) ;
#1048 = LINE ( 'NONE', #803, #2060 ) ;
#1049 = EDGE_LOOP ( 'NONE', ( #1193, #64, #2225, #2808 ) ) ;
#1050 = DIRECTION ( 'NONE',  ( 1.000000000000000000, 0.000000000000000000, 0.000000000000000000 ) ) ;
#1051 = SURFACE_STYLE_USAGE ( .BOTH. , #2030 ) ;
#1052 = DIRECTION ( 'NONE',  ( -1.000000000000000000, 0.000000000000000000, 0.000000000000000000 ) ) ;
#1053 = CARTESIAN_POINT ( 'NONE',  ( -3.364999999999999769, 1.000000000000000000, 2.677500000000000213 ) ) ;
#1054 = EDGE_CURVE ( 'NONE', #1502, #2344, #968, .T. ) ;
#1055 = DIRECTION ( 'NONE',  ( 0.000000000000000000, 0.000000000000000000, -1.000000000000000000 ) ) ;
#1056 = DIRECTION ( 'NONE',  ( 0.000000000000000000, 1.000000000000000000, -0.000000000000000000 ) ) ;
#1057 = EDGE_LOOP ( 'NONE', ( #2838, #1826, #947, #1821 ) ) ;
#1058 = ADVANCED_FACE ( 'NONE', ( #1460 ), #992, .F. ) ;
#1059 = ORIENTED_EDGE ( 'NONE', *, *, #1459, .T. ) ;
#1060 = UNCERTAINTY_MEASURE_WITH_UNIT (LENGTH_MEASURE( 1.000000000000000082E-05 ), #2912, 'distance_accuracy_value', 'NONE');
#1061 = DIRECTION ( 'NONE',  ( 0.000000000000000000, -1.000000000000000000, 0.000000000000000000 ) ) ;
#1062 = LINE ( 'NONE', #2736, #1178 ) ;
#1063 = AXIS2_PLACEMENT_3D ( 'NONE', #648, #2525, #2784 ) ;
#1064 = ORIENTED_EDGE ( 'NONE', *, *, #2581, .T. ) ;
#1065 = PLANE ( 'NONE',  #277 ) ;
#1066 = VERTEX_POINT ( 'NONE', #323 ) ;
#1067 =( NAMED_UNIT ( * ) SI_UNIT ( $, .STERADIAN. ) SOLID_ANGLE_UNIT ( ) );
#1068 = VECTOR ( 'NONE', #1463, 1000.000000000000000 ) ;
#1069 = LINE ( 'NONE', #2976, #1872 ) ;
#1070 = CARTESIAN_POINT ( 'NONE',  ( -3.264999999999999680, 1.630999999999999783, 0.3915000000000001257 ) ) ;
#1071 = CARTESIAN_POINT ( 'NONE',  ( 3.605000000000001759, 0.5310000000000000275, -0.5999999999999999778 ) ) ;
#1072 = ADVANCED_FACE ( 'NONE', ( #1741 ), #557, .F. ) ;
#1073 = VECTOR ( 'NONE', #2634, 1000.000000000000000 ) ;
#1074 = ORIENTED_EDGE ( 'NONE', *, *, #1706, .T. ) ;
#1075 = CARTESIAN_POINT ( 'NONE',  ( -2.594999999999999751, 1.099999999999999867, 0.4749999999999997558 ) ) ;
#1076 = AXIS2_PLACEMENT_3D ( 'NONE', #2986, #880, #2782 ) ;
#1077 = DIRECTION ( 'NONE',  ( 1.000000000000000000, 0.000000000000000000, 0.000000000000000000 ) ) ;
#1078 = DIRECTION ( 'NONE',  ( 0.000000000000000000, 0.000000000000000000, 1.000000000000000000 ) ) ;
#1079 = MECHANICAL_DESIGN_GEOMETRIC_PRESENTATION_REPRESENTATION (  '', ( #1783 ), #1726 ) ;
#1080 = VERTEX_POINT ( 'NONE', #1037 ) ;
#1081 = EDGE_CURVE ( 'NONE', #706, #1565, #2683, .T. ) ;
#1082 = DIRECTION ( 'NONE',  ( -1.000000000000000000, -2.306813132947879068E-16, 0.000000000000000000 ) ) ;
#1083 = VECTOR ( 'NONE', #2131, 1000.000000000000000 ) ;
#1084 = FACE_OUTER_BOUND ( 'NONE', #1732, .T. ) ;
#1085 = ORIENTED_EDGE ( 'NONE', *, *, #1796, .T. ) ;
#1086 = LINE ( 'NONE', #864, #1760 ) ;
#1087 = DIRECTION ( 'NONE',  ( -0.000000000000000000, -0.000000000000000000, -1.000000000000000000 ) ) ;
#1088 = EDGE_LOOP ( 'NONE', ( #810, #2392, #2251, #1397 ) ) ;
#1089 = PLANE ( 'NONE',  #1717 ) ;
#1090 = DIRECTION ( 'NONE',  ( 0.000000000000000000, -0.000000000000000000, -1.000000000000000000 ) ) ;
#1091 = CYLINDRICAL_SURFACE ( 'NONE', #69, 0.2699999999999979083 ) ;
#1092 = LINE ( 'NONE', #871, #1022 ) ;
#1093 = ORIENTED_EDGE ( 'NONE', *, *, #1597, .F. ) ;
#1094 = PRODUCT_DEFINITION_CONTEXT ( 'detailed design', #1420, 'design' ) ;
#1095 = LINE ( 'NONE', #351, #2966 ) ;
#1096 = DIRECTION ( 'NONE',  ( 0.000000000000000000, 1.000000000000000000, -0.000000000000000000 ) ) ;
#1097 = ORIENTED_EDGE ( 'NONE', *, *, #1923, .T. ) ;
#1098 = DIRECTION ( 'NONE',  ( 0.000000000000000000, -0.000000000000000000, -1.000000000000000000 ) ) ;
#1099 = DIRECTION ( 'NONE',  ( -0.08715574274765142126, 0.9961946980917461003, 0.000000000000000000 ) ) ;
#1100 = DIRECTION ( 'NONE',  ( -0.000000000000000000, 1.000000000000000000, 0.000000000000000000 ) ) ;
#1101 = ORIENTED_EDGE ( 'NONE', *, *, #1905, .F. ) ;
#1102 = CARTESIAN_POINT ( 'NONE',  ( 3.605000000000001759, 0.5310000000000000275, 0.5999999999999999778 ) ) ;
#1103 = CARTESIAN_POINT ( 'NONE',  ( -2.594999999999999751, 1.099999999999999867, 2.761000000000000121 ) ) ;
#1104 = ADVANCED_FACE ( 'NONE', ( #1567 ), #806, .T. ) ;
#1105 = ORIENTED_EDGE ( 'NONE', *, *, #2814, .F. ) ;
#1106 = ADVANCED_FACE ( 'NONE', ( #823 ), #1524, .T. ) ;
#1107 = DIRECTION ( 'NONE',  ( 1.000000000000000000, 0.000000000000000000, -0.000000000000000000 ) ) ;
#1108 = CARTESIAN_POINT ( 'NONE',  ( -2.324999999999998845, 1.100000000000000089, -1.894500000000000073 ) ) ;
#1109 = ORIENTED_EDGE ( 'NONE', *, *, #2844, .T. ) ;
#1110 = FACE_OUTER_BOUND ( 'NONE', #1869, .T. ) ;
#1111 = FILL_AREA_STYLE ('',( #607 ) ) ;
#1112 = ORIENTED_EDGE ( 'NONE', *, *, #2844, .F. ) ;
#1113 = DIRECTION ( 'NONE',  ( -0.1218693434051481284, -0.9925461516413218721, 0.000000000000000000 ) ) ;
#1114 = AXIS2_PLACEMENT_3D ( 'NONE', #1154, #2552, #1374 ) ;
#1115 = DIRECTION ( 'NONE',  ( 0.000000000000000000, 0.000000000000000000, 1.000000000000000000 ) ) ;
#1116 = EDGE_CURVE ( 'NONE', #1451, #2589, #2714, .T. ) ;
#1117 = AXIS2_PLACEMENT_3D ( 'NONE', #1102, #1571, #1269 ) ;
#1118 = VERTEX_POINT ( 'NONE', #1983 ) ;
#1119 = FACE_OUTER_BOUND ( 'NONE', #1517, .T. ) ;
#1120 = LINE ( 'NONE', #1864, #281 ) ;
#1121 = AXIS2_PLACEMENT_3D ( 'NONE', #353, #569, #2492 ) ;
#1122 = ORIENTED_EDGE ( 'NONE', *, *, #3, .T. ) ;
#1123 = VECTOR ( 'NONE', #626, 1000.000000000000000 ) ;
#1124 = EDGE_CURVE ( 'NONE', #362, #1952, #371, .T. ) ;
#1125 = FACE_OUTER_BOUND ( 'NONE', #2454, .T. ) ;
#1126 = ORIENTED_EDGE ( 'NONE', *, *, #2878, .T. ) ;
#1127 = DIRECTION ( 'NONE',  ( -0.000000000000000000, 1.000000000000000000, -0.000000000000000000 ) ) ;
#1128 = DIRECTION ( 'NONE',  ( 0.000000000000000000, 0.000000000000000000, 1.000000000000000000 ) ) ;
#1129 = VERTEX_POINT ( 'NONE', #2032 ) ;
#1130 = DIRECTION ( 'NONE',  ( -1.000000000000000000, 0.000000000000000000, 0.000000000000000000 ) ) ;
#1131 = COLOUR_RGB ( '',0.7921568627450980005, 0.8196078431372548767, 0.9333333333333333481 ) ;
#1132 = PLANE ( 'NONE',  #1219 ) ;
#1133 = ORIENTED_EDGE ( 'NONE', *, *, #478, .F. ) ;
#1134 = SURFACE_STYLE_USAGE ( .BOTH. , #191 ) ;
#1135 = EDGE_CURVE ( 'NONE', #981, #2161, #619, .T. ) ;
#1136 = CARTESIAN_POINT ( 'NONE',  ( -3.264999999999999680, 1.630999999999999783, -1.811000000000000609 ) ) ;
#1137 = ORIENTED_EDGE ( 'NONE', *, *, #1204, .F. ) ;
#1138 = CARTESIAN_POINT ( 'NONE',  ( 3.875000000000001332, 0.000000000000000000, -2.664999999999999591 ) ) ;
#1139 = LINE ( 'NONE', #2550, #2952 ) ;
#1140 = ORIENTED_EDGE ( 'NONE', *, *, #556, .F. ) ;
#1141 = CARTESIAN_POINT ( 'NONE',  ( -2.594999999999999751, 1.100000000000000089, 0.4749999999999997558 ) ) ;
#1142 = PLANE ( 'NONE',  #2515 ) ;
#1143 = ADVANCED_FACE ( 'NONE', ( #357 ), #1089, .F. ) ;
#1144 = EDGE_CURVE ( 'NONE', #1275, #267, #1997, .T. ) ;
#1145 = DIRECTION ( 'NONE',  ( -0.000000000000000000, -1.000000000000000000, -0.000000000000000000 ) ) ;
#1146 = CARTESIAN_POINT ( 'NONE',  ( -3.265000000000000124, 1.000000000000000000, 1.894500000000000295 ) ) ;
#1147 = VERTEX_POINT ( 'NONE', #2943 ) ;
#1148 = DIRECTION ( 'NONE',  ( 8.167248003657282516E-16, 1.000000000000000000, 0.000000000000000000 ) ) ;
#1149 = VERTEX_POINT ( 'NONE', #1297 ) ;
#1150 = ADVANCED_FACE ( 'NONE', ( #1775 ), #2247, .F. ) ;
#1151 = CARTESIAN_POINT ( 'NONE',  ( -3.365000000000000213, 0.7132629967624057876, -2.677500000000000213 ) ) ;
#1152 = DIRECTION ( 'NONE',  ( 1.000000000000000000, -0.000000000000000000, 0.000000000000000000 ) ) ;
#1153 = ORIENTED_EDGE ( 'NONE', *, *, #1493, .T. ) ;
#1154 = CARTESIAN_POINT ( 'NONE',  ( -2.594999999999999751, 1.099999999999999867, 2.761000000000000121 ) ) ;
#1155 = CARTESIAN_POINT ( 'NONE',  ( -3.265000000000000124, 1.000000000000000000, 1.894500000000000295 ) ) ;
#1156 = ORIENTED_EDGE ( 'NONE', *, *, #2640, .F. ) ;
#1157 = LINE ( 'NONE', #169, #230 ) ;
#1158 = CARTESIAN_POINT ( 'NONE',  ( 3.875000000000000000, 0.5310000000000000275, -0.5999999999999999778 ) ) ;
#1159 = CARTESIAN_POINT ( 'NONE',  ( 4.955000000000000071, 0.000000000000000000, -2.665000000000000480 ) ) ;
#1160 = FACE_OUTER_BOUND ( 'NONE', #487, .T. ) ;
#1161 = SURFACE_STYLE_USAGE ( .BOTH. , #1662 ) ;
#1162 = EDGE_CURVE ( 'NONE', #2816, #334, #3007, .T. ) ;
#1163 = VECTOR ( 'NONE', #491, 1000.000000000000000 ) ;
#1164 = ORIENTED_EDGE ( 'NONE', *, *, #1196, .T. ) ;
#1165 = CARTESIAN_POINT ( 'NONE',  ( -2.594999999999999751, 1.099999999999999867, 0.4749999999999997558 ) ) ;
#1166 = VECTOR ( 'NONE', #2085, 1000.000000000000114 ) ;
#1167 = EDGE_CURVE ( 'NONE', #267, #1363, #2043, .T. ) ;
#1168 = VECTOR ( 'NONE', #2531, 1000.000000000000000 ) ;
#1169 = ORIENTED_EDGE ( 'NONE', *, *, #2827, .T. ) ;
#1170 = CARTESIAN_POINT ( 'NONE',  ( 3.875000000000001332, 0.5310000000000000275, 0.000000000000000000 ) ) ;
#1171 = PLANE ( 'NONE',  #2172 ) ;
#1172 = VECTOR ( 'NONE', #1970, 1000.000000000000114 ) ;
#1173 = VERTEX_POINT ( 'NONE', #1630 ) ;
#1174 = CARTESIAN_POINT ( 'NONE',  ( -3.987284425725235337, 0.6136435269532319881, -1.894500000000000073 ) ) ;
#1175 = CARTESIAN_POINT ( 'NONE',  ( 3.605000000000001759, 0.5310000000000000275, -0.5999999999999999778 ) ) ;
#1176 = ORIENTED_EDGE ( 'NONE', *, *, #2849, .F. ) ;
#1177 = AXIS2_PLACEMENT_3D ( 'NONE', #2328, #1858, #1357 ) ;
#1178 = VECTOR ( 'NONE', #835, 1000.000000000000000 ) ;
#1179 = ORIENTED_EDGE ( 'NONE', *, *, #2624, .F. ) ;
#1180 =( NAMED_UNIT ( * ) PLANE_ANGLE_UNIT ( ) SI_UNIT ( $, .RADIAN. ) );
#1181 = EDGE_CURVE ( 'NONE', #3023, #2816, #443, .T. ) ;
#1182 = ORIENTED_EDGE ( 'NONE', *, *, #1321, .F. ) ;
#1183 = DIRECTION ( 'NONE',  ( 0.000000000000000000, 0.000000000000000000, 1.000000000000000000 ) ) ;
#1184 = VERTEX_POINT ( 'NONE', #215 ) ;
#1185 = LINE ( 'NONE', #2194, #2700 ) ;
#1186 = LINE ( 'NONE', #663, #85 ) ;
#1187 = ORIENTED_EDGE ( 'NONE', *, *, #2501, .F. ) ;
#1188 = PLANE ( 'NONE',  #1213 ) ;
#1189 = DIRECTION ( 'NONE',  ( -1.000000000000000000, 0.000000000000000000, -0.000000000000000000 ) ) ;
#1190 = DIRECTION ( 'NONE',  ( -1.000000000000000000, -1.030937089526628706E-15, 0.000000000000000000 ) ) ;
#1191 = LINE ( 'NONE', #2625, #976 ) ;
#1192 = DIRECTION ( 'NONE',  ( 1.000000000000000000, 0.000000000000000000, -0.000000000000000000 ) ) ;
#1193 = ORIENTED_EDGE ( 'NONE', *, *, #2857, .T. ) ;
#1194 = EDGE_CURVE ( 'NONE', #1565, #114, #76, .T. ) ;
#1195 = EDGE_LOOP ( 'NONE', ( #1105, #2339, #470, #2394, #2265, #1813, #2898, #3065 ) ) ;
#1196 = EDGE_CURVE ( 'NONE', #1173, #753, #1332, .T. ) ;
#1197 = CARTESIAN_POINT ( 'NONE',  ( 3.335000000000003517, 0.5310000000000000275, 0.000000000000000000 ) ) ;
#1198 = CARTESIAN_POINT ( 'NONE',  ( -2.324999999999998845, 1.100000000000000089, 0.3915000000000001257 ) ) ;
#1199 = EDGE_LOOP ( 'NONE', ( #3069, #119, #1386, #2489 ) ) ;
#1200 = DIRECTION ( 'NONE',  ( 0.000000000000000000, -1.000000000000000000, -0.000000000000000000 ) ) ;
#1201 = FACE_OUTER_BOUND ( 'NONE', #983, .T. ) ;
#1202 = DIRECTION ( 'NONE',  ( -0.000000000000000000, -1.000000000000000000, 0.000000000000000000 ) ) ;
#1203 = CARTESIAN_POINT ( 'NONE',  ( 3.875000000000001332, -2.138987199428097967E-16, 3.289999999999997815 ) ) ;
#1204 = EDGE_CURVE ( 'NONE', #3030, #24, #1157, .T. ) ;
#1205 = VECTOR ( 'NONE', #2712, 1000.000000000000114 ) ;
#1206 = CARTESIAN_POINT ( 'NONE',  ( 3.605000000000001759, 0.5310000000000000275, -0.5999999999999999778 ) ) ;
#1207 = VECTOR ( 'NONE', #100, 1000.000000000000000 ) ;
#1208 = VERTEX_POINT ( 'NONE', #2103 ) ;
#1209 = AXIS2_PLACEMENT_3D ( 'NONE', #141, #574, #1314 ) ;
#1210 = ORIENTED_EDGE ( 'NONE', *, *, #54, .F. ) ;
#1211 = ORIENTED_EDGE ( 'NONE', *, *, #2606, .T. ) ;
#1212 = LINE ( 'NONE', #2164, #268 ) ;
#1213 = AXIS2_PLACEMENT_3D ( 'NONE', #471, #247, #2136 ) ;
#1214 = PLANE ( 'NONE',  #1917 ) ;
#1215 = VECTOR ( 'NONE', #949, 1000.000000000000000 ) ;
#1216 = VERTEX_POINT ( 'NONE', #2557 ) ;
#1217 = PLANE ( 'NONE',  #2654 ) ;
#1218 = FACE_OUTER_BOUND ( 'NONE', #1227, .T. ) ;
#1219 = AXIS2_PLACEMENT_3D ( 'NONE', #1146, #428, #684 ) ;
#1220 = DIRECTION ( 'NONE',  ( 0.000000000000000000, -0.9961946980917458783, -0.08715574274765512663 ) ) ;
#1221 = AXIS2_PLACEMENT_3D ( 'NONE', #280, #2378, #1680 ) ;
#1222 = DIRECTION ( 'NONE',  ( -1.000000000000000000, -2.306813132947879068E-16, 0.000000000000000000 ) ) ;
#1223 = AXIS2_PLACEMENT_3D ( 'NONE', #2482, #1296, #356 ) ;
#1224 = ADVANCED_FACE ( 'NONE', ( #2057 ), #3054, .F. ) ;
#1225 = PLANE ( 'NONE',  #2549 ) ;
#1226 = VECTOR ( 'NONE', #1735, 1000.000000000000000 ) ;
#1227 = EDGE_LOOP ( 'NONE', ( #2141, #2398, #2365, #970, #164, #697, #2295, #1035, #2902, #1537, #473, #1109 ) ) ;
#1228 = APPLICATION_PROTOCOL_DEFINITION ( 'draft international standard', 'automotive_design', 1998, #1420 ) ;
#1229 = ORIENTED_EDGE ( 'NONE', *, *, #577, .F. ) ;
#1230 = VERTEX_POINT ( 'NONE', #388 ) ;
#1231 = PLANE ( 'NONE',  #2600 ) ;
#1232 = DIRECTION ( 'NONE',  ( 1.000000000000000000, 0.000000000000000000, -0.000000000000000000 ) ) ;
#1233 = ORIENTED_EDGE ( 'NONE', *, *, #303, .F. ) ;
#1234 = CARTESIAN_POINT ( 'NONE',  ( 3.335000000000003517, 0.5310000000000000275, -2.219999999999999307 ) ) ;
#1235 = CARTESIAN_POINT ( 'NONE',  ( -3.265000000000000124, 1.100000000000000089, 0.3915000000000001257 ) ) ;
#1236 = ADVANCED_FACE ( 'NONE', ( #427 ), #683, .F. ) ;
#1237 = PLANE ( 'NONE',  #1870 ) ;
#1238 = LINE ( 'NONE', #1447, #965 ) ;
#1239 = FACE_OUTER_BOUND ( 'NONE', #226, .T. ) ;
#1240 = ORIENTED_EDGE ( 'NONE', *, *, #2511, .F. ) ;
#1241 = VERTEX_POINT ( 'NONE', #2512 ) ;
#1242 = UNCERTAINTY_MEASURE_WITH_UNIT (LENGTH_MEASURE( 1.000000000000000082E-05 ), #1831, 'distance_accuracy_value', 'NONE');
#1243 = EDGE_CURVE ( 'NONE', #984, #547, #154, .T. ) ;
#1244 = CARTESIAN_POINT ( 'NONE',  ( -3.265000000000000124, 1.099999999999999867, -1.894500000000000073 ) ) ;
#1245 = CARTESIAN_POINT ( 'NONE',  ( 0.000000000000000000, 0.000000000000000000, 1.774999999999999467 ) ) ;
#1246 = ORIENTED_EDGE ( 'NONE', *, *, #2697, .T. ) ;
#1247 = FACE_OUTER_BOUND ( 'NONE', #2859, .T. ) ;
#1248 = FACE_OUTER_BOUND ( 'NONE', #2496, .T. ) ;
#1249 = DIRECTION ( 'NONE',  ( 0.1218693434051413144, -0.9925461516413227603, 0.000000000000000000 ) ) ;
#1250 =( NAMED_UNIT ( * ) PLANE_ANGLE_UNIT ( ) SI_UNIT ( $, .RADIAN. ) );
#1251 = CARTESIAN_POINT ( 'NONE',  ( -3.265000000000000124, 1.000000000000000000, -1.894500000000000073 ) ) ;
#1252 = CYLINDRICAL_SURFACE ( 'NONE', #3044, 0.6309999999999995612 ) ;
#1253 = ORIENTED_EDGE ( 'NONE', *, *, #365, .T. ) ;
#1254 = VECTOR ( 'NONE', #165, 1000.000000000000000 ) ;
#1255 = ORIENTED_EDGE ( 'NONE', *, *, #1763, .F. ) ;
#1256 = LINE ( 'NONE', #813, #2847 ) ;
#1257 = FACE_OUTER_BOUND ( 'NONE', #1833, .T. ) ;
#1258 = VECTOR ( 'NONE', #1024, 1000.000000000000114 ) ;
#1259 = EDGE_CURVE ( 'NONE', #595, #362, #1877, .T. ) ;
#1260 = ORIENTED_EDGE ( 'NONE', *, *, #2767, .T. ) ;
#1261 = LINE ( 'NONE', #1293, #3001 ) ;
#1262 = EDGE_LOOP ( 'NONE', ( #1671, #450, #1746, #1989 ) ) ;
#1263 = CARTESIAN_POINT ( 'NONE',  ( -3.264999999999999680, 1.630999999999999783, -0.3914999999999999036 ) ) ;
#1264 = AXIS2_PLACEMENT_3D ( 'NONE', #2463, #2259, #552 ) ;
#1265 = DIRECTION ( 'NONE',  ( -1.000000000000000000, 0.000000000000000000, -0.000000000000000000 ) ) ;
#1266 = DIRECTION ( 'NONE',  ( -0.08715574274765174045, 0.9961946980917461003, 0.000000000000000000 ) ) ;
#1267 = MECHANICAL_DESIGN_GEOMETRIC_PRESENTATION_REPRESENTATION (  '', ( #2114 ), #831 ) ;
#1268 = AXIS2_PLACEMENT_3D ( 'NONE', #310, #1693, #2435 ) ;
#1269 = DIRECTION ( 'NONE',  ( 0.000000000000000000, 0.000000000000000000, -1.000000000000000000 ) ) ;
#1270 = CARTESIAN_POINT ( 'NONE',  ( 3.335000000000003517, 0.5310000000000000275, -1.774999999999999467 ) ) ;
#1271 = VERTEX_POINT ( 'NONE', #2575 ) ;
#1272 = MECHANICAL_DESIGN_GEOMETRIC_PRESENTATION_REPRESENTATION (  '', ( #1531 ), #587 ) ;
#1273 = ADVANCED_FACE ( 'NONE', ( #2541 ), #1818, .F. ) ;
#1274 = VECTOR ( 'NONE', #134, 1000.000000000000000 ) ;
#1275 = VERTEX_POINT ( 'NONE', #1359 ) ;
#1276 = UNCERTAINTY_MEASURE_WITH_UNIT (LENGTH_MEASURE( 1.000000000000000082E-05 ), #58, 'distance_accuracy_value', 'NONE');
#1277 = DIRECTION ( 'NONE',  ( -0.000000000000000000, 0.000000000000000000, 1.000000000000000000 ) ) ;
#1278 = CARTESIAN_POINT ( 'NONE',  ( -2.594999999999999751, 1.630999999999999783, 2.677500000000000657 ) ) ;
#1279 = ORIENTED_EDGE ( 'NONE', *, *, #63, .F. ) ;
#1280 = CARTESIAN_POINT ( 'NONE',  ( 3.875000000000000888, 0.000000000000000000, -3.290000000000000036 ) ) ;
#1281 = EDGE_LOOP ( 'NONE', ( #912, #204, #255, #105, #1097, #1655 ) ) ;
#1282 = CARTESIAN_POINT ( 'NONE',  ( 3.335000000000003961, 0.5310000000000000275, 1.774999999999999467 ) ) ;
#1283 = DIRECTION ( 'NONE',  ( 0.000000000000000000, 0.000000000000000000, 1.000000000000000000 ) ) ;
#1284 = EDGE_CURVE ( 'NONE', #334, #2076, #665, .T. ) ;
#1285 = LINE ( 'NONE', #2034, #869 ) ;
#1286 = DIRECTION ( 'NONE',  ( -1.000000000000000000, 0.000000000000000000, -0.000000000000000000 ) ) ;
#1287 = EDGE_LOOP ( 'NONE', ( #2191, #2605, #1422, #1153, #2326, #181, #394, #783, #2540, #1441 ) ) ;
#1288 = VERTEX_POINT ( 'NONE', #2311 ) ;
#1289 = LINE ( 'NONE', #2475, #770 ) ;
#1290 = LINE ( 'NONE', #364, #1631 ) ;
#1291 = EDGE_LOOP ( 'NONE', ( #2770, #285, #2410, #2951 ) ) ;
#1292 = EDGE_CURVE ( 'NONE', #1849, #981, #1847, .T. ) ;
#1293 = CARTESIAN_POINT ( 'NONE',  ( 0.000000000000000000, 0.5310000000000000275, 1.774999999999999467 ) ) ;
#1294 = VERTEX_POINT ( 'NONE', #3035 ) ;
#1295 = LINE ( 'NONE', #554, #510 ) ;
#1296 = DIRECTION ( 'NONE',  ( -1.000000000000000000, 0.000000000000000000, 0.000000000000000000 ) ) ;
#1297 = CARTESIAN_POINT ( 'NONE',  ( -2.594999999999999751, 1.630999999999999783, -1.894500000000000073 ) ) ;
#1298 = LINE ( 'NONE', #2716, #2065 ) ;
#1299 = PLANE ( 'NONE',  #2998 ) ;
#1300 = EDGE_CURVE ( 'NONE', #117, #2831, #2760, .T. ) ;
#1301 = CARTESIAN_POINT ( 'NONE',  ( -3.365000000000000213, 1.000000000000000000, -1.894500000000000073 ) ) ;
#1302 = ORIENTED_EDGE ( 'NONE', *, *, #2890, .F. ) ;
#1303 = ORIENTED_EDGE ( 'NONE', *, *, #327, .T. ) ;
#1304 = DIRECTION ( 'NONE',  ( -0.000000000000000000, -0.000000000000000000, -1.000000000000000000 ) ) ;
#1305 = VECTOR ( 'NONE', #2355, 1000.000000000000000 ) ;
#1306 = CARTESIAN_POINT ( 'NONE',  ( -4.908720300600997177, 1.084202172485504434E-16, -2.677500000000000657 ) ) ;
#1307 = ORIENTED_EDGE ( 'NONE', *, *, #1975, .T. ) ;
#1308 = CARTESIAN_POINT ( 'NONE',  ( -3.995999999999999552, 0.7132629967624067868, -1.894500000000000073 ) ) ;
#1309 =( NAMED_UNIT ( * ) SI_UNIT ( $, .STERADIAN. ) SOLID_ANGLE_UNIT ( ) );
#1310 = EDGE_CURVE ( 'NONE', #2418, #2472, #1584, .T. ) ;
#1311 = AXIS2_PLACEMENT_3D ( 'NONE', #936, #1636, #1148 ) ;
#1312 = VERTEX_POINT ( 'NONE', #2077 ) ;
#1313 = VECTOR ( 'NONE', #795, 1000.000000000000000 ) ;
#1314 = DIRECTION ( 'NONE',  ( 0.9961946980917461003, 0.08715574274765171270, 0.000000000000000000 ) ) ;
#1315 = CARTESIAN_POINT ( 'NONE',  ( 3.875000000000000888, 0.000000000000000000, 3.290000000000000036 ) ) ;
#1316 =( GEOMETRIC_REPRESENTATION_CONTEXT ( 3 ) GLOBAL_UNCERTAINTY_ASSIGNED_CONTEXT ( ( #1060 ) ) GLOBAL_UNIT_ASSIGNED_CONTEXT ( ( #2912, #1250, #593 ) ) REPRESENTATION_CONTEXT ( 'NONE', 'WORKASPACE' ) );
#1317 = VECTOR ( 'NONE', #271, 1000.000000000000000 ) ;
#1318 = CARTESIAN_POINT ( 'NONE',  ( -2.166607916435251635, 2.389999999999999680, -3.080902094173040506 ) ) ;
#1319 = PRESENTATION_LAYER_ASSIGNMENT (  '', '', ( #1619 ) ) ;
#1320 = CARTESIAN_POINT ( 'NONE',  ( -3.264999999999999680, 1.630999999999999783, 2.677500000000000213 ) ) ;
#1321 = EDGE_CURVE ( 'NONE', #114, #844, #897, .T. ) ;
#1322 = AXIS2_PLACEMENT_3D ( 'NONE', #1251, #1435, #762 ) ;
#1323 = VECTOR ( 'NONE', #3067, 1000.000000000000114 ) ;
#1324 = VERTEX_POINT ( 'NONE', #2399 ) ;
#1325 = DIRECTION ( 'NONE',  ( 1.000000000000000000, -0.000000000000000000, 0.000000000000000000 ) ) ;
#1326 = AXIS2_PLACEMENT_3D ( 'NONE', #738, #1466, #532 ) ;
#1327 = CARTESIAN_POINT ( 'NONE',  ( 3.875000000000000888, 0.5310000000000079101, 0.5999999999999999778 ) ) ;
#1328 = ORIENTED_EDGE ( 'NONE', *, *, #1399, .F. ) ;
#1329 = DIRECTION ( 'NONE',  ( 0.000000000000000000, 0.000000000000000000, 1.000000000000000000 ) ) ;
#1330 = LINE ( 'NONE', #1583, #286 ) ;
#1331 = ORIENTED_EDGE ( 'NONE', *, *, #1542, .F. ) ;
#1332 = LINE ( 'NONE', #201, #2160 ) ;
#1333 = DIRECTION ( 'NONE',  ( -0.000000000000000000, 1.000000000000000000, 0.000000000000000000 ) ) ;
#1334 = EDGE_CURVE ( 'NONE', #2589, #1324, #2126, .T. ) ;
#1335 = ADVANCED_FACE ( 'NONE', ( #945 ), #956, .F. ) ;
#1336 = ORIENTED_EDGE ( 'NONE', *, *, #512, .T. ) ;
#1337 = CARTESIAN_POINT ( 'NONE',  ( 3.605000000000001759, 0.5310000000000000275, 0.5999999999999999778 ) ) ;
#1338 = DIRECTION ( 'NONE',  ( -0.000000000000000000, -1.000000000000000000, 0.000000000000000000 ) ) ;
#1339 = ORIENTED_EDGE ( 'NONE', *, *, #1081, .T. ) ;
#1340 = FACE_OUTER_BOUND ( 'NONE', #188, .T. ) ;
#1341 = DIRECTION ( 'NONE',  ( 0.000000000000000000, 0.000000000000000000, 1.000000000000000000 ) ) ;
#1342 = EDGE_CURVE ( 'NONE', #2132, #1502, #2846, .T. ) ;
#1343 = ORIENTED_EDGE ( 'NONE', *, *, #1292, .T. ) ;
#1344 = CARTESIAN_POINT ( 'NONE',  ( -3.365000000000000213, 0.7132629967624068978, 2.677500000000000213 ) ) ;
#1345 = DIRECTION ( 'NONE',  ( -1.000000000000000000, 0.000000000000000000, 0.000000000000000000 ) ) ;
#1346 = ORIENTED_EDGE ( 'NONE', *, *, #787, .F. ) ;
#1347 = DIRECTION ( 'NONE',  ( 0.000000000000000000, 0.000000000000000000, -1.000000000000000000 ) ) ;
#1348 = PLANE ( 'NONE',  #2267 ) ;
#1349 = ORIENTED_EDGE ( 'NONE', *, *, #645, .T. ) ;
#1350 = CARTESIAN_POINT ( 'NONE',  ( -0.2549999999999991718, 0.5310000000000000275, -2.219999999999998863 ) ) ;
#1351 = LINE ( 'NONE', #2593, #2956 ) ;
#1352 = ORIENTED_EDGE ( 'NONE', *, *, #1754, .F. ) ;
#1353 = LINE ( 'NONE', #920, #736 ) ;
#1354 = DIRECTION ( 'NONE',  ( -1.000000000000000000, 0.000000000000000000, 0.000000000000000000 ) ) ;
#1355 = ORIENTED_EDGE ( 'NONE', *, *, #1975, .F. ) ;
#1356 = LINE ( 'NONE', #942, #68 ) ;
#1357 = DIRECTION ( 'NONE',  ( -1.000000000000000000, -2.306813132947879068E-16, 0.000000000000000000 ) ) ;
#1358 = EDGE_CURVE ( 'NONE', #1733, #553, #2184, .T. ) ;
#1359 = CARTESIAN_POINT ( 'NONE',  ( -2.259801398160556474, 1.630999999999999783, 0.3915000000000001257 ) ) ;
#1360 = LINE ( 'NONE', #2105, #2958 ) ;
#1361 = ORIENTED_EDGE ( 'NONE', *, *, #3062, .F. ) ;
#1362 = VECTOR ( 'NONE', #2383, 1000.000000000000000 ) ;
#1363 = VERTEX_POINT ( 'NONE', #1889 ) ;
#1364 = PLANE ( 'NONE',  #822 ) ;
#1365 = LINE ( 'NONE', #3039, #583 ) ;
#1366 = VECTOR ( 'NONE', #2478, 1000.000000000000000 ) ;
#1367 = ORIENTED_EDGE ( 'NONE', *, *, #1883, .T. ) ;
#1368 = ADVANCED_FACE ( 'NONE', ( #2386 ), #1477, .F. ) ;
#1369 = AXIS2_PLACEMENT_3D ( 'NONE', #206, #2129, #2297 ) ;
#1370 = FILL_AREA_STYLE_COLOUR ( '', #1131 ) ;
#1371 = VECTOR ( 'NONE', #143, 1000.000000000000000 ) ;
#1372 = DIRECTION ( 'NONE',  ( 8.167248003657282516E-16, 1.000000000000000000, 0.000000000000000000 ) ) ;
#1373 = ORIENTED_EDGE ( 'NONE', *, *, #660, .F. ) ;
#1374 = DIRECTION ( 'NONE',  ( 0.000000000000000000, 0.000000000000000000, 1.000000000000000000 ) ) ;
#1375 = DIRECTION ( 'NONE',  ( -1.000000000000000000, -2.749165572071009620E-15, 0.000000000000000000 ) ) ;
#1376 = AXIS2_PLACEMENT_3D ( 'NONE', #1677, #2621, #1722 ) ;
#1377 = DIRECTION ( 'NONE',  ( 0.000000000000000000, 0.000000000000000000, 1.000000000000000000 ) ) ;
#1378 = VECTOR ( 'NONE', #2428, 1000.000000000000114 ) ;
#1379 = LINE ( 'NONE', #1612, #2466 ) ;
#1380 = EDGE_CURVE ( 'NONE', #1147, #2619, #2887, .T. ) ;
#1381 = ORIENTED_EDGE ( 'NONE', *, *, #638, .F. ) ;
#1382 = VERTEX_POINT ( 'NONE', #294 ) ;
#1383 = DIRECTION ( 'NONE',  ( -1.000000000000000000, -0.000000000000000000, -0.000000000000000000 ) ) ;
#1384 = PLANE ( 'NONE',  #2319 ) ;
#1385 = ADVANCED_FACE ( 'NONE', ( #710 ), #2590, .T. ) ;
#1386 = ORIENTED_EDGE ( 'NONE', *, *, #913, .T. ) ;
#1387 = DIRECTION ( 'NONE',  ( 0.000000000000000000, 0.000000000000000000, 1.000000000000000000 ) ) ;
#1388 = FACE_OUTER_BOUND ( 'NONE', #1805, .T. ) ;
#1389 = VERTEX_POINT ( 'NONE', #1427 ) ;
#1390 = DIRECTION ( 'NONE',  ( 0.000000000000000000, 0.000000000000000000, 1.000000000000000000 ) ) ;
#1391 = LINE ( 'NONE', #2101, #2906 ) ;
#1392 = ADVANCED_FACE ( 'NONE', ( #2358 ), #2419, .T. ) ;
#1393 = VERTEX_POINT ( 'NONE', #2620 ) ;
#1394 = DIRECTION ( 'NONE',  ( -0.000000000000000000, -1.000000000000000000, -0.000000000000000000 ) ) ;
#1395 = DIRECTION ( 'NONE',  ( 0.08715574274765139351, -0.9961946980917461003, 0.000000000000000000 ) ) ;
#1396 = VERTEX_POINT ( 'NONE', #1174 ) ;
#1397 = ORIENTED_EDGE ( 'NONE', *, *, #2941, .F. ) ;
#1398 = SURFACE_STYLE_FILL_AREA ( #2837 ) ;
#1399 = EDGE_CURVE ( 'NONE', #1216, #1604, #2832, .T. ) ;
#1400 = ORIENTED_EDGE ( 'NONE', *, *, #1162, .T. ) ;
#1401 = CARTESIAN_POINT ( 'NONE',  ( -2.324999999999998845, 1.100000000000000089, -1.894500000000000073 ) ) ;
#1402 = FILL_AREA_STYLE ('',( #764 ) ) ;
#1403 = ORIENTED_EDGE ( 'NONE', *, *, #2485, .T. ) ;
#1404 = CARTESIAN_POINT ( 'NONE',  ( -3.987284425725235337, 0.6136435269532319881, -1.894500000000000073 ) ) ;
#1405 = LINE ( 'NONE', #1673, #883 ) ;
#1406 = VERTEX_POINT ( 'NONE', #2602 ) ;
#1407 = DIRECTION ( 'NONE',  ( -1.000000000000000000, 0.000000000000000000, -1.208024704719224136E-16 ) ) ;
#1408 = CARTESIAN_POINT ( 'NONE',  ( 0.000000000000000000, 0.5310000000000000275, 0.000000000000000000 ) ) ;
#1409 = ORIENTED_EDGE ( 'NONE', *, *, #2823, .F. ) ;
#1410 = ADVANCED_FACE ( 'NONE', ( #488 ), #1188, .F. ) ;
#1411 = CIRCLE ( 'NONE', #222, 0.6309999999999995612 ) ;
#1412 = DIRECTION ( 'NONE',  ( -0.1218693434051481284, -0.9925461516413218721, 0.000000000000000000 ) ) ;
#1413 = FILL_AREA_STYLE_COLOUR ( '', #22 ) ;
#1414 = VECTOR ( 'NONE', #2377, 1000.000000000000000 ) ;
#1415 = CIRCLE ( 'NONE', #675, 0.6310000000000000053 ) ;
#1416 = ORIENTED_EDGE ( 'NONE', *, *, #537, .F. ) ;
#1417 = EDGE_CURVE ( 'NONE', #2561, #1843, #3082, .T. ) ;
#1418 = DIRECTION ( 'NONE',  ( -1.000000000000000000, 0.000000000000000000, 0.000000000000000000 ) ) ;
#1419 = VECTOR ( 'NONE', #2787, 1000.000000000000000 ) ;
#1420 = APPLICATION_CONTEXT ( 'automotive_design' ) ;
#1421 = VECTOR ( 'NONE', #1096, 1000.000000000000000 ) ;
#1422 = ORIENTED_EDGE ( 'NONE', *, *, #606, .T. ) ;
#1423 = CARTESIAN_POINT ( 'NONE',  ( -2.324999999999998845, 1.100000000000000089, 1.894500000000000295 ) ) ;
#1424 = CARTESIAN_POINT ( 'NONE',  ( -2.324999999999998845, 1.100000000000000533, -3.193762470121478181 ) ) ;
#1425 = VECTOR ( 'NONE', #2684, 1000.000000000000000 ) ;
#1426 = ORIENTED_EDGE ( 'NONE', *, *, #1300, .T. ) ;
#1427 = CARTESIAN_POINT ( 'NONE',  ( 3.875000000000000888, 0.5310000000000000275, -1.774999999999999467 ) ) ;
#1428 = PLANE ( 'NONE',  #3061 ) ;
#1429 = CARTESIAN_POINT ( 'NONE',  ( 3.875000000000001776, 0.5310000000000000275, -3.290000000000000036 ) ) ;
#1430 = AXIS2_PLACEMENT_3D ( 'NONE', #2169, #489, #472 ) ;
#1431 = MECHANICAL_DESIGN_GEOMETRIC_PRESENTATION_REPRESENTATION (  '', ( #2862 ), #1971 ) ;
#1432 = EDGE_CURVE ( 'NONE', #7, #1, #1689, .T. ) ;
#1433 = DIRECTION ( 'NONE',  ( -0.08715574274765174045, 0.9961946980917461003, 0.000000000000000000 ) ) ;
#1434 = EDGE_CURVE ( 'NONE', #1533, #185, #1929, .T. ) ;
#1435 = DIRECTION ( 'NONE',  ( 0.000000000000000000, 0.000000000000000000, 1.000000000000000000 ) ) ;
#1436 = CARTESIAN_POINT ( 'NONE',  ( 3.335000000000004405, 0.5310000000000000275, 2.219999999999998863 ) ) ;
#1437 = EDGE_LOOP ( 'NONE', ( #2559, #1307, #2038, #743, #287, #2381, #1122, #66, #258, #2493 ) ) ;
#1438 = ORIENTED_EDGE ( 'NONE', *, *, #311, .F. ) ;
#1439 = CARTESIAN_POINT ( 'NONE',  ( -2.324999999999998845, 1.100000000000000089, -1.811000000000000609 ) ) ;
#1440 = ADVANCED_FACE ( 'NONE', ( #274 ), #1217, .F. ) ;
#1441 = ORIENTED_EDGE ( 'NONE', *, *, #2991, .T. ) ;
#1442 = CARTESIAN_POINT ( 'NONE',  ( -3.896000000000000796, 1.000000000000000000, 2.677500000000000213 ) ) ;
#1443 = LINE ( 'NONE', #957, #2320 ) ;
#1444 = FILL_AREA_STYLE ('',( #2432 ) ) ;
#1445 = FILL_AREA_STYLE ('',( #1661 ) ) ;
#1446 = DIRECTION ( 'NONE',  ( -0.000000000000000000, 0.000000000000000000, 1.000000000000000000 ) ) ;
#1447 = CARTESIAN_POINT ( 'NONE',  ( -3.265000000000000124, 1.000000000000000000, 1.894500000000000295 ) ) ;
#1448 = VERTEX_POINT ( 'NONE', #1703 ) ;
#1449 = ADVANCED_FACE ( 'NONE', ( #1247 ), #367, .T. ) ;
#1450 = APPLICATION_PROTOCOL_DEFINITION ( 'draft international standard', 'automotive_design', 1998, #92 ) ;
#1451 = VERTEX_POINT ( 'NONE', #1503 ) ;
#1452 = ORIENTED_EDGE ( 'NONE', *, *, #3027, .F. ) ;
#1453 = CARTESIAN_POINT ( 'NONE',  ( -2.594999999999999751, 1.100000000000000089, -2.761000000000001009 ) ) ;
#1454 = DIRECTION ( 'NONE',  ( 0.000000000000000000, -0.000000000000000000, -1.000000000000000000 ) ) ;
#1455 = ORIENTED_EDGE ( 'NONE', *, *, #2946, .F. ) ;
#1456 = CARTESIAN_POINT ( 'NONE',  ( -3.941004726326231555, 0.08466414226651533537, 2.677500000000000213 ) ) ;
#1457 = CARTESIAN_POINT ( 'NONE',  ( 3.875000000000001332, 0.5310000000000000275, 1.774999999999999467 ) ) ;
#1458 = SURFACE_SIDE_STYLE ('',( #16 ) ) ;
#1459 = EDGE_CURVE ( 'NONE', #595, #1646, #772, .T. ) ;
#1460 = FACE_OUTER_BOUND ( 'NONE', #1873, .T. ) ;
#1461 = FACE_OUTER_BOUND ( 'NONE', #175, .T. ) ;
#1462 = CIRCLE ( 'NONE', #2648, 0.2699999999999979083 ) ;
#1463 = DIRECTION ( 'NONE',  ( -0.000000000000000000, -0.000000000000000000, 1.000000000000000000 ) ) ;
#1464 = VECTOR ( 'NONE', #1950, 1000.000000000000000 ) ;
#1465 = ORIENTED_EDGE ( 'NONE', *, *, #2036, .T. ) ;
#1466 = DIRECTION ( 'NONE',  ( 0.000000000000000000, 0.000000000000000000, 1.000000000000000000 ) ) ;
#1467 = STYLED_ITEM ( 'NONE', ( #2777 ), #950 ) ;
#1468 = ADVANCED_FACE ( 'NONE', ( #1084 ), #2026, .F. ) ;
#1469 = ADVANCED_FACE ( 'NONE', ( #1721 ), #603, .F. ) ;
#1470 = ORIENTED_EDGE ( 'NONE', *, *, #417, .F. ) ;
#1471 = UNCERTAINTY_MEASURE_WITH_UNIT (LENGTH_MEASURE( 1.000000000000000082E-05 ), #2353, 'distance_accuracy_value', 'NONE');
#1472 = FACE_OUTER_BOUND ( 'NONE', #484, .T. ) ;
#1473 = CIRCLE ( 'NONE', #131, 0.6310000000000000053 ) ;
#1474 = DIRECTION ( 'NONE',  ( 0.1218693434051473651, 0.9925461516413219831, 0.000000000000000000 ) ) ;
#1475 = MECHANICAL_DESIGN_GEOMETRIC_PRESENTATION_REPRESENTATION (  '', ( #1777 ), #2560 ) ;
#1476 = ORIENTED_EDGE ( 'NONE', *, *, #1054, .F. ) ;
#1477 = PLANE ( 'NONE',  #2364 ) ;
#1478 = PLANE ( 'NONE',  #1376 ) ;
#1479 = SURFACE_STYLE_FILL_AREA ( #1444 ) ;
#1480 = VECTOR ( 'NONE', #2591, 1000.000000000000000 ) ;
#1481 = PRESENTATION_LAYER_ASSIGNMENT (  '', '', ( #1531 ) ) ;
#1482 = CARTESIAN_POINT ( 'NONE',  ( -3.265000000000000124, 1.099999999999999867, -2.761000000000001009 ) ) ;
#1483 = CARTESIAN_POINT ( 'NONE',  ( 3.335000000000004405, 0.5310000000000000275, 2.219999999999998863 ) ) ;
#1484 = EDGE_CURVE ( 'NONE', #223, #682, #1261, .T. ) ;
#1485 = CARTESIAN_POINT ( 'NONE',  ( 3.875000000000000888, 0.000000000000000000, 1.774999999999999245 ) ) ;
#1486 = EDGE_LOOP ( 'NONE', ( #1352, #1698, #2292, #1336, #2917, #137 ) ) ;
#1487 = SHAPE_DEFINITION_REPRESENTATION ( #2753, #221 ) ;
#1488 = EDGE_LOOP ( 'NONE', ( #1260, #700, #538, #160 ) ) ;
#1489 = DIRECTION ( 'NONE',  ( -0.9925461516413219831, 0.1218693434051481422, 0.000000000000000000 ) ) ;
#1490 = ORIENTED_EDGE ( 'NONE', *, *, #2588, .F. ) ;
#1491 = CARTESIAN_POINT ( 'NONE',  ( 3.335000000000003517, 0.5310000000000000275, -1.774999999999999689 ) ) ;
#1492 = DIRECTION ( 'NONE',  ( 0.000000000000000000, -0.000000000000000000, 1.000000000000000000 ) ) ;
#1493 = EDGE_CURVE ( 'NONE', #509, #816, #2908, .T. ) ;
#1494 = DIRECTION ( 'NONE',  ( 0.000000000000000000, 0.000000000000000000, 1.000000000000000000 ) ) ;
#1495 = DIRECTION ( 'NONE',  ( 1.000000000000000000, 0.000000000000000000, -0.000000000000000000 ) ) ;
#1496 = DIRECTION ( 'NONE',  ( -0.9961946980917461003, -0.08715574274765174045, 0.000000000000000000 ) ) ;
#1497 = ORIENTED_EDGE ( 'NONE', *, *, #2343, .F. ) ;
#1498 = EDGE_CURVE ( 'NONE', #1817, #1033, #104, .T. ) ;
#1499 = ORIENTED_EDGE ( 'NONE', *, *, #577, .T. ) ;
#1500 = DIRECTION ( 'NONE',  ( 0.000000000000000000, 0.000000000000000000, 1.000000000000000000 ) ) ;
#1501 = LINE ( 'NONE', #486, #1378 ) ;
#1502 = VERTEX_POINT ( 'NONE', #2197 ) ;
#1503 = CARTESIAN_POINT ( 'NONE',  ( -4.908720300600997177, -5.434737085085102824E-17, 2.677500000000000657 ) ) ;
#1504 = EDGE_LOOP ( 'NONE', ( #1343, #1789, #1047, #1836 ) ) ;
#1505 = FACE_OUTER_BOUND ( 'NONE', #849, .T. ) ;
#1506 = CARTESIAN_POINT ( 'NONE',  ( 0.000000000000000000, 0.000000000000000000, -0.4750000000000001443 ) ) ;
#1507 = CARTESIAN_POINT ( 'NONE',  ( -2.594999999999999751, 1.099999999999999867, 0.4749999999999997558 ) ) ;
#1508 = EDGE_CURVE ( 'NONE', #3078, #1595, #1993, .T. ) ;
#1509 = DIRECTION ( 'NONE',  ( -0.000000000000000000, -1.000000000000000000, -0.000000000000000000 ) ) ;
#1510 = PLANE ( 'NONE',  #2411 ) ;
#1511 = VERTEX_POINT ( 'NONE', #1491 ) ;
#1512 = VECTOR ( 'NONE', #3079, 1000.000000000000000 ) ;
#1513 = EDGE_CURVE ( 'NONE', #2831, #2747, #1048, .T. ) ;
#1514 = VERTEX_POINT ( 'NONE', #1306 ) ;
#1515 = LINE ( 'NONE', #335, #1258 ) ;
#1516 = CARTESIAN_POINT ( 'NONE',  ( -2.594999999999999751, 1.630999999999999783, 0.3915000000000001257 ) ) ;
#1517 = EDGE_LOOP ( 'NONE', ( #2909, #2354, #2462, #2179 ) ) ;
#1518 = DIRECTION ( 'NONE',  ( 0.000000000000000000, -0.000000000000000000, -1.000000000000000000 ) ) ;
#1519 = ADVANCED_FACE ( 'NONE', ( #339 ), #87, .F. ) ;
#1520 = PRESENTATION_LAYER_ASSIGNMENT (  '', '', ( #917 ) ) ;
#1521 = ORIENTED_EDGE ( 'NONE', *, *, #2070, .T. ) ;
#1522 = CARTESIAN_POINT ( 'NONE',  ( 0.000000000000000000, 0.000000000000000000, 0.000000000000000000 ) ) ;
#1523 = AXIS2_PLACEMENT_3D ( 'NONE', #49, #3070, #1944 ) ;
#1524 = PLANE ( 'NONE',  #2950 ) ;
#1525 = DIRECTION ( 'NONE',  ( -0.000000000000000000, -0.000000000000000000, -1.000000000000000000 ) ) ;
#1526 = EDGE_CURVE ( 'NONE', #987, #1852, #1964, .T. ) ;
#1527 = VECTOR ( 'NONE', #1222, 1000.000000000000000 ) ;
#1528 = DIRECTION ( 'NONE',  ( 0.000000000000000000, 0.000000000000000000, 1.000000000000000000 ) ) ;
#1529 = CARTESIAN_POINT ( 'NONE',  ( -2.324999999999998845, 1.100000000000000089, -2.677500000000000213 ) ) ;
#1530 = ORIENTED_EDGE ( 'NONE', *, *, #2827, .F. ) ;
#1531 = STYLED_ITEM ( 'NONE', ( #711 ), #2460 ) ;
#1532 = EDGE_CURVE ( 'NONE', #1393, #771, #2938, .T. ) ;
#1533 = VERTEX_POINT ( 'NONE', #817 ) ;
#1534 = UNCERTAINTY_MEASURE_WITH_UNIT (LENGTH_MEASURE( 1.000000000000000082E-05 ), #2062, 'distance_accuracy_value', 'NONE');
#1535 = LINE ( 'NONE', #1959, #1207 ) ;
#1536 = DIRECTION ( 'NONE',  ( -2.306813132947879068E-16, 1.000000000000000000, 0.000000000000000000 ) ) ;
#1537 = ORIENTED_EDGE ( 'NONE', *, *, #1358, .T. ) ;
#1538 = CARTESIAN_POINT ( 'NONE',  ( -2.324999999999998845, 1.100000000000000089, -1.894500000000000073 ) ) ;
#1539 = ORIENTED_EDGE ( 'NONE', *, *, #2075, .F. ) ;
#1540 = DIRECTION ( 'NONE',  ( 0.000000000000000000, -0.000000000000000000, -1.000000000000000000 ) ) ;
#1541 = CYLINDRICAL_SURFACE ( 'NONE', #1623, 0.6309999999999995612 ) ;
#1542 = EDGE_CURVE ( 'NONE', #1965, #482, #793, .T. ) ;
#1543 = DIRECTION ( 'NONE',  ( -1.000000000000000000, -0.000000000000000000, -0.000000000000000000 ) ) ;
#1544 = DIRECTION ( 'NONE',  ( 0.000000000000000000, 0.000000000000000000, -1.000000000000000000 ) ) ;
#1545 = ORIENTED_EDGE ( 'NONE', *, *, #2758, .T. ) ;
#1546 = DIRECTION ( 'NONE',  ( 0.000000000000000000, 0.000000000000000000, 1.000000000000000000 ) ) ;
#1547 = DIRECTION ( 'NONE',  ( -0.000000000000000000, 1.000000000000000000, -0.000000000000000000 ) ) ;
#1548 = ORIENTED_EDGE ( 'NONE', *, *, #2189, .T. ) ;
#1549 = ORIENTED_EDGE ( 'NONE', *, *, #766, .F. ) ;
#1550 = EDGE_CURVE ( 'NONE', #1712, #2612, #590, .T. ) ;
#1551 = CARTESIAN_POINT ( 'NONE',  ( -2.324999999999998845, 1.100000000000000089, -1.894500000000000073 ) ) ;
#1552 = DIRECTION ( 'NONE',  ( 0.000000000000000000, 0.000000000000000000, 1.000000000000000000 ) ) ;
#1553 = ORIENTED_EDGE ( 'NONE', *, *, #2351, .F. ) ;
#1554 = CARTESIAN_POINT ( 'NONE',  ( -3.265000000000000124, 1.099999999999999867, 2.677500000000000213 ) ) ;
#1555 = DIRECTION ( 'NONE',  ( 0.000000000000000000, 1.000000000000000000, -0.000000000000000000 ) ) ;
#1556 = DIRECTION ( 'NONE',  ( -0.000000000000000000, 0.000000000000000000, 1.000000000000000000 ) ) ;
#1557 = CARTESIAN_POINT ( 'NONE',  ( -3.896000000000000352, 0.7132629967624067868, -1.894500000000000073 ) ) ;
#1558 = LINE ( 'NONE', #375, #2453 ) ;
#1559 = LINE ( 'NONE', #2035, #1868 ) ;
#1560 = ORIENTED_EDGE ( 'NONE', *, *, #1706, .F. ) ;
#1561 = DIRECTION ( 'NONE',  ( -0.000000000000000000, 0.000000000000000000, 1.000000000000000000 ) ) ;
#1562 = VECTOR ( 'NONE', #1098, 1000.000000000000000 ) ;
#1563 = ADVANCED_FACE ( 'NONE', ( #2680 ), #1065, .F. ) ;
#1564 = FACE_OUTER_BOUND ( 'NONE', #799, .T. ) ;
#1565 = VERTEX_POINT ( 'NONE', #1034 ) ;
#1566 = LINE ( 'NONE', #571, #867 ) ;
#1567 = FACE_OUTER_BOUND ( 'NONE', #1199, .T. ) ;
#1568 = CARTESIAN_POINT ( 'NONE',  ( -3.995999999999999552, 0.7132629967624067868, 1.894500000000000295 ) ) ;
#1569 = VECTOR ( 'NONE', #639, 1000.000000000000000 ) ;
#1570 = VERTEX_POINT ( 'NONE', #2959 ) ;
#1571 = DIRECTION ( 'NONE',  ( -0.000000000000000000, -1.000000000000000000, -0.000000000000000000 ) ) ;
#1572 = VECTOR ( 'NONE', #2223, 1000.000000000000000 ) ;
#1573 = CARTESIAN_POINT ( 'NONE',  ( -0.2549999999999991718, 0.000000000000000000, 2.219999999999998863 ) ) ;
#1574 = AXIS2_PLACEMENT_3D ( 'NONE', #344, #1266, #910 ) ;
#1575 = EDGE_CURVE ( 'NONE', #419, #78, #1788, .T. ) ;
#1576 = AXIS2_PLACEMENT_3D ( 'NONE', #1845, #468, #183 ) ;
#1577 = VERTEX_POINT ( 'NONE', #195 ) ;
#1578 = CARTESIAN_POINT ( 'NONE',  ( -3.365000000000000213, 0.7132629967624068978, -1.894500000000000073 ) ) ;
#1579 = AXIS2_PLACEMENT_3D ( 'NONE', #536, #291, #1232 ) ;
#1580 = DIRECTION ( 'NONE',  ( 0.000000000000000000, 1.000000000000000000, 0.000000000000000000 ) ) ;
#1581 = EDGE_LOOP ( 'NONE', ( #408, #2790, #1600, #2939 ) ) ;
#1582 = PLANE ( 'NONE',  #1063 ) ;
#1583 = CARTESIAN_POINT ( 'NONE',  ( 3.335000000000004405, 0.5310000000000000275, 2.219999999999999307 ) ) ;
#1584 = LINE ( 'NONE', #2528, #2458 ) ;
#1585 = DIRECTION ( 'NONE',  ( 0.000000000000000000, 0.000000000000000000, -1.000000000000000000 ) ) ;
#1586 = ORIENTED_EDGE ( 'NONE', *, *, #900, .T. ) ;
#1587 = ORIENTED_EDGE ( 'NONE', *, *, #1882, .F. ) ;
#1588 = EDGE_CURVE ( 'NONE', #2228, #185, #2305, .T. ) ;
#1589 = CARTESIAN_POINT ( 'NONE',  ( 3.646743501281513922, 2.390000000000000568, 3.080902094173039174 ) ) ;
#1590 = LINE ( 'NONE', #892, #1421 ) ;
#1591 = VERTEX_POINT ( 'NONE', #2071 ) ;
#1592 = FACE_OUTER_BOUND ( 'NONE', #870, .T. ) ;
#1593 = DIRECTION ( 'NONE',  ( 8.167248003657282516E-16, 1.000000000000000000, 0.000000000000000000 ) ) ;
#1594 = DIRECTION ( 'NONE',  ( 0.000000000000000000, -0.000000000000000000, -1.000000000000000000 ) ) ;
#1595 = VERTEX_POINT ( 'NONE', #1812 ) ;
#1596 = ORIENTED_EDGE ( 'NONE', *, *, #756, .F. ) ;
#1597 = EDGE_CURVE ( 'NONE', #2313, #117, #383, .T. ) ;
#1598 =( NAMED_UNIT ( * ) PLANE_ANGLE_UNIT ( ) SI_UNIT ( $, .RADIAN. ) );
#1599 =( LENGTH_UNIT ( ) NAMED_UNIT ( * ) SI_UNIT ( .MILLI., .METRE. ) );
#1600 = ORIENTED_EDGE ( 'NONE', *, *, #2036, .F. ) ;
#1601 = CARTESIAN_POINT ( 'NONE',  ( -2.594999999999999751, 1.100000000000000089, 1.811000000000000165 ) ) ;
#1602 = ADVANCED_FACE ( 'NONE', ( #2798 ), #3000, .F. ) ;
#1603 = LINE ( 'NONE', #862, #80 ) ;
#1604 = VERTEX_POINT ( 'NONE', #1327 ) ;
#1605 = LINE ( 'NONE', #678, #2944 ) ;
#1606 = CARTESIAN_POINT ( 'NONE',  ( -3.154999999999998916, 1.630999999999999783, 0.4749999999999997558 ) ) ;
#1607 = VECTOR ( 'NONE', #2598, 1000.000000000000000 ) ;
#1608 = ADVANCED_FACE ( 'NONE', ( #2338 ), #422, .F. ) ;
#1609 = ORIENTED_EDGE ( 'NONE', *, *, #1639, .F. ) ;
#1610 = CARTESIAN_POINT ( 'NONE',  ( -2.594999999999999751, 1.099999999999999867, 0.3915000000000001257 ) ) ;
#1611 = CIRCLE ( 'NONE', #322, 0.2699999999999979083 ) ;
#1612 = CARTESIAN_POINT ( 'NONE',  ( -4.955000000000000071, 0.5289793846867171245, 2.677500000000000213 ) ) ;
#1613 = ORIENTED_EDGE ( 'NONE', *, *, #2660, .F. ) ;
#1614 = AXIS2_PLACEMENT_3D ( 'NONE', #205, #404, #3058 ) ;
#1615 = ORIENTED_EDGE ( 'NONE', *, *, #1081, .F. ) ;
#1616 = FILL_AREA_STYLE ('',( #1837 ) ) ;
#1617 = VECTOR ( 'NONE', #650, 1000.000000000000000 ) ;
#1618 = VECTOR ( 'NONE', #3084, 1000.000000000000000 ) ;
#1619 = STYLED_ITEM ( 'NONE', ( #1025 ), #1779 ) ;
#1620 = ORIENTED_EDGE ( 'NONE', *, *, #2393, .F. ) ;
#1621 = VECTOR ( 'NONE', #2498, 1000.000000000000000 ) ;
#1622 = FACE_OUTER_BOUND ( 'NONE', #2332, .T. ) ;
#1623 = AXIS2_PLACEMENT_3D ( 'NONE', #139, #1087, #2232 ) ;
#1624 = CYLINDRICAL_SURFACE ( 'NONE', #3057, 0.6310000000000000053 ) ;
#1625 = ORIENTED_EDGE ( 'NONE', *, *, #1787, .T. ) ;
#1626 = DIRECTION ( 'NONE',  ( 0.000000000000000000, 0.000000000000000000, -1.000000000000000000 ) ) ;
#1627 = CARTESIAN_POINT ( 'NONE',  ( -4.955000000000000071, 0.5289793846867172356, -1.894500000000000073 ) ) ;
#1628 = VECTOR ( 'NONE', #745, 1000.000000000000000 ) ;
#1629 = ORIENTED_EDGE ( 'NONE', *, *, #79, .F. ) ;
#1630 = CARTESIAN_POINT ( 'NONE',  ( -2.594999999999999751, 1.631000000000000005, 0.4749999999999997558 ) ) ;
#1631 = VECTOR ( 'NONE', #1107, 1000.000000000000000 ) ;
#1632 = CARTESIAN_POINT ( 'NONE',  ( 3.875000000000000888, 0.000000000000000000, -1.774999999999999467 ) ) ;
#1633 = EDGE_LOOP ( 'NONE', ( #2987, #1010, #1911, #604 ) ) ;
#1634 = EDGE_CURVE ( 'NONE', #2996, #147, #179, .T. ) ;
#1635 = ORIENTED_EDGE ( 'NONE', *, *, #1259, .T. ) ;
#1636 = DIRECTION ( 'NONE',  ( 1.000000000000000000, -8.167248003657282516E-16, 0.000000000000000000 ) ) ;
#1637 = EDGE_LOOP ( 'NONE', ( #767, #1043, #1112, #2423 ) ) ;
#1638 =( NAMED_UNIT ( * ) SI_UNIT ( $, .STERADIAN. ) SOLID_ANGLE_UNIT ( ) );
#1639 = EDGE_CURVE ( 'NONE', #547, #2130, #1139, .T. ) ;
#1640 = ORIENTED_EDGE ( 'NONE', *, *, #199, .F. ) ;
#1641 = CARTESIAN_POINT ( 'NONE',  ( -3.364999999999999325, 1.000000000000000000, -1.894500000000000073 ) ) ;
#1642 = LINE ( 'NONE', #244, #238 ) ;
#1643 = ORIENTED_EDGE ( 'NONE', *, *, #1181, .T. ) ;
#1644 = DIRECTION ( 'NONE',  ( -0.000000000000000000, -0.000000000000000000, -1.000000000000000000 ) ) ;
#1645 = CARTESIAN_POINT ( 'NONE',  ( -2.594999999999999751, 1.099999999999999867, 2.677500000000000213 ) ) ;
#1646 = VERTEX_POINT ( 'NONE', #2288 ) ;
#1647 = CARTESIAN_POINT ( 'NONE',  ( -2.259801398160556474, 1.630999999999999783, 0.3915000000000001257 ) ) ;
#1648 =( NAMED_UNIT ( * ) PLANE_ANGLE_UNIT ( ) SI_UNIT ( $, .RADIAN. ) );
#1649 = EDGE_LOOP ( 'NONE', ( #231, #2242, #896, #656 ) ) ;
#1650 = ORIENTED_EDGE ( 'NONE', *, *, #1434, .T. ) ;
#1651 = LINE ( 'NONE', #2396, #2994 ) ;
#1652 = FACE_OUTER_BOUND ( 'NONE', #314, .T. ) ;
#1653 = EDGE_CURVE ( 'NONE', #2831, #2561, #1473, .T. ) ;
#1654 = EDGE_CURVE ( 'NONE', #890, #1994, #407, .T. ) ;
#1655 = ORIENTED_EDGE ( 'NONE', *, *, #2751, .F. ) ;
#1656 = CARTESIAN_POINT ( 'NONE',  ( 3.875000000000000000, 0.5310000000000157927, -3.290000000000000036 ) ) ;
#1657 = DIRECTION ( 'NONE',  ( -1.000000000000000000, -0.000000000000000000, -0.000000000000000000 ) ) ;
#1658 = CARTESIAN_POINT ( 'NONE',  ( -3.995999999999999552, 0.7132629967624067868, 1.894500000000000295 ) ) ;
#1659 = ADVANCED_FACE ( 'NONE', ( #1388 ), #1624, .T. ) ;
#1660 = VECTOR ( 'NONE', #2029, 1000.000000000000227 ) ;
#1661 = FILL_AREA_STYLE_COLOUR ( '', #228 ) ;
#1662 = SURFACE_SIDE_STYLE ('',( #1398 ) ) ;
#1663 = VECTOR ( 'NONE', #1192, 1000.000000000000000 ) ;
#1664 = DIRECTION ( 'NONE',  ( -0.000000000000000000, -1.000000000000000000, -0.000000000000000000 ) ) ;
#1665 = CIRCLE ( 'NONE', #2850, 0.6309999999999995612 ) ;
#1666 = ORIENTED_EDGE ( 'NONE', *, *, #1893, .T. ) ;
#1667 = ADVANCED_FACE ( 'NONE', ( #1125 ), #163, .F. ) ;
#1668 = PRODUCT_CONTEXT ( 'NONE', #92, 'mechanical' ) ;
#1669 = VECTOR ( 'NONE', #1768, 1000.000000000000000 ) ;
#1670 = VECTOR ( 'NONE', #809, 1000.000000000000000 ) ;
#1671 = ORIENTED_EDGE ( 'NONE', *, *, #2673, .T. ) ;
#1672 = FACE_OUTER_BOUND ( 'NONE', #860, .T. ) ;
#1673 = CARTESIAN_POINT ( 'NONE',  ( 3.875000000000001332, 0.5310000000000000275, 2.664999999999999591 ) ) ;
#1674 = AXIS2_PLACEMENT_3D ( 'NONE', #1835, #1115, #898 ) ;
#1675 = ORIENTED_EDGE ( 'NONE', *, *, #1417, .T. ) ;
#1676 = DIRECTION ( 'NONE',  ( 0.000000000000000000, 0.000000000000000000, 1.000000000000000000 ) ) ;
#1677 = CARTESIAN_POINT ( 'NONE',  ( -2.166607916435251635, 2.390000000000000124, -3.290000000000000036 ) ) ;
#1678 = CARTESIAN_POINT ( 'NONE',  ( 3.335000000000004405, 0.000000000000000000, 2.219999999999998863 ) ) ;
#1679 = VECTOR ( 'NONE', #2134, 1000.000000000000000 ) ;
#1680 = DIRECTION ( 'NONE',  ( -1.000000000000000000, 0.000000000000000000, -1.208024704719224136E-16 ) ) ;
#1681 = CARTESIAN_POINT ( 'NONE',  ( 0.000000000000000000, 0.000000000000000000, -1.811000000000000609 ) ) ;
#1682 = ORIENTED_EDGE ( 'NONE', *, *, #2532, .F. ) ;
#1683 = ORIENTED_EDGE ( 'NONE', *, *, #431, .T. ) ;
#1684 = EDGE_CURVE ( 'NONE', #330, #223, #3015, .T. ) ;
#1685 = ORIENTED_EDGE ( 'NONE', *, *, #2017, .F. ) ;
#1686 = CARTESIAN_POINT ( 'NONE',  ( -4.908720300600997177, 1.084202172485504434E-16, 1.894500000000000295 ) ) ;
#1687 = DIRECTION ( 'NONE',  ( 1.000000000000000000, -8.167248003657282516E-16, 0.000000000000000000 ) ) ;
#1688 = ORIENTED_EDGE ( 'NONE', *, *, #559, .F. ) ;
#1689 = LINE ( 'NONE', #1915, #1073 ) ;
#1690 = DIRECTION ( 'NONE',  ( 0.000000000000000000, 1.000000000000000000, 0.000000000000000000 ) ) ;
#1691 = PLANE ( 'NONE',  #2361 ) ;
#1692 = SURFACE_STYLE_USAGE ( .BOTH. , #731 ) ;
#1693 = DIRECTION ( 'NONE',  ( -0.000000000000000000, -0.000000000000000000, -1.000000000000000000 ) ) ;
#1694 = ADVANCED_FACE ( 'NONE', ( #633, #1564 ), #2507, .F. ) ;
#1695 = LINE ( 'NONE', #1710, #416 ) ;
#1696 = CARTESIAN_POINT ( 'NONE',  ( -3.265000000000000124, 1.099999999999999867, -1.811000000000000609 ) ) ;
#1697 = ORIENTED_EDGE ( 'NONE', *, *, #2363, .T. ) ;
#1698 = ORIENTED_EDGE ( 'NONE', *, *, #2299, .T. ) ;
#1699 = CARTESIAN_POINT ( 'NONE',  ( 3.335000000000003517, 0.000000000000000000, -2.219999999999999307 ) ) ;
#1700 = LINE ( 'NONE', #2442, #2323 ) ;
#1701 = EDGE_CURVE ( 'NONE', #553, #667, #1590, .T. ) ;
#1702 = ORIENTED_EDGE ( 'NONE', *, *, #1284, .F. ) ;
#1703 = CARTESIAN_POINT ( 'NONE',  ( -2.324999999999998845, 1.099999999999999867, -0.3914999999999999036 ) ) ;
#1704 = FILL_AREA_STYLE ('',( #519 ) ) ;
#1705 = DIRECTION ( 'NONE',  ( -0.9925461516413228713, -0.1218693434051413282, 0.000000000000000000 ) ) ;
#1706 = EDGE_CURVE ( 'NONE', #987, #2516, #526, .T. ) ;
#1707 =( NAMED_UNIT ( * ) SI_UNIT ( $, .STERADIAN. ) SOLID_ANGLE_UNIT ( ) );
#1708 = PLANE ( 'NONE',  #2412 ) ;
#1709 = CIRCLE ( 'NONE', #1810, 0.2699999999999979083 ) ;
#1710 = CARTESIAN_POINT ( 'NONE',  ( -3.896000000000000352, 0.7132629967624067868, 2.677500000000000213 ) ) ;
#1711 = SURFACE_STYLE_USAGE ( .BOTH. , #1973 ) ;
#1712 = VERTEX_POINT ( 'NONE', #1108 ) ;
#1713 = VECTOR ( 'NONE', #219, 1000.000000000000000 ) ;
#1714 = CLOSED_SHELL ( 'NONE', ( #2171, #284, #2567, #1039, #1273, #1072, #1469, #297, #1659, #1608, #2735, #2843, #1563, #2967, #747, #1795, #1519, #2082, #483, #2003, #2157, #103 ) ) ;
#1715 = ORIENTED_EDGE ( 'NONE', *, *, #2751, .T. ) ;
#1716 = FACE_OUTER_BOUND ( 'NONE', #694, .T. ) ;
#1717 = AXIS2_PLACEMENT_3D ( 'NONE', #108, #1052, #2200 ) ;
#1718 = PLANE ( 'NONE',  #1579 ) ;
#1719 = MECHANICAL_DESIGN_GEOMETRIC_PRESENTATION_REPRESENTATION (  '', ( #1619 ), #875 ) ;
#1720 = ORIENTED_EDGE ( 'NONE', *, *, #2253, .F. ) ;
#1721 = FACE_OUTER_BOUND ( 'NONE', #2321, .T. ) ;
#1722 = DIRECTION ( 'NONE',  ( 0.1218693434051477814, 0.9925461516413219831, 0.000000000000000000 ) ) ;
#1723 = FACE_OUTER_BOUND ( 'NONE', #2031, .T. ) ;
#1724 = VECTOR ( 'NONE', #1594, 1000.000000000000000 ) ;
#1725 = LINE ( 'NONE', #263, #1414 ) ;
#1726 =( GEOMETRIC_REPRESENTATION_CONTEXT ( 3 ) GLOBAL_UNCERTAINTY_ASSIGNED_CONTEXT ( ( #1242 ) ) GLOBAL_UNIT_ASSIGNED_CONTEXT ( ( #1831, #107, #1309 ) ) REPRESENTATION_CONTEXT ( 'NONE', 'WORKASPACE' ) );
#1727 = CARTESIAN_POINT ( 'NONE',  ( -2.324999999999998845, 1.100000000000000089, -2.761000000000000565 ) ) ;
#1728 = EDGE_CURVE ( 'NONE', #1312, #2738, #1603, .T. ) ;
#1729 =( GEOMETRIC_REPRESENTATION_CONTEXT ( 3 ) GLOBAL_UNCERTAINTY_ASSIGNED_CONTEXT ( ( #1785 ) ) GLOBAL_UNIT_ASSIGNED_CONTEXT ( ( #1012, #550, #499 ) ) REPRESENTATION_CONTEXT ( 'NONE', 'WORKASPACE' ) );
#1730 = DIRECTION ( 'NONE',  ( 0.000000000000000000, 1.000000000000000000, 0.000000000000000000 ) ) ;
#1731 = ORIENTED_EDGE ( 'NONE', *, *, #144, .T. ) ;
#1732 = EDGE_LOOP ( 'NONE', ( #952, #270, #1963, #398, #1762, #2582, #2657, #800 ) ) ;
#1733 = VERTEX_POINT ( 'NONE', #2523 ) ;
#1734 = LINE ( 'NONE', #2209, #573 ) ;
#1735 = DIRECTION ( 'NONE',  ( 0.000000000000000000, 1.000000000000000000, 0.000000000000000000 ) ) ;
#1736 = EDGE_CURVE ( 'NONE', #363, #1406, #1936, .T. ) ;
#1737 = VERTEX_POINT ( 'NONE', #1745 ) ;
#1738 = CARTESIAN_POINT ( 'NONE',  ( -3.896000000000001240, 0.7132629967624067868, 1.894500000000000295 ) ) ;
#1739 = ORIENTED_EDGE ( 'NONE', *, *, #1526, .F. ) ;
#1740 = CARTESIAN_POINT ( 'NONE',  ( 3.875000000000001332, 0.000000000000000000, 2.664999999999999591 ) ) ;
#1741 = FACE_OUTER_BOUND ( 'NONE', #2882, .T. ) ;
#1742 = CARTESIAN_POINT ( 'NONE',  ( 4.955000000000000071, 0.5310000000000000275, -2.665000000000000480 ) ) ;
#1743 = PRODUCT_DEFINITION ( 'UNKNOWN', '', #2272, #1094 ) ;
#1744 = LINE ( 'NONE', #2980, #2155 ) ;
#1745 = CARTESIAN_POINT ( 'NONE',  ( -2.324999999999998845, 1.099999999999999867, 0.3915000000000001257 ) ) ;
#1746 = ORIENTED_EDGE ( 'NONE', *, *, #36, .T. ) ;
#1747 = ORIENTED_EDGE ( 'NONE', *, *, #245, .F. ) ;
#1748 = UNCERTAINTY_MEASURE_WITH_UNIT (LENGTH_MEASURE( 1.000000000000000082E-05 ), #2349, 'distance_accuracy_value', 'NONE');
#1749 = CARTESIAN_POINT ( 'NONE',  ( 3.335000000000003517, 0.000000000000000000, -1.774999999999999467 ) ) ;
#1750 = ORIENTED_EDGE ( 'NONE', *, *, #1701, .T. ) ;
#1751 = CARTESIAN_POINT ( 'NONE',  ( -3.265000000000000124, 1.099999999999999867, -1.811000000000000609 ) ) ;
#1752 = ORIENTED_EDGE ( 'NONE', *, *, #599, .F. ) ;
#1753 = DIRECTION ( 'NONE',  ( 0.000000000000000000, -1.000000000000000000, 0.000000000000000000 ) ) ;
#1754 = EDGE_CURVE ( 'NONE', #2115, #1876, #2204, .T. ) ;
#1755 = DIRECTION ( 'NONE',  ( 1.000000000000000000, 0.000000000000000000, -0.000000000000000000 ) ) ;
#1756 = CARTESIAN_POINT ( 'NONE',  ( 3.875000000000000444, 0.5310000000000000275, -1.774999999999999467 ) ) ;
#1757 = DIRECTION ( 'NONE',  ( 0.000000000000000000, 0.000000000000000000, -1.000000000000000000 ) ) ;
#1758 = CARTESIAN_POINT ( 'NONE',  ( 3.335000000000003517, 0.5310000000000000275, -2.219999999999999307 ) ) ;
#1759 = EDGE_LOOP ( 'NONE', ( #1895, #1156, #887, #1587 ) ) ;
#1760 = VECTOR ( 'NONE', #1329, 1000.000000000000000 ) ;
#1761 = AXIS2_PLACEMENT_3D ( 'NONE', #1044, #1990, #1977 ) ;
#1762 = ORIENTED_EDGE ( 'NONE', *, *, #2594, .T. ) ;
#1763 = EDGE_CURVE ( 'NONE', #2285, #1514, #301, .T. ) ;
#1764 = CARTESIAN_POINT ( 'NONE',  ( 4.955000000000000071, 0.000000000000000000, 2.665000000000000480 ) ) ;
#1765 = DIRECTION ( 'NONE',  ( 0.000000000000000000, 0.000000000000000000, 1.000000000000000000 ) ) ;
#1766 = AXIS2_PLACEMENT_3D ( 'NONE', #2235, #560, #96 ) ;
#1767 = ORIENTED_EDGE ( 'NONE', *, *, #1144, .T. ) ;
#1768 = DIRECTION ( 'NONE',  ( -0.000000000000000000, 1.000000000000000000, 0.000000000000000000 ) ) ;
#1769 = AXIS2_PLACEMENT_3D ( 'NONE', #1506, #2467, #1265 ) ;
#1770 = ORIENTED_EDGE ( 'NONE', *, *, #2064, .F. ) ;
#1771 = VECTOR ( 'NONE', #309, 1000.000000000000000 ) ;
#1772 = CARTESIAN_POINT ( 'NONE',  ( 3.875000000000001332, 0.5310000000000000275, -2.665000000000000036 ) ) ;
#1773 = CARTESIAN_POINT ( 'NONE',  ( -3.995999999999999552, 0.7132629967624067868, -1.894500000000000073 ) ) ;
#1774 = AXIS2_PLACEMENT_3D ( 'NONE', #931, #1834, #1113 ) ;
#1775 = FACE_OUTER_BOUND ( 'NONE', #551, .T. ) ;
#1776 = CARTESIAN_POINT ( 'NONE',  ( -2.594999999999999751, 1.099999999999999867, -2.761000000000000565 ) ) ;
#1777 = STYLED_ITEM ( 'NONE', ( #1838 ), #2004 ) ;
#1778 = VECTOR ( 'NONE', #170, 1000.000000000000000 ) ;
#1779 = ADVANCED_FACE ( 'NONE', ( #1239 ), #1510, .F. ) ;
#1780 = DIRECTION ( 'NONE',  ( 0.000000000000000000, 0.000000000000000000, -1.000000000000000000 ) ) ;
#1781 = LINE ( 'NONE', #1807, #630 ) ;
#1782 = VERTEX_POINT ( 'NONE', #1485 ) ;
#1783 = STYLED_ITEM ( 'NONE', ( #3004 ), #2632 ) ;
#1784 = ORIENTED_EDGE ( 'NONE', *, *, #2758, .F. ) ;
#1785 = UNCERTAINTY_MEASURE_WITH_UNIT (LENGTH_MEASURE( 1.000000000000000082E-05 ), #1012, 'distance_accuracy_value', 'NONE');
#1786 = CARTESIAN_POINT ( 'NONE',  ( 3.335000000000003961, 0.5310000000000000275, -0.5999999999999999778 ) ) ;
#1787 = EDGE_CURVE ( 'NONE', #2472, #1511, #996, .T. ) ;
#1788 = LINE ( 'NONE', #2724, #1166 ) ;
#1789 = ORIENTED_EDGE ( 'NONE', *, *, #1135, .T. ) ;
#1790 = DIRECTION ( 'NONE',  ( 0.000000000000000000, 1.000000000000000000, 0.000000000000000000 ) ) ;
#1791 = CARTESIAN_POINT ( 'NONE',  ( -0.2549999999999991718, 0.5310000000000000275, 0.000000000000000000 ) ) ;
#1792 = CARTESIAN_POINT ( 'NONE',  ( -0.2549999999999991718, 0.5310000000000000275, 2.219999999999998863 ) ) ;
#1793 = DIRECTION ( 'NONE',  ( 0.000000000000000000, 0.9961946980917458783, -0.08715574274765512663 ) ) ;
#1794 = ORIENTED_EDGE ( 'NONE', *, *, #2363, .F. ) ;
#1795 = ADVANCED_FACE ( 'NONE', ( #1921 ), #2655, .F. ) ;
#1796 = EDGE_CURVE ( 'NONE', #677, #99, #2686, .T. ) ;
#1797 = ORIENTED_EDGE ( 'NONE', *, *, #1996, .F. ) ;
#1798 = CARTESIAN_POINT ( 'NONE',  ( -2.594999999999999751, 1.099999999999999867, 0.4749999999999997558 ) ) ;
#1799 = CARTESIAN_POINT ( 'NONE',  ( -3.265000000000000124, 1.000000000000000000, -0.3914999999999999036 ) ) ;
#1800 = EDGE_LOOP ( 'NONE', ( #2329, #598, #685, #501, #1894, #2499, #2213, #1620, #1539, #464 ) ) ;
#1801 = DIRECTION ( 'NONE',  ( -1.000000000000000000, 0.000000000000000000, 0.000000000000000000 ) ) ;
#1802 = PLANE ( 'NONE',  #1223 ) ;
#1803 = LINE ( 'NONE', #1507, #3009 ) ;
#1804 = ADVANCED_FACE ( 'NONE', ( #1007 ), #449, .F. ) ;
#1805 = EDGE_LOOP ( 'NONE', ( #2439, #2083, #661, #2477 ) ) ;
#1806 = DIRECTION ( 'NONE',  ( 0.000000000000000000, 0.000000000000000000, -1.000000000000000000 ) ) ;
#1807 = CARTESIAN_POINT ( 'NONE',  ( -3.896000000000000796, 1.000000000000000000, -1.894500000000000073 ) ) ;
#1808 = VERTEX_POINT ( 'NONE', #1573 ) ;
#1809 = DIRECTION ( 'NONE',  ( -1.000000000000000000, 0.000000000000000000, 0.000000000000000000 ) ) ;
#1810 = AXIS2_PLACEMENT_3D ( 'NONE', #1830, #2771, #1626 ) ;
#1811 = EDGE_CURVE ( 'NONE', #2612, #1646, #2733, .T. ) ;
#1812 = CARTESIAN_POINT ( 'NONE',  ( -3.896000000000000796, 1.000000000000000444, 1.894500000000000295 ) ) ;
#1813 = ORIENTED_EDGE ( 'NONE', *, *, #207, .F. ) ;
#1814 = VECTOR ( 'NONE', #1906, 1000.000000000000000 ) ;
#1815 = CARTESIAN_POINT ( 'NONE',  ( -2.324999999999999289, 1.099999999999999867, 0.3915000000000001257 ) ) ;
#1816 = VECTOR ( 'NONE', #2497, 1000.000000000000227 ) ;
#1817 = VERTEX_POINT ( 'NONE', #2236 ) ;
#1818 = PLANE ( 'NONE',  #2408 ) ;
#1819 = CARTESIAN_POINT ( 'NONE',  ( -3.154999999999998916, 1.630999999999999783, -0.4750000000000001443 ) ) ;
#1820 = VECTOR ( 'NONE', #33, 1000.000000000000000 ) ;
#1821 = ORIENTED_EDGE ( 'NONE', *, *, #652, .F. ) ;
#1822 = CARTESIAN_POINT ( 'NONE',  ( -2.324999999999998845, 1.100000000000000089, 2.677500000000000657 ) ) ;
#1823 = EDGE_CURVE ( 'NONE', #1570, #12, #361, .T. ) ;
#1824 = VECTOR ( 'NONE', #1851, 1000.000000000000000 ) ;
#1825 = DIRECTION ( 'NONE',  ( 0.000000000000000000, 1.000000000000000000, 0.000000000000000000 ) ) ;
#1826 = ORIENTED_EDGE ( 'NONE', *, *, #913, .F. ) ;
#1827 = FILL_AREA_STYLE ('',( #1370 ) ) ;
#1828 = CARTESIAN_POINT ( 'NONE',  ( -3.265000000000000124, 1.000000000000000000, -1.894500000000000073 ) ) ;
#1829 = ORIENTED_EDGE ( 'NONE', *, *, #729, .T. ) ;
#1830 = CARTESIAN_POINT ( 'NONE',  ( 3.605000000000001759, 0.5310000000000000275, -0.5999999999999999778 ) ) ;
#1831 =( LENGTH_UNIT ( ) NAMED_UNIT ( * ) SI_UNIT ( .MILLI., .METRE. ) );
#1832 = EDGE_CURVE ( 'NONE', #925, #1511, #829, .T. ) ;
#1833 = EDGE_LOOP ( 'NONE', ( #2984, #2443, #1881, #2333, #838, #2597, #319, #2571, #601, #804 ) ) ;
#1834 = DIRECTION ( 'NONE',  ( -0.9925461516413219831, 0.1218693434051481422, 0.000000000000000000 ) ) ;
#1835 = CARTESIAN_POINT ( 'NONE',  ( -3.995999999999999552, 0.7132629967624067868, -2.677500000000000213 ) ) ;
#1836 = ORIENTED_EDGE ( 'NONE', *, *, #461, .F. ) ;
#1837 = FILL_AREA_STYLE_COLOUR ( '', #576 ) ;
#1838 = PRESENTATION_STYLE_ASSIGNMENT (( #2112 ) ) ;
#1839 = EDGE_LOOP ( 'NONE', ( #792, #1279, #2413, #720 ) ) ;
#1840 = EDGE_CURVE ( 'NONE', #2350, #3047, #1559, .T. ) ;
#1841 = DIRECTION ( 'NONE',  ( 1.000000000000000000, 6.073217144342845214E-18, -6.941718960586805977E-17 ) ) ;
#1842 = DIRECTION ( 'NONE',  ( -1.000000000000000000, -1.030937089526628706E-15, 0.000000000000000000 ) ) ;
#1843 = VERTEX_POINT ( 'NONE', #2766 ) ;
#1844 = CARTESIAN_POINT ( 'NONE',  ( 3.605000000000001759, 0.000000000000000000, 0.5999999999999999778 ) ) ;
#1845 = CARTESIAN_POINT ( 'NONE',  ( -3.265000000000000124, 1.000000000000000000, -1.894500000000000073 ) ) ;
#1846 = ORIENTED_EDGE ( 'NONE', *, *, #130, .T. ) ;
#1847 = LINE ( 'NONE', #186, #1018 ) ;
#1848 = DIRECTION ( 'NONE',  ( 0.000000000000000000, 0.000000000000000000, -1.000000000000000000 ) ) ;
#1849 = VERTEX_POINT ( 'NONE', #112 ) ;
#1850 = CARTESIAN_POINT ( 'NONE',  ( -3.265000000000000124, 1.000000000000000000, -2.677500000000000213 ) ) ;
#1851 = DIRECTION ( 'NONE',  ( -1.000000000000000000, -0.000000000000000000, -0.000000000000000000 ) ) ;
#1852 = VERTEX_POINT ( 'NONE', #2021 ) ;
#1853 = LINE ( 'NONE', #225, #2812 ) ;
#1854 = CARTESIAN_POINT ( 'NONE',  ( -3.265000000000000124, 1.099999999999999867, 2.761000000000000121 ) ) ;
#1855 = ADVANCED_FACE ( 'NONE', ( #393 ), #2487, .F. ) ;
#1856 = ORIENTED_EDGE ( 'NONE', *, *, #2059, .F. ) ;
#1857 = DIRECTION ( 'NONE',  ( 1.000000000000000000, -1.512469141050656879E-15, 0.000000000000000000 ) ) ;
#1858 = DIRECTION ( 'NONE',  ( -2.306813132947879068E-16, 1.000000000000000000, 0.000000000000000000 ) ) ;
#1859 = CARTESIAN_POINT ( 'NONE',  ( -4.908720300600997177, 1.084202172485504434E-16, -1.894500000000000073 ) ) ;
#1860 = LINE ( 'NONE', #1158, #25 ) ;
#1861 = ORIENTED_EDGE ( 'NONE', *, *, #2282, .F. ) ;
#1862 = PRESENTATION_LAYER_ASSIGNMENT (  '', '', ( #872 ) ) ;
#1863 = FILL_AREA_STYLE ('',( #914 ) ) ;
#1864 = CARTESIAN_POINT ( 'NONE',  ( 3.875000000000001776, 0.5310000000000000275, -3.290000000000000036 ) ) ;
#1865 = VECTOR ( 'NONE', #2535, 1000.000000000000000 ) ;
#1866 = PRESENTATION_LAYER_ASSIGNMENT (  '', '', ( #74 ) ) ;
#1867 = EDGE_CURVE ( 'NONE', #2360, #2279, #1781, .T. ) ;
#1868 = VECTOR ( 'NONE', #1077, 1000.000000000000000 ) ;
#1869 = EDGE_LOOP ( 'NONE', ( #32, #424, #901, #591 ) ) ;
#1870 = AXIS2_PLACEMENT_3D ( 'NONE', #2139, #506, #993 ) ;
#1871 = CARTESIAN_POINT ( 'NONE',  ( -4.955000000000000071, 0.5289793846867171245, -1.894500000000000073 ) ) ;
#1872 = VECTOR ( 'NONE', #1790, 1000.000000000000000 ) ;
#1873 = EDGE_LOOP ( 'NONE', ( #496, #2825, #1586, #1499 ) ) ;
#1874 = CARTESIAN_POINT ( 'NONE',  ( -3.896000000000000796, 0.9999999999999997780, -1.894500000000000073 ) ) ;
#1875 = CARTESIAN_POINT ( 'NONE',  ( -3.364999999999999325, 1.000000000000000000, -2.677500000000000213 ) ) ;
#1876 = VERTEX_POINT ( 'NONE', #2271 ) ;
#1877 = LINE ( 'NONE', #2773, #1617 ) ;
#1878 = DIRECTION ( 'NONE',  ( 0.000000000000000000, -1.000000000000000000, 0.000000000000000000 ) ) ;
#1879 = FACE_OUTER_BOUND ( 'NONE', #196, .T. ) ;
#1880 = LINE ( 'NONE', #414, #1713 ) ;
#1881 = ORIENTED_EDGE ( 'NONE', *, *, #878, .F. ) ;
#1882 = EDGE_CURVE ( 'NONE', #2551, #984, #128, .T. ) ;
#1883 = EDGE_CURVE ( 'NONE', #1216, #987, #1092, .T. ) ;
#1884 = DIRECTION ( 'NONE',  ( -1.000000000000000000, 0.000000000000000000, 0.000000000000000000 ) ) ;
#1885 = ORIENTED_EDGE ( 'NONE', *, *, #703, .F. ) ;
#1886 = LINE ( 'NONE', #953, #1317 ) ;
#1887 = DIRECTION ( 'NONE',  ( 8.167248003657282516E-16, 1.000000000000000000, 0.000000000000000000 ) ) ;
#1888 = ORIENTED_EDGE ( 'NONE', *, *, #378, .F. ) ;
#1889 = CARTESIAN_POINT ( 'NONE',  ( -2.594999999999999751, 1.100000000000000089, 0.3915000000000001257 ) ) ;
#1890 = ORIENTED_EDGE ( 'NONE', *, *, #1284, .T. ) ;
#1891 = DIRECTION ( 'NONE',  ( -0.000000000000000000, -0.000000000000000000, -1.000000000000000000 ) ) ;
#1892 = SURFACE_SIDE_STYLE ('',( #2362 ) ) ;
#1893 = EDGE_CURVE ( 'NONE', #1066, #2277, #2969, .T. ) ;
#1894 = ORIENTED_EDGE ( 'NONE', *, *, #1124, .F. ) ;
#1895 = ORIENTED_EDGE ( 'NONE', *, *, #638, .T. ) ;
#1896 = DIRECTION ( 'NONE',  ( -1.000000000000000000, -0.000000000000000000, -0.000000000000000000 ) ) ;
#1897 = SURFACE_SIDE_STYLE ('',( #3018 ) ) ;
#1898 = ORIENTED_EDGE ( 'NONE', *, *, #1550, .T. ) ;
#1899 = CARTESIAN_POINT ( 'NONE',  ( 3.335000000000003517, 0.5310000000000000275, -2.219999999999999307 ) ) ;
#1900 = PLANE ( 'NONE',  #1430 ) ;
#1901 =( NAMED_UNIT ( * ) PLANE_ANGLE_UNIT ( ) SI_UNIT ( $, .RADIAN. ) );
#1902 = CIRCLE ( 'NONE', #572, 0.2699999999999979083 ) ;
#1903 = LINE ( 'NONE', #523, #2107 ) ;
#1904 = LINE ( 'NONE', #251, #2514 ) ;
#1905 = EDGE_CURVE ( 'NONE', #2516, #1241, #235, .T. ) ;
#1906 = DIRECTION ( 'NONE',  ( -0.000000000000000000, -1.000000000000000000, -0.000000000000000000 ) ) ;
#1907 = VECTOR ( 'NONE', #2835, 1000.000000000000000 ) ;
#1908 = ORIENTED_EDGE ( 'NONE', *, *, #2481, .T. ) ;
#1909 = AXIS2_PLACEMENT_3D ( 'NONE', #136, #65, #2430 ) ;
#1910 = ORIENTED_EDGE ( 'NONE', *, *, #2379, .F. ) ;
#1911 = ORIENTED_EDGE ( 'NONE', *, *, #2017, .T. ) ;
#1912 = CARTESIAN_POINT ( 'NONE',  ( -2.594999999999999751, 1.000000000000000000, 1.894500000000000295 ) ) ;
#1913 = STYLED_ITEM ( 'NONE', ( #2811 ), #2037 ) ;
#1914 = ORIENTED_EDGE ( 'NONE', *, *, #1588, .F. ) ;
#1915 = CARTESIAN_POINT ( 'NONE',  ( 4.955000000000000071, 0.000000000000000000, -2.665000000000000480 ) ) ;
#1916 = VECTOR ( 'NONE', #50, 1000.000000000000000 ) ;
#1917 = AXIS2_PLACEMENT_3D ( 'NONE', #2165, #2211, #2397 ) ;
#1918 = CARTESIAN_POINT ( 'NONE',  ( 3.335000000000003517, 0.5310000000000000275, -2.219999999999999307 ) ) ;
#1919 = CARTESIAN_POINT ( 'NONE',  ( -3.264999999999999680, 1.630999999999999783, -1.894500000000000073 ) ) ;
#1920 = CARTESIAN_POINT ( 'NONE',  ( 3.875000000000001332, 0.5310000000000000275, 1.774999999999999467 ) ) ;
#1921 = FACE_OUTER_BOUND ( 'NONE', #2382, .T. ) ;
#1922 = ORIENTED_EDGE ( 'NONE', *, *, #1484, .T. ) ;
#1923 = EDGE_CURVE ( 'NONE', #1591, #2125, #2699, .T. ) ;
#1924 = EDGE_LOOP ( 'NONE', ( #26, #789, #1381, #1797 ) ) ;
#1925 = EDGE_CURVE ( 'NONE', #1646, #497, #613, .T. ) ;
#1926 = CARTESIAN_POINT ( 'NONE',  ( -3.941004726326231555, 0.08466414226651548802, -1.894500000000000073 ) ) ;
#1927 = DIRECTION ( 'NONE',  ( 0.1218693434051473651, 0.9925461516413219831, 0.000000000000000000 ) ) ;
#1928 = ORIENTED_EDGE ( 'NONE', *, *, #1905, .T. ) ;
#1929 = LINE ( 'NONE', #502, #1820 ) ;
#1930 = CARTESIAN_POINT ( 'NONE',  ( 0.000000000000000000, 0.5310000000000000275, 1.774999999999999467 ) ) ;
#1931 = DIRECTION ( 'NONE',  ( -0.9961946980917461003, -0.08715574274765169882, 0.000000000000000000 ) ) ;
#1932 = DIRECTION ( 'NONE',  ( 0.000000000000000000, 0.000000000000000000, -1.000000000000000000 ) ) ;
#1933 = CARTESIAN_POINT ( 'NONE',  ( -2.594999999999999751, 1.630999999999999783, 2.677500000000000213 ) ) ;
#1934 = EDGE_CURVE ( 'NONE', #984, #998, #2502, .T. ) ;
#1935 = LINE ( 'NONE', #1972, #2403 ) ;
#1936 = LINE ( 'NONE', #923, #730 ) ;
#1937 = ORIENTED_EDGE ( 'NONE', *, *, #740, .F. ) ;
#1938 = ORIENTED_EDGE ( 'NONE', *, *, #2274, .T. ) ;
#1939 = ORIENTED_EDGE ( 'NONE', *, *, #2274, .F. ) ;
#1940 = DIRECTION ( 'NONE',  ( -1.000000000000000000, -0.000000000000000000, -0.000000000000000000 ) ) ;
#1941 = CARTESIAN_POINT ( 'NONE',  ( 0.000000000000000000, 2.390000000000000124, 0.000000000000000000 ) ) ;
#1942 = ADVANCED_FACE ( 'NONE', ( #376 ), #2284, .F. ) ;
#1943 = ORIENTED_EDGE ( 'NONE', *, *, #2776, .F. ) ;
#1944 = DIRECTION ( 'NONE',  ( 0.000000000000000000, 0.000000000000000000, 1.000000000000000000 ) ) ;
#1945 = CARTESIAN_POINT ( 'NONE',  ( 3.335000000000004405, 0.5310000000000000275, 0.000000000000000000 ) ) ;
#1946 = CARTESIAN_POINT ( 'NONE',  ( -2.594999999999999751, 1.100000000000000089, -1.894500000000000073 ) ) ;
#1947 = CARTESIAN_POINT ( 'NONE',  ( -3.941004726326231555, 0.08466414226651511332, -1.894500000000000073 ) ) ;
#1948 = PLANE ( 'NONE',  #1221 ) ;
#1949 = AXIS2_PLACEMENT_3D ( 'NONE', #1522, #1753, #1540 ) ;
#1950 = DIRECTION ( 'NONE',  ( -0.000000000000000000, -1.000000000000000000, -0.000000000000000000 ) ) ;
#1951 = CIRCLE ( 'NONE', #622, 0.2699999999999979083 ) ;
#1952 = VERTEX_POINT ( 'NONE', #859 ) ;
#1953 = EDGE_CURVE ( 'NONE', #3038, #2925, #2746, .T. ) ;
#1954 =( NAMED_UNIT ( * ) PLANE_ANGLE_UNIT ( ) SI_UNIT ( $, .RADIAN. ) );
#1955 = AXIS2_PLACEMENT_3D ( 'NONE', #1850, #2765, #888 ) ;
#1956 = MECHANICAL_DESIGN_GEOMETRIC_PRESENTATION_REPRESENTATION (  '', ( #74 ), #377 ) ;
#1957 = EDGE_LOOP ( 'NONE', ( #2871, #1688, #511, #2196 ) ) ;
#1958 = ORIENTED_EDGE ( 'NONE', *, *, #342, .T. ) ;
#1959 = CARTESIAN_POINT ( 'NONE',  ( -3.264999999999999680, 1.631000000000000005, -1.811000000000000609 ) ) ;
#1960 = VECTOR ( 'NONE', #455, 1000.000000000000000 ) ;
#1961 = CARTESIAN_POINT ( 'NONE',  ( 3.875000000000001332, 0.5310000000000000275, 1.774999999999999467 ) ) ;
#1962 = AXIS2_PLACEMENT_3D ( 'NONE', #1696, #2584, #751 ) ;
#1963 = ORIENTED_EDGE ( 'NONE', *, *, #2282, .T. ) ;
#1964 = LINE ( 'NONE', #1280, #724 ) ;
#1965 = VERTEX_POINT ( 'NONE', #159 ) ;
#1966 = LINE ( 'NONE', #1740, #1313 ) ;
#1967 = EDGE_CURVE ( 'NONE', #242, #3024, #2047, .T. ) ;
#1968 = AXIS2_PLACEMENT_3D ( 'NONE', #2651, #797, #2 ) ;
#1969 = STYLED_ITEM ( 'NONE', ( #272 ), #2780 ) ;
#1970 = DIRECTION ( 'NONE',  ( -0.1218693434051481284, -0.9925461516413218721, 0.000000000000000000 ) ) ;
#1971 =( GEOMETRIC_REPRESENTATION_CONTEXT ( 3 ) GLOBAL_UNCERTAINTY_ASSIGNED_CONTEXT ( ( #564 ) ) GLOBAL_UNIT_ASSIGNED_CONTEXT ( ( #462, #3014, #1638 ) ) REPRESENTATION_CONTEXT ( 'NONE', 'WORKASPACE' ) );
#1972 = CARTESIAN_POINT ( 'NONE',  ( -0.2549999999999991718, 0.5310000000000000275, -2.219999999999998863 ) ) ;
#1973 = SURFACE_SIDE_STYLE ('',( #2881 ) ) ;
#1974 = ORIENTED_EDGE ( 'NONE', *, *, #504, .F. ) ;
#1975 = EDGE_CURVE ( 'NONE', #1129, #1118, #1351, .T. ) ;
#1976 = ORIENTED_EDGE ( 'NONE', *, *, #974, .T. ) ;
#1977 = DIRECTION ( 'NONE',  ( 0.000000000000000000, -0.000000000000000000, 1.000000000000000000 ) ) ;
#1978 = PLANE ( 'NONE',  #292 ) ;
#1979 = EDGE_LOOP ( 'NONE', ( #1683, #214, #2675, #2703 ) ) ;
#1980 = DIRECTION ( 'NONE',  ( 0.000000000000000000, -1.000000000000000000, -0.000000000000000000 ) ) ;
#1981 = ORIENTED_EDGE ( 'NONE', *, *, #1334, .F. ) ;
#1982 = CARTESIAN_POINT ( 'NONE',  ( -2.324999999999998845, 1.100000000000000089, 2.677500000000000213 ) ) ;
#1983 = CARTESIAN_POINT ( 'NONE',  ( -3.365000000000000213, 0.7132629967624057876, 1.894500000000000295 ) ) ;
#1984 = CARTESIAN_POINT ( 'NONE',  ( 3.875000000000001776, 0.5310000000000000275, -3.290000000000000036 ) ) ;
#1985 = CARTESIAN_POINT ( 'NONE',  ( 3.875000000000001332, 0.5310000000000000275, 2.664999999999999591 ) ) ;
#1986 = EDGE_CURVE ( 'NONE', #1184, #1965, #670, .T. ) ;
#1987 = CARTESIAN_POINT ( 'NONE',  ( 3.605000000000001759, 0.000000000000000000, -0.5999999999999999778 ) ) ;
#1988 = ORIENTED_EDGE ( 'NONE', *, *, #79, .T. ) ;
#1989 = ORIENTED_EDGE ( 'NONE', *, *, #2481, .F. ) ;
#1990 = DIRECTION ( 'NONE',  ( 0.000000000000000000, 1.000000000000000000, 0.000000000000000000 ) ) ;
#1991 = DIRECTION ( 'NONE',  ( 0.000000000000000000, -1.000000000000000000, 0.000000000000000000 ) ) ;
#1992 = ORIENTED_EDGE ( 'NONE', *, *, #2879, .F. ) ;
#1993 = LINE ( 'NONE', #1738, #2804 ) ;
#1994 = VERTEX_POINT ( 'NONE', #714 ) ;
#1995 = CARTESIAN_POINT ( 'NONE',  ( -2.189936983006810944, -2.168404344971008868E-16, -3.290000000000000036 ) ) ;
#1996 = EDGE_CURVE ( 'NONE', #1808, #2551, #702, .T. ) ;
#1997 = LINE ( 'NONE', #1070, #2705 ) ;
#1998 = CARTESIAN_POINT ( 'NONE',  ( 3.875000000000000888, 2.390000000000000124, 1.774999999999999245 ) ) ;
#1999 = DIRECTION ( 'NONE',  ( -0.000000000000000000, -0.000000000000000000, -1.000000000000000000 ) ) ;
#2000 = DIRECTION ( 'NONE',  ( 6.968235199287820399E-17, -0.08715574274765512663, -0.9961946980917458783 ) ) ;
#2001 = ORIENTED_EDGE ( 'NONE', *, *, #525, .T. ) ;
#2002 = VECTOR ( 'NONE', #755, 1000.000000000000000 ) ;
#2003 = ADVANCED_FACE ( 'NONE', ( #192 ), #3060, .F. ) ;
#2004 = MANIFOLD_SOLID_BREP ( 'Boss-Extrude2', #775 ) ;
#2005 = VECTOR ( 'NONE', #790, 1000.000000000000000 ) ;
#2006 = ORIENTED_EDGE ( 'NONE', *, *, #1498, .T. ) ;
#2007 = CARTESIAN_POINT ( 'NONE',  ( -3.896000000000001240, 0.7132629967624067868, -2.677500000000000213 ) ) ;
#2008 = PRESENTATION_LAYER_ASSIGNMENT (  '', '', ( #2207 ) ) ;
#2009 = DIRECTION ( 'NONE',  ( -0.000000000000000000, -0.000000000000000000, -1.000000000000000000 ) ) ;
#2010 = VECTOR ( 'NONE', #210, 1000.000000000000000 ) ;
#2011 = ORIENTED_EDGE ( 'NONE', *, *, #537, .T. ) ;
#2012 = CARTESIAN_POINT ( 'NONE',  ( 0.000000000000000000, 0.000000000000000000, -2.761000000000000565 ) ) ;
#2013 = DIRECTION ( 'NONE',  ( -1.000000000000000000, 0.000000000000000000, -1.208024704719224136E-16 ) ) ;
#2014 = ORIENTED_EDGE ( 'NONE', *, *, #417, .T. ) ;
#2015 = CARTESIAN_POINT ( 'NONE',  ( -3.265000000000000124, 1.000000000000000000, 2.677500000000000213 ) ) ;
#2016 = CARTESIAN_POINT ( 'NONE',  ( -3.941004726326231555, 0.08466414226651522434, -2.677500000000000213 ) ) ;
#2017 = EDGE_CURVE ( 'NONE', #955, #2161, #2564, .T. ) ;
#2018 = MECHANICAL_DESIGN_GEOMETRIC_PRESENTATION_REPRESENTATION (  '', ( #1913 ), #879 ) ;
#2019 = PRESENTATION_LAYER_ASSIGNMENT (  '', '', ( #1783 ) ) ;
#2020 = DIRECTION ( 'NONE',  ( -0.000000000000000000, -0.000000000000000000, -1.000000000000000000 ) ) ;
#2021 = CARTESIAN_POINT ( 'NONE',  ( 3.875000000000000888, 0.000000000000000000, 0.5999999999999998668 ) ) ;
#2022 = DIRECTION ( 'NONE',  ( -1.000000000000000000, 2.168404344971021884E-15, 0.000000000000000000 ) ) ;
#2023 = VECTOR ( 'NONE', #1561, 1000.000000000000000 ) ;
#2024 = ORIENTED_EDGE ( 'NONE', *, *, #1653, .T. ) ;
#2025 = LINE ( 'NONE', #2007, #1274 ) ;
#2026 = PLANE ( 'NONE',  #1121 ) ;
#2027 = EDGE_CURVE ( 'NONE', #2125, #2472, #1120, .T. ) ;
#2028 = ORIENTED_EDGE ( 'NONE', *, *, #326, .F. ) ;
#2029 = DIRECTION ( 'NONE',  ( 0.1218693434051473651, 0.9925461516413219831, 0.000000000000000000 ) ) ;
#2030 = SURFACE_SIDE_STYLE ('',( #2740 ) ) ;
#2031 = EDGE_LOOP ( 'NONE', ( #2828, #405, #1303, #1328, #2300, #2099, #2628, #2238 ) ) ;
#2032 = CARTESIAN_POINT ( 'NONE',  ( -3.364999999999999325, 1.000000000000000000, 1.894500000000000295 ) ) ;
#2033 = LINE ( 'NONE', #1984, #1621 ) ;
#2034 = CARTESIAN_POINT ( 'NONE',  ( -3.264999999999999680, 1.631000000000000005, -1.894500000000000073 ) ) ;
#2035 = CARTESIAN_POINT ( 'NONE',  ( -3.264999999999999680, 1.630999999999999783, -0.4750000000000001443 ) ) ;
#2036 = EDGE_CURVE ( 'NONE', #1241, #2886, #1365, .T. ) ;
#2037 = MANIFOLD_SOLID_BREP ( 'Boss-Extrude4', #1714 ) ;
#2038 = ORIENTED_EDGE ( 'NONE', *, *, #2189, .F. ) ;
#2039 = CYLINDRICAL_SURFACE ( 'NONE', #434, 0.6310000000000000053 ) ;
#2040 = DIRECTION ( 'NONE',  ( 0.000000000000000000, 0.000000000000000000, -1.000000000000000000 ) ) ;
#2041 = ORIENTED_EDGE ( 'NONE', *, *, #2093, .T. ) ;
#2042 = ADVANCED_FACE ( 'NONE', ( #2580 ), #1384, .F. ) ;
#2043 = LINE ( 'NONE', #1610, #1419 ) ;
#2044 = CARTESIAN_POINT ( 'NONE',  ( -3.265000000000000124, 1.000000000000000000, 0.3915000000000001257 ) ) ;
#2045 = ORIENTED_EDGE ( 'NONE', *, *, #1953, .T. ) ;
#2046 = SURFACE_STYLE_USAGE ( .BOTH. , #446 ) ;
#2047 = LINE ( 'NONE', #2993, #2707 ) ;
#2048 = EDGE_LOOP ( 'NONE', ( #2701, #293, #3063, #2547 ) ) ;
#2049 = ADVANCED_FACE ( 'NONE', ( #39 ), #2866, .F. ) ;
#2050 = CARTESIAN_POINT ( 'NONE',  ( -3.264999999999999680, 1.631000000000000005, -2.677500000000000213 ) ) ;
#2051 = VECTOR ( 'NONE', #2370, 1000.000000000000000 ) ;
#2052 = DIRECTION ( 'NONE',  ( 0.000000000000000000, -0.000000000000000000, -1.000000000000000000 ) ) ;
#2053 = ORIENTED_EDGE ( 'NONE', *, *, #2955, .F. ) ;
#2054 = CARTESIAN_POINT ( 'NONE',  ( 3.335000000000003961, 0.5310000000000079101, 0.5999999999999999778 ) ) ;
#2055 = CARTESIAN_POINT ( 'NONE',  ( -3.896000000000000796, 1.000000000000000000, 2.677500000000000213 ) ) ;
#2056 = CIRCLE ( 'NONE', #1955, 0.6310000000000000053 ) ;
#2057 = FACE_OUTER_BOUND ( 'NONE', #1504, .T. ) ;
#2058 = CARTESIAN_POINT ( 'NONE',  ( 3.335000000000003961, 0.5310000000000000275, -0.5999999999999999778 ) ) ;
#2059 = EDGE_CURVE ( 'NONE', #497, #2132, #748, .T. ) ;
#2060 = VECTOR ( 'NONE', #318, 1000.000000000000000 ) ;
#2061 = VERTEX_POINT ( 'NONE', #524 ) ;
#2062 =( LENGTH_UNIT ( ) NAMED_UNIT ( * ) SI_UNIT ( .MILLI., .METRE. ) );
#2063 = AXIS2_PLACEMENT_3D ( 'NONE', #1320, #2471, #2981 ) ;
#2064 = EDGE_CURVE ( 'NONE', #2954, #3038, #2852, .T. ) ;
#2065 = VECTOR ( 'NONE', #1525, 1000.000000000000000 ) ;
#2066 = COLOUR_RGB ( '',0.1098039215686274495, 0.1098039215686274495, 0.1098039215686274495 ) ;
#2067 = ORIENTED_EDGE ( 'NONE', *, *, #1380, .F. ) ;
#2068 = CARTESIAN_POINT ( 'NONE',  ( -3.364999999999999325, 1.000000000000000000, -1.894500000000000073 ) ) ;
#2069 = VECTOR ( 'NONE', #1765, 1000.000000000000000 ) ;
#2070 = EDGE_CURVE ( 'NONE', #362, #2612, #2154, .T. ) ;
#2071 = CARTESIAN_POINT ( 'NONE',  ( 3.646743501281513922, 2.390000000000000568, -3.080902094173040950 ) ) ;
#2072 = ORIENTED_EDGE ( 'NONE', *, *, #493, .T. ) ;
#2073 = CARTESIAN_POINT ( 'NONE',  ( -3.896000000000001240, 0.7132629967624067868, -1.894500000000000073 ) ) ;
#2074 = CARTESIAN_POINT ( 'NONE',  ( -3.264999999999999680, 1.631000000000000005, 1.894500000000000295 ) ) ;
#2075 = EDGE_CURVE ( 'NONE', #2884, #1080, #477, .T. ) ;
#2076 = VERTEX_POINT ( 'NONE', #72 ) ;
#2077 = CARTESIAN_POINT ( 'NONE',  ( -2.324999999999998845, 1.099999999999998535, 3.193762470121479069 ) ) ;
#2078 = LINE ( 'NONE', #3022, #732 ) ;
#2079 = ORIENTED_EDGE ( 'NONE', *, *, #1701, .F. ) ;
#2080 = EDGE_LOOP ( 'NONE', ( #1635, #1521, #432, #568 ) ) ;
#2081 = PRESENTATION_STYLE_ASSIGNMENT (( #1134 ) ) ;
#2082 = ADVANCED_FACE ( 'NONE', ( #264 ), #2405, .T. ) ;
#2083 = ORIENTED_EDGE ( 'NONE', *, *, #825, .T. ) ;
#2084 = DIRECTION ( 'NONE',  ( 9.745637505487686422E-16, 0.000000000000000000, -1.000000000000000000 ) ) ;
#2085 = DIRECTION ( 'NONE',  ( -0.08715574274765142126, 0.9961946980917461003, 0.000000000000000000 ) ) ;
#2086 = ORIENTED_EDGE ( 'NONE', *, *, #500, .F. ) ;
#2087 = DIRECTION ( 'NONE',  ( 1.512469141050656879E-15, 1.000000000000000000, 0.000000000000000000 ) ) ;
#2088 = DIRECTION ( 'NONE',  ( -1.000000000000000000, -0.000000000000000000, 0.000000000000000000 ) ) ;
#2089 = ORIENTED_EDGE ( 'NONE', *, *, #91, .F. ) ;
#2090 = DIRECTION ( 'NONE',  ( 1.000000000000000000, 0.000000000000000000, 0.000000000000000000 ) ) ;
#2091 = CARTESIAN_POINT ( 'NONE',  ( -4.955000000000000071, 0.5289793846867171245, -2.677500000000000213 ) ) ;
#2092 = VERTEX_POINT ( 'NONE', #2913 ) ;
#2093 = EDGE_CURVE ( 'NONE', #2277, #117, #780, .T. ) ;
#2094 = ORIENTED_EDGE ( 'NONE', *, *, #1342, .F. ) ;
#2095 = DIRECTION ( 'NONE',  ( -3.024938282101312575E-15, -1.000000000000000000, 0.000000000000000000 ) ) ;
#2096 = EDGE_LOOP ( 'NONE', ( #2178, #865, #1246, #785 ) ) ;
#2097 = DIRECTION ( 'NONE',  ( 0.000000000000000000, 0.000000000000000000, -1.000000000000000000 ) ) ;
#2098 = DIRECTION ( 'NONE',  ( -1.000000000000000000, -0.000000000000000000, 0.000000000000000000 ) ) ;
#2099 = ORIENTED_EDGE ( 'NONE', *, *, #2027, .F. ) ;
#2100 = CARTESIAN_POINT ( 'NONE',  ( -3.987284425725235337, 0.6136435269532319881, 1.894500000000000295 ) ) ;
#2101 = CARTESIAN_POINT ( 'NONE',  ( 3.875000000000000888, 2.390000000000000124, -3.080902094173040950 ) ) ;
#2102 = ORIENTED_EDGE ( 'NONE', *, *, #245, .T. ) ;
#2103 = CARTESIAN_POINT ( 'NONE',  ( -2.594999999999999751, 1.630999999999999783, -2.761000000000001009 ) ) ;
#2104 = VECTOR ( 'NONE', #2020, 1000.000000000000000 ) ;
#2105 = CARTESIAN_POINT ( 'NONE',  ( 3.335000000000004405, 0.5310000000000000275, 0.000000000000000000 ) ) ;
#2106 = LINE ( 'NONE', #847, #2258 ) ;
#2107 = VECTOR ( 'NONE', #2851, 1000.000000000000000 ) ;
#2108 = PRESENTATION_LAYER_ASSIGNMENT (  '', '', ( #2652 ) ) ;
#2109 = ADVANCED_FACE ( 'NONE', ( #1461 ), #2877, .T. ) ;
#2110 = PLANE ( 'NONE',  #1311 ) ;
#2111 = ADVANCED_FACE ( 'NONE', ( #1005 ), #1708, .F. ) ;
#2112 = SURFACE_STYLE_USAGE ( .BOTH. , #1892 ) ;
#2113 = AXIS2_PLACEMENT_3D ( 'NONE', #2924, #2009, #308 ) ;
#2114 = STYLED_ITEM ( 'NONE', ( #529 ), #1804 ) ;
#2115 = VERTEX_POINT ( 'NONE', #1203 ) ;
#2116 = COLOUR_RGB ( '',0.1098039215686274495, 0.1098039215686274495, 0.1098039215686274495 ) ;
#2117 = DIRECTION ( 'NONE',  ( -0.000000000000000000, -0.000000000000000000, -1.000000000000000000 ) ) ;
#2118 = CIRCLE ( 'NONE', #784, 0.6310000000000000053 ) ;
#2119 =( NAMED_UNIT ( * ) PLANE_ANGLE_UNIT ( ) SI_UNIT ( $, .RADIAN. ) );
#2120 = ORIENTED_EDGE ( 'NONE', *, *, #1417, .F. ) ;
#2121 = DIRECTION ( 'NONE',  ( 0.000000000000000000, 0.000000000000000000, -1.000000000000000000 ) ) ;
#2122 = DIRECTION ( 'NONE',  ( 0.000000000000000000, -1.000000000000000000, 0.000000000000000000 ) ) ;
#2123 = VECTOR ( 'NONE', #1927, 1000.000000000000227 ) ;
#2124 = ADVANCED_FACE ( 'NONE', ( #2637 ), #1948, .F. ) ;
#2125 = VERTEX_POINT ( 'NONE', #2893 ) ;
#2126 = LINE ( 'NONE', #1456, #674 ) ;
#2127 = LINE ( 'NONE', #403, #1724 ) ;
#2128 = ORIENTED_EDGE ( 'NONE', *, *, #2234, .F. ) ;
#2129 = DIRECTION ( 'NONE',  ( 0.000000000000000000, 0.000000000000000000, 1.000000000000000000 ) ) ;
#2130 = VERTEX_POINT ( 'NONE', #1021 ) ;
#2131 = DIRECTION ( 'NONE',  ( -0.9961946980917461003, -0.08715574274765174045, 0.000000000000000000 ) ) ;
#2132 = VERTEX_POINT ( 'NONE', #1482 ) ;
#2133 = DIRECTION ( 'NONE',  ( 1.000000000000000000, 2.306813132947879068E-16, -0.000000000000000000 ) ) ;
#2134 = DIRECTION ( 'NONE',  ( -3.024938282101312575E-15, -1.000000000000000000, 0.000000000000000000 ) ) ;
#2135 = ORIENTED_EDGE ( 'NONE', *, *, #2626, .F. ) ;
#2136 = DIRECTION ( 'NONE',  ( 1.949127501097536890E-15, 0.000000000000000000, 1.000000000000000000 ) ) ;
#2137 = EDGE_CURVE ( 'NONE', #1208, #595, #1904, .T. ) ;
#2138 = DIRECTION ( 'NONE',  ( 0.000000000000000000, 0.000000000000000000, 1.000000000000000000 ) ) ;
#2139 = CARTESIAN_POINT ( 'NONE',  ( -2.594999999999999751, 1.099999999999999867, -1.811000000000000609 ) ) ;
#2140 = DIRECTION ( 'NONE',  ( -1.000000000000000000, 0.000000000000000000, 0.000000000000000000 ) ) ;
#2141 = ORIENTED_EDGE ( 'NONE', *, *, #326, .T. ) ;
#2142 =( NAMED_UNIT ( * ) SI_UNIT ( $, .STERADIAN. ) SOLID_ANGLE_UNIT ( ) );
#2143 = EDGE_CURVE ( 'NONE', #753, #217, #1191, .T. ) ;
#2144 = ORIENTED_EDGE ( 'NONE', *, *, #692, .F. ) ;
#2145 = LINE ( 'NONE', #967, #2603 ) ;
#2146 = DIRECTION ( 'NONE',  ( 8.167248003657282516E-16, 1.000000000000000000, 0.000000000000000000 ) ) ;
#2147 = ORIENTED_EDGE ( 'NONE', *, *, #1434, .F. ) ;
#2148 = DIRECTION ( 'NONE',  ( 0.000000000000000000, 0.000000000000000000, 1.000000000000000000 ) ) ;
#2149 = DIRECTION ( 'NONE',  ( 1.949127501097536890E-15, 0.000000000000000000, 1.000000000000000000 ) ) ;
#2150 = PLANE ( 'NONE',  #1949 ) ;
#2151 = VECTOR ( 'NONE', #1050, 1000.000000000000000 ) ;
#2152 = AXIS2_PLACEMENT_3D ( 'NONE', #2436, #4, #1495 ) ;
#2153 = CARTESIAN_POINT ( 'NONE',  ( -3.265000000000000124, 1.000000000000000000, -2.677500000000000213 ) ) ;
#2154 = LINE ( 'NONE', #733, #1172 ) ;
#2155 = VECTOR ( 'NONE', #1546, 1000.000000000000000 ) ;
#2156 = CARTESIAN_POINT ( 'NONE',  ( 3.335000000000003517, 0.5310000000000000275, -1.774999999999999467 ) ) ;
#2157 = ADVANCED_FACE ( 'NONE', ( #299 ), #1237, .F. ) ;
#2158 = AXIS2_PLACEMENT_3D ( 'NONE', #1429, #1705, #1249 ) ;
#2159 = EDGE_LOOP ( 'NONE', ( #2677, #1133, #1609, #460 ) ) ;
#2160 = VECTOR ( 'NONE', #1145, 1000.000000000000000 ) ;
#2161 = VERTEX_POINT ( 'NONE', #2188 ) ;
#2162 = VECTOR ( 'NONE', #1825, 1000.000000000000000 ) ;
#2163 = ORIENTED_EDGE ( 'NONE', *, *, #1736, .T. ) ;
#2164 = CARTESIAN_POINT ( 'NONE',  ( 3.335000000000003517, 0.5310000000000000275, -1.774999999999999467 ) ) ;
#2165 = CARTESIAN_POINT ( 'NONE',  ( 4.955000000000000071, 0.5310000000000000275, 2.665000000000000480 ) ) ;
#2166 = VECTOR ( 'NONE', #2558, 1000.000000000000000 ) ;
#2167 = ORIENTED_EDGE ( 'NONE', *, *, #2554, .T. ) ;
#2168 = CARTESIAN_POINT ( 'NONE',  ( 3.605000000000001759, 0.5310000000000000275, -0.8699999999999978861 ) ) ;
#2169 = CARTESIAN_POINT ( 'NONE',  ( 3.335000000000004405, 0.5310000000000000275, -0.6000000000000000888 ) ) ;
#2170 = PRESENTATION_STYLE_ASSIGNMENT (( #276 ) ) ;
#2171 = ADVANCED_FACE ( 'NONE', ( #779 ), #2671, .T. ) ;
#2172 = AXIS2_PLACEMENT_3D ( 'NONE', #1941, #791, #1454 ) ;
#2173 = DIRECTION ( 'NONE',  ( -0.000000000000000000, 0.000000000000000000, 1.000000000000000000 ) ) ;
#2174 = CARTESIAN_POINT ( 'NONE',  ( 3.335000000000003961, 0.5310000000000000275, 0.5999999999999999778 ) ) ;
#2175 = FILL_AREA_STYLE_COLOUR ( '', #2212 ) ;
#2176 = ORIENTED_EDGE ( 'NONE', *, *, #1513, .F. ) ;
#2177 = EDGE_CURVE ( 'NONE', #1502, #2884, #856, .T. ) ;
#2178 = ORIENTED_EDGE ( 'NONE', *, *, #1653, .F. ) ;
#2179 = ORIENTED_EDGE ( 'NONE', *, *, #130, .F. ) ;
#2180 = UNCERTAINTY_MEASURE_WITH_UNIT (LENGTH_MEASURE( 1.000000000000000082E-05 ), #296, 'distance_accuracy_value', 'NONE');
#2181 = CARTESIAN_POINT ( 'NONE',  ( -3.896000000000001240, 0.7132629967624067868, 2.677500000000000213 ) ) ;
#2182 = DIRECTION ( 'NONE',  ( -0.000000000000000000, -0.000000000000000000, -1.000000000000000000 ) ) ;
#2183 = EDGE_LOOP ( 'NONE', ( #863, #1233, #2192, #653 ) ) ;
#2184 = LINE ( 'NONE', #971, #873 ) ;
#2185 = CARTESIAN_POINT ( 'NONE',  ( -3.265000000000000124, 1.099999999999999867, 2.677500000000000213 ) ) ;
#2186 = PLANE ( 'NONE',  #2158 ) ;
#2187 =( LENGTH_UNIT ( ) NAMED_UNIT ( * ) SI_UNIT ( .MILLI., .METRE. ) );
#2188 = CARTESIAN_POINT ( 'NONE',  ( -2.324999999999998845, 1.100000000000000089, 1.894500000000000295 ) ) ;
#2189 = EDGE_CURVE ( 'NONE', #1324, #1118, #632, .T. ) ;
#2190 = PLANE ( 'NONE',  #515 ) ;
#2191 = ORIENTED_EDGE ( 'NONE', *, *, #167, .T. ) ;
#2192 = ORIENTED_EDGE ( 'NONE', *, *, #2206, .F. ) ;
#2193 = VERTEX_POINT ( 'NONE', #2484 ) ;
#2194 = CARTESIAN_POINT ( 'NONE',  ( 0.000000000000000000, 2.390000000000000124, 3.080902094173038730 ) ) ;
#2195 = DIRECTION ( 'NONE',  ( 1.000000000000000000, 0.000000000000000000, 0.000000000000000000 ) ) ;
#2196 = ORIENTED_EDGE ( 'NONE', *, *, #600, .F. ) ;
#2197 = CARTESIAN_POINT ( 'NONE',  ( -3.265000000000000124, 1.099999999999999867, -2.677500000000000213 ) ) ;
#2198 = VERTEX_POINT ( 'NONE', #94 ) ;
#2199 = DIRECTION ( 'NONE',  ( 9.745637505487686422E-16, 0.000000000000000000, -1.000000000000000000 ) ) ;
#2200 = DIRECTION ( 'NONE',  ( 0.000000000000000000, 0.000000000000000000, 1.000000000000000000 ) ) ;
#2201 = DIRECTION ( 'NONE',  ( 0.000000000000000000, 0.000000000000000000, -1.000000000000000000 ) ) ;
#2202 = ADVANCED_FACE ( 'NONE', ( #824 ), #2928, .F. ) ;
#2203 = PLANE ( 'NONE',  #2152 ) ;
#2204 = LINE ( 'NONE', #329, #184 ) ;
#2205 = ORIENTED_EDGE ( 'NONE', *, *, #2991, .F. ) ;
#2206 = EDGE_CURVE ( 'NONE', #3053, #1389, #358, .T. ) ;
#2207 = STYLED_ITEM ( 'NONE', ( #2483 ), #1143 ) ;
#2208 = EDGE_LOOP ( 'NONE', ( #171, #2205, #2574, #1255 ) ) ;
#2209 = CARTESIAN_POINT ( 'NONE',  ( -2.594999999999999751, 1.630999999999999783, 2.677500000000000213 ) ) ;
#2210 = VECTOR ( 'NONE', #2330, 1000.000000000000000 ) ;
#2211 = DIRECTION ( 'NONE',  ( 8.031127203596337504E-16, 0.000000000000000000, -1.000000000000000000 ) ) ;
#2212 = COLOUR_RGB ( '',0.1098039215686274495, 0.1098039215686274495, 0.1098039215686274495 ) ;
#2213 = ORIENTED_EDGE ( 'NONE', *, *, #2137, .F. ) ;
#2214 = CARTESIAN_POINT ( 'NONE',  ( -2.166607916435251635, 2.390000000000000124, 0.000000000000000000 ) ) ;
#2215 = ORIENTED_EDGE ( 'NONE', *, *, #832, .T. ) ;
#2216 = LINE ( 'NONE', #1995, #6 ) ;
#2217 = ADVANCED_FACE ( 'NONE', ( #2513 ), #2220, .T. ) ;
#2218 = SURFACE_STYLE_FILL_AREA ( #842 ) ;
#2219 = CIRCLE ( 'NONE', #27, 0.09999999999999939493 ) ;
#2220 = PLANE ( 'NONE',  #2901 ) ;
#2221 =( GEOMETRIC_REPRESENTATION_CONTEXT ( 3 ) GLOBAL_UNCERTAINTY_ASSIGNED_CONTEXT ( ( #1276 ) ) GLOBAL_UNIT_ASSIGNED_CONTEXT ( ( #58, #1954, #2142 ) ) REPRESENTATION_CONTEXT ( 'NONE', 'WORKASPACE' ) );
#2222 = CARTESIAN_POINT ( 'NONE',  ( 3.605000000000001759, 0.5310000000000157927, 0.5999999999999999778 ) ) ;
#2223 = DIRECTION ( 'NONE',  ( 1.000000000000000000, 0.000000000000000000, -1.208024704719224136E-16 ) ) ;
#2224 = ORIENTED_EDGE ( 'NONE', *, *, #1162, .F. ) ;
#2225 = ORIENTED_EDGE ( 'NONE', *, *, #2302, .T. ) ;
#2226 = CARTESIAN_POINT ( 'NONE',  ( 4.955000000000000071, 0.5310000000000000275, 0.000000000000000000 ) ) ;
#2227 = LINE ( 'NONE', #2504, #2023 ) ;
#2228 = VERTEX_POINT ( 'NONE', #2945 ) ;
#2229 = CARTESIAN_POINT ( 'NONE',  ( -2.594999999999999751, 1.000000000000000000, -2.677500000000000213 ) ) ;
#2230 = ORIENTED_EDGE ( 'NONE', *, *, #2324, .F. ) ;
#2231 = CARTESIAN_POINT ( 'NONE',  ( -0.2549999999999991718, 0.5310000000000000275, -2.219999999999998863 ) ) ;
#2232 = DIRECTION ( 'NONE',  ( -1.000000000000000000, 0.000000000000000000, 0.000000000000000000 ) ) ;
#2233 = DIRECTION ( 'NONE',  ( 1.000000000000000000, 0.000000000000000000, -0.000000000000000000 ) ) ;
#2234 = EDGE_CURVE ( 'NONE', #1208, #497, #109, .T. ) ;
#2235 = CARTESIAN_POINT ( 'NONE',  ( 3.605000000000001759, 0.5310000000000000275, 0.5999999999999999778 ) ) ;
#2236 = CARTESIAN_POINT ( 'NONE',  ( 4.955000000000000071, 0.000000000000000000, 2.665000000000000036 ) ) ;
#2237 = ORIENTED_EDGE ( 'NONE', *, *, #1575, .F. ) ;
#2238 = ORIENTED_EDGE ( 'NONE', *, *, #929, .T. ) ;
#2239 = CARTESIAN_POINT ( 'NONE',  ( -3.264999999999999680, 1.631000000000000005, 2.761000000000000121 ) ) ;
#2240 = DIRECTION ( 'NONE',  ( -0.000000000000000000, 0.000000000000000000, 1.000000000000000000 ) ) ;
#2241 = EDGE_CURVE ( 'NONE', #482, #509, #2965, .T. ) ;
#2242 = ORIENTED_EDGE ( 'NONE', *, *, #929, .F. ) ;
#2243 = CARTESIAN_POINT ( 'NONE',  ( -3.264999999999999680, 1.630999999999999783, -1.894500000000000073 ) ) ;
#2244 = VERTEX_POINT ( 'NONE', #807 ) ;
#2245 = LINE ( 'NONE', #2465, #1562 ) ;
#2246 = DIRECTION ( 'NONE',  ( -0.000000000000000000, -0.000000000000000000, -1.000000000000000000 ) ) ;
#2247 = CYLINDRICAL_SURFACE ( 'NONE', #20, 0.09999999999999982514 ) ;
#2248 = CARTESIAN_POINT ( 'NONE',  ( -3.265000000000000124, 1.000000000000000000, -2.677500000000000213 ) ) ;
#2249 = DIRECTION ( 'NONE',  ( 0.000000000000000000, 1.000000000000000000, 0.000000000000000000 ) ) ;
#2250 = DIRECTION ( 'NONE',  ( -1.000000000000000000, 0.000000000000000000, 0.000000000000000000 ) ) ;
#2251 = ORIENTED_EDGE ( 'NONE', *, *, #254, .F. ) ;
#2252 = VECTOR ( 'NONE', #451, 1000.000000000000000 ) ;
#2253 = EDGE_CURVE ( 'NONE', #2061, #1782, #594, .T. ) ;
#2254 = AXIS2_PLACEMENT_3D ( 'NONE', #2704, #315, #585 ) ;
#2255 = ORIENTED_EDGE ( 'NONE', *, *, #692, .T. ) ;
#2256 = DIRECTION ( 'NONE',  ( 0.000000000000000000, 0.000000000000000000, 1.000000000000000000 ) ) ;
#2257 = VECTOR ( 'NONE', #1891, 1000.000000000000000 ) ;
#2258 = VECTOR ( 'NONE', #3056, 1000.000000000000000 ) ;
#2259 = DIRECTION ( 'NONE',  ( -1.000000000000000000, 0.000000000000000000, 1.949127501097536890E-15 ) ) ;
#2260 = VECTOR ( 'NONE', #2345, 1000.000000000000000 ) ;
#2261 = ORIENTED_EDGE ( 'NONE', *, *, #1526, .T. ) ;
#2262 = DIRECTION ( 'NONE',  ( -0.08715574274765142126, 0.9961946980917461003, 0.000000000000000000 ) ) ;
#2263 = CARTESIAN_POINT ( 'NONE',  ( 3.605000000000001759, 0.000000000000000000, 0.5999999999999999778 ) ) ;
#2264 = VECTOR ( 'NONE', #580, 1000.000000000000000 ) ;
#2265 = ORIENTED_EDGE ( 'NONE', *, *, #982, .F. ) ;
#2266 = DIRECTION ( 'NONE',  ( -0.000000000000000000, -1.000000000000000000, -0.000000000000000000 ) ) ;
#2267 = AXIS2_PLACEMENT_3D ( 'NONE', #2542, #2331, #444 ) ;
#2268 = EDGE_CURVE ( 'NONE', #2061, #2768, #2033, .T. ) ;
#2269 = VECTOR ( 'NONE', #370, 1000.000000000000000 ) ;
#2270 = DIRECTION ( 'NONE',  ( 0.000000000000000000, 0.000000000000000000, -1.000000000000000000 ) ) ;
#2271 = CARTESIAN_POINT ( 'NONE',  ( -2.189936983006811388, -2.407622492544880178E-16, 3.289999999999997815 ) ) ;
#2272 = PRODUCT_DEFINITION_FORMATION_WITH_SPECIFIED_SOURCE ( 'ANY', '', #156, .NOT_KNOWN. ) ;
#2273 = EDGE_LOOP ( 'NONE', ( #1182, #28, #1016, #1747 ) ) ;
#2274 = EDGE_CURVE ( 'NONE', #117, #1382, #1298, .T. ) ;
#2275 = CARTESIAN_POINT ( 'NONE',  ( 0.000000000000000000, 0.000000000000000000, 0.000000000000000000 ) ) ;
#2276 = CARTESIAN_POINT ( 'NONE',  ( 0.000000000000000000, 0.000000000000000000, 0.000000000000000000 ) ) ;
#2277 = VERTEX_POINT ( 'NONE', #1053 ) ;
#2278 = FACE_OUTER_BOUND ( 'NONE', #611, .T. ) ;
#2279 = VERTEX_POINT ( 'NONE', #1557 ) ;
#2280 = DIRECTION ( 'NONE',  ( 1.000000000000000000, 0.000000000000000000, -0.000000000000000000 ) ) ;
#2281 = LINE ( 'NONE', #1315, #2713 ) ;
#2282 = EDGE_CURVE ( 'NONE', #242, #2619, #1803, .T. ) ;
#2283 = DIRECTION ( 'NONE',  ( 0.000000000000000000, 0.000000000000000000, 1.000000000000000000 ) ) ;
#2284 = PLANE ( 'NONE',  #2063 ) ;
#2285 = VERTEX_POINT ( 'NONE', #2016 ) ;
#2286 = LINE ( 'NONE', #2706, #2372 ) ;
#2287 = ADVANCED_FACE ( 'NONE', ( #372 ), #1038, .F. ) ;
#2288 = CARTESIAN_POINT ( 'NONE',  ( -2.594999999999999751, 1.100000000000000089, -2.677500000000000657 ) ) ;
#2289 = ORIENTED_EDGE ( 'NONE', *, *, #974, .F. ) ;
#2290 = DIRECTION ( 'NONE',  ( -0.000000000000000000, 0.000000000000000000, 1.000000000000000000 ) ) ;
#2291 = LINE ( 'NONE', #121, #2858 ) ;
#2292 = ORIENTED_EDGE ( 'NONE', *, *, #2797, .F. ) ;
#2293 = CARTESIAN_POINT ( 'NONE',  ( -2.324999999999998845, 1.100000000000000089, 1.811000000000000165 ) ) ;
#2294 = CARTESIAN_POINT ( 'NONE',  ( -2.259801398160556474, 1.630999999999999783, -0.3914999999999999036 ) ) ;
#2295 = ORIENTED_EDGE ( 'NONE', *, *, #2933, .T. ) ;
#2296 = LINE ( 'NONE', #172, #178 ) ;
#2297 = DIRECTION ( 'NONE',  ( 1.000000000000000000, 0.000000000000000000, -0.000000000000000000 ) ) ;
#2298 = EDGE_CURVE ( 'NONE', #906, #3006, #843, .T. ) ;
#2299 = EDGE_CURVE ( 'NONE', #2115, #2768, #2281, .T. ) ;
#2300 = ORIENTED_EDGE ( 'NONE', *, *, #994, .T. ) ;
#2301 = UNCERTAINTY_MEASURE_WITH_UNIT (LENGTH_MEASURE( 1.000000000000000082E-05 ), #2810, 'distance_accuracy_value', 'NONE');
#2302 = EDGE_CURVE ( 'NONE', #677, #1, #2990, .T. ) ;
#2303 = SURFACE_STYLE_FILL_AREA ( #1827 ) ;
#2304 = VECTOR ( 'NONE', #3048, 1000.000000000000000 ) ;
#2305 = LINE ( 'NONE', #2570, #521 ) ;
#2306 = ORIENTED_EDGE ( 'NONE', *, *, #2070, .F. ) ;
#2307 = DIRECTION ( 'NONE',  ( -0.000000000000000000, 0.000000000000000000, -1.000000000000000000 ) ) ;
#2308 = VECTOR ( 'NONE', #1500, 1000.000000000000000 ) ;
#2309 = LINE ( 'NONE', #1875, #1679 ) ;
#2310 = COLOUR_RGB ( '',0.1098039215686274495, 0.1098039215686274495, 0.1098039215686274495 ) ;
#2311 = CARTESIAN_POINT ( 'NONE',  ( -2.594999999999999751, 1.100000000000000089, 2.677500000000000657 ) ) ;
#2312 = DIRECTION ( 'NONE',  ( -0.000000000000000000, 0.000000000000000000, -1.000000000000000000 ) ) ;
#2313 = VERTEX_POINT ( 'NONE', #558 ) ;
#2314 = ADVANCED_FACE ( 'NONE', ( #2448 ), #324, .F. ) ;
#2315 = VECTOR ( 'NONE', #1518, 1000.000000000000000 ) ;
#2316 = ORIENTED_EDGE ( 'NONE', *, *, #453, .F. ) ;
#2317 = SURFACE_STYLE_FILL_AREA ( #1863 ) ;
#2318 = VECTOR ( 'NONE', #458, 1000.000000000000000 ) ;
#2319 = AXIS2_PLACEMENT_3D ( 'NONE', #447, #220, #492 ) ;
#2320 = VECTOR ( 'NONE', #34, 1000.000000000000000 ) ;
#2321 = EDGE_LOOP ( 'NONE', ( #208, #2135, #157, #2644 ) ) ;
#2322 = PRESENTATION_STYLE_ASSIGNMENT (( #420 ) ) ;
#2323 = VECTOR ( 'NONE', #2182, 1000.000000000000000 ) ;
#2324 = EDGE_CURVE ( 'NONE', #553, #2996, #2127, .T. ) ;
#2325 = CARTESIAN_POINT ( 'NONE',  ( 3.875000000000000000, 0.5310000000000000275, 0.5999999999999999778 ) ) ;
#2326 = ORIENTED_EDGE ( 'NONE', *, *, #37, .T. ) ;
#2327 = CARTESIAN_POINT ( 'NONE',  ( -2.259801398160556474, 1.630999999999999783, -2.677500000000000657 ) ) ;
#2328 = CARTESIAN_POINT ( 'NONE',  ( -2.324999999999998845, 1.100000000000000089, 2.677500000000000213 ) ) ;
#2329 = ORIENTED_EDGE ( 'NONE', *, *, #555, .T. ) ;
#2330 = DIRECTION ( 'NONE',  ( 1.000000000000000000, 0.000000000000000000, 0.000000000000000000 ) ) ;
#2331 = DIRECTION ( 'NONE',  ( -1.000000000000000000, 3.024938282101312575E-15, 0.000000000000000000 ) ) ;
#2332 = EDGE_LOOP ( 'NONE', ( #3016, #1164, #739, #830 ) ) ;
#2333 = ORIENTED_EDGE ( 'NONE', *, *, #1763, .T. ) ;
#2334 = FACE_OUTER_BOUND ( 'NONE', #1281, .T. ) ;
#2335 = ADVANCED_FACE ( 'NONE', ( #233 ), #699, .F. ) ;
#2336 = ORIENTED_EDGE ( 'NONE', *, *, #2368, .F. ) ;
#2337 = CARTESIAN_POINT ( 'NONE',  ( -2.594999999999999751, 1.631000000000000005, -0.4750000000000001443 ) ) ;
#2338 = FACE_OUTER_BOUND ( 'NONE', #997, .T. ) ;
#2339 = ORIENTED_EDGE ( 'NONE', *, *, #2530, .F. ) ;
#2340 = DIRECTION ( 'NONE',  ( -0.000000000000000000, -0.000000000000000000, -1.000000000000000000 ) ) ;
#2341 = DIRECTION ( 'NONE',  ( -0.000000000000000000, 0.9961946980917458783, 0.08715574274765512663 ) ) ;
#2342 = EDGE_CURVE ( 'NONE', #2092, #1294, #2366, .T. ) ;
#2343 = EDGE_CURVE ( 'NONE', #442, #890, #666, .T. ) ;
#2344 = VERTEX_POINT ( 'NONE', #2788 ) ;
#2345 = DIRECTION ( 'NONE',  ( -1.000000000000000000, -2.306813132947879068E-16, 0.000000000000000000 ) ) ;
#2346 = FACE_OUTER_BOUND ( 'NONE', #1437, .T. ) ;
#2347 = EDGE_LOOP ( 'NONE', ( #874, #1666, #2041, #1426, #2024, #1675, #893, #2629, #3074, #82 ) ) ;
#2348 = CARTESIAN_POINT ( 'NONE',  ( 3.335000000000003517, 0.000000000000000000, -1.774999999999999467 ) ) ;
#2349 =( LENGTH_UNIT ( ) NAMED_UNIT ( * ) SI_UNIT ( .MILLI., .METRE. ) );
#2350 = VERTEX_POINT ( 'NONE', #1819 ) ;
#2351 = EDGE_CURVE ( 'NONE', #439, #2092, #3055, .T. ) ;
#2352 = LINE ( 'NONE', #1401, #640 ) ;
#2353 =( LENGTH_UNIT ( ) NAMED_UNIT ( * ) SI_UNIT ( .MILLI., .METRE. ) );
#2354 = ORIENTED_EDGE ( 'NONE', *, *, #2836, .F. ) ;
#2355 = DIRECTION ( 'NONE',  ( -0.000000000000000000, 0.000000000000000000, 1.000000000000000000 ) ) ;
#2356 = FACE_OUTER_BOUND ( 'NONE', #1839, .T. ) ;
#2357 = VERTEX_POINT ( 'NONE', #2294 ) ;
#2358 = FACE_OUTER_BOUND ( 'NONE', #2445, .T. ) ;
#2359 = DIRECTION ( 'NONE',  ( 0.9961946980917461003, 0.08715574274765171270, 0.000000000000000000 ) ) ;
#2360 = VERTEX_POINT ( 'NONE', #216 ) ;
#2361 = AXIS2_PLACEMENT_3D ( 'NONE', #2376, #2865, #2199 ) ;
#2362 = SURFACE_STYLE_FILL_AREA ( #2792 ) ;
#2363 = EDGE_CURVE ( 'NONE', #2666, #1577, #2078, .T. ) ;
#2364 = AXIS2_PLACEMENT_3D ( 'NONE', #1899, #2645, #744 ) ;
#2365 = ORIENTED_EDGE ( 'NONE', *, *, #218, .T. ) ;
#2366 = CIRCLE ( 'NONE', #1674, 0.09999999999999939493 ) ;
#2367 = DIRECTION ( 'NONE',  ( 1.000000000000000000, 2.306813132947879068E-16, -0.000000000000000000 ) ) ;
#2368 = EDGE_CURVE ( 'NONE', #712, #1451, #1379, .T. ) ;
#2369 = EDGE_LOOP ( 'NONE', ( #3013, #2779, #1085, #347, #2676, #240, #2649, #2681, #1126, #2689, #1922, #2014 ) ) ;
#2370 = DIRECTION ( 'NONE',  ( -0.000000000000000000, 0.000000000000000000, -1.000000000000000000 ) ) ;
#2371 = LINE ( 'NONE', #426, #1323 ) ;
#2372 = VECTOR ( 'NONE', #162, 1000.000000000000227 ) ;
#2373 = ORIENTED_EDGE ( 'NONE', *, *, #395, .F. ) ;
#2374 = DIRECTION ( 'NONE',  ( 1.000000000000000000, 0.000000000000000000, -1.208024704719224136E-16 ) ) ;
#2375 = LINE ( 'NONE', #1930, #978 ) ;
#2376 = CARTESIAN_POINT ( 'NONE',  ( 3.875000000000001332, 0.5310000000000000275, -2.664999999999999591 ) ) ;
#2377 = DIRECTION ( 'NONE',  ( 0.000000000000000000, 1.000000000000000000, 0.000000000000000000 ) ) ;
#2378 = DIRECTION ( 'NONE',  ( 1.208024704719224136E-16, 0.000000000000000000, -1.000000000000000000 ) ) ;
#2379 = EDGE_CURVE ( 'NONE', #1230, #442, #1860, .T. ) ;
#2380 = CARTESIAN_POINT ( 'NONE',  ( -3.265000000000000124, 1.099999999999999867, -0.3914999999999999036 ) ) ;
#2381 = ORIENTED_EDGE ( 'NONE', *, *, #3075, .T. ) ;
#2382 = EDGE_LOOP ( 'NONE', ( #673, #2775, #1784, #614 ) ) ;
#2383 = DIRECTION ( 'NONE',  ( 1.000000000000000000, 2.306813132947879068E-16, -0.000000000000000000 ) ) ;
#2384 = LINE ( 'NONE', #9, #2123 ) ;
#2385 = ORIENTED_EDGE ( 'NONE', *, *, #2433, .T. ) ;
#2386 = FACE_OUTER_BOUND ( 'NONE', #1759, .T. ) ;
#2387 = SURFACE_SIDE_STYLE ('',( #946 ) ) ;
#2388 = FILL_AREA_STYLE ('',( #2401 ) ) ;
#2389 = CARTESIAN_POINT ( 'NONE',  ( -2.259801398160556474, 1.630999999999999783, 1.894500000000000295 ) ) ;
#2390 = DIRECTION ( 'NONE',  ( -1.000000000000000000, 0.000000000000000000, -0.000000000000000000 ) ) ;
#2391 = DIRECTION ( 'NONE',  ( 0.000000000000000000, -1.000000000000000000, 0.000000000000000000 ) ) ;
#2392 = ORIENTED_EDGE ( 'NONE', *, *, #1867, .F. ) ;
#2393 = EDGE_CURVE ( 'NONE', #1080, #1208, #187, .T. ) ;
#2394 = ORIENTED_EDGE ( 'NONE', *, *, #1144, .F. ) ;
#2395 = ADVANCED_FACE ( 'NONE', ( #886 ), #1348, .F. ) ;
#2396 = CARTESIAN_POINT ( 'NONE',  ( -0.2549999999999991718, 0.000000000000000000, 0.000000000000000000 ) ) ;
#2397 = DIRECTION ( 'NONE',  ( -1.000000000000000000, 0.000000000000000000, -8.031127203596337504E-16 ) ) ;
#2398 = ORIENTED_EDGE ( 'NONE', *, *, #1754, .T. ) ;
#2399 = CARTESIAN_POINT ( 'NONE',  ( -3.941004726326231555, 0.08466414226651522434, 1.894500000000000295 ) ) ;
#2400 = CARTESIAN_POINT ( 'NONE',  ( 3.875000000000000000, 0.5310000000000000275, -1.774999999999999911 ) ) ;
#2401 = FILL_AREA_STYLE_COLOUR ( '', #278 ) ;
#2402 = VECTOR ( 'NONE', #2307, 1000.000000000000000 ) ;
#2403 = VECTOR ( 'NONE', #1730, 1000.000000000000000 ) ;
#2404 = CARTESIAN_POINT ( 'NONE',  ( 0.000000000000000000, 0.000000000000000000, 2.761000000000000121 ) ) ;
#2405 = PLANE ( 'NONE',  #1322 ) ;
#2406 = EDGE_CURVE ( 'NONE', #1577, #1565, #2774, .T. ) ;
#2407 = CARTESIAN_POINT ( 'NONE',  ( 3.335000000000003961, 0.5310000000000000275, 0.5999999999999999778 ) ) ;
#2408 = AXIS2_PLACEMENT_3D ( 'NONE', #1859, #698, #1099 ) ;
#2409 = VECTOR ( 'NONE', #1202, 1000.000000000000000 ) ;
#2410 = ORIENTED_EDGE ( 'NONE', *, *, #878, .T. ) ;
#2411 = AXIS2_PLACEMENT_3D ( 'NONE', #41, #561, #2674 ) ;
#2412 = AXIS2_PLACEMENT_3D ( 'NONE', #977, #960, #2609 ) ;
#2413 = ORIENTED_EDGE ( 'NONE', *, *, #1736, .F. ) ;
#2414 = LINE ( 'NONE', #8, #2793 ) ;
#2415 = LINE ( 'NONE', #2664, #2618 ) ;
#2416 = VECTOR ( 'NONE', #774, 1000.000000000000000 ) ;
#2417 = ADVANCED_FACE ( 'NONE', ( #2346 ), #1132, .F. ) ;
#2418 = VERTEX_POINT ( 'NONE', #1632 ) ;
#2419 = PLANE ( 'NONE',  #628 ) ;
#2420 = LINE ( 'NONE', #2646, #1628 ) ;
#2421 = CARTESIAN_POINT ( 'NONE',  ( 0.000000000000000000, 0.000000000000000000, 0.4749999999999997558 ) ) ;
#2422 = DIRECTION ( 'NONE',  ( -0.000000000000000000, -0.000000000000000000, -1.000000000000000000 ) ) ;
#2423 = ORIENTED_EDGE ( 'NONE', *, *, #1634, .T. ) ;
#2424 = ORIENTED_EDGE ( 'NONE', *, *, #1634, .F. ) ;
#2425 = ORIENTED_EDGE ( 'NONE', *, *, #262, .T. ) ;
#2426 = UNCERTAINTY_MEASURE_WITH_UNIT (LENGTH_MEASURE( 1.000000000000000082E-05 ), #972, 'distance_accuracy_value', 'NONE');
#2427 = LINE ( 'NONE', #465, #124 ) ;
#2428 = DIRECTION ( 'NONE',  ( 0.1214124427482009966, -0.9888249944080330645, 0.08651097722178507921 ) ) ;
#2429 = VERTEX_POINT ( 'NONE', #641 ) ;
#2430 = DIRECTION ( 'NONE',  ( 0.000000000000000000, 0.000000000000000000, 1.000000000000000000 ) ) ;
#2431 = CARTESIAN_POINT ( 'NONE',  ( 3.605000000000001759, 0.000000000000000000, -0.8699999999999978861 ) ) ;
#2432 = FILL_AREA_STYLE_COLOUR ( '', #918 ) ;
#2433 = EDGE_CURVE ( 'NONE', #667, #147, #1360, .T. ) ;
#2434 = ADVANCED_FACE ( 'NONE', ( #3036 ), #2576, .T. ) ;
#2435 = DIRECTION ( 'NONE',  ( -1.000000000000000000, 0.000000000000000000, 0.000000000000000000 ) ) ;
#2436 = CARTESIAN_POINT ( 'NONE',  ( -3.265000000000000124, 1.000000000000000000, 2.677500000000000213 ) ) ;
#2437 =( NAMED_UNIT ( * ) SI_UNIT ( $, .STERADIAN. ) SOLID_ANGLE_UNIT ( ) );
#2438 = ORIENTED_EDGE ( 'NONE', *, *, #2545, .F. ) ;
#2439 = ORIENTED_EDGE ( 'NONE', *, *, #37, .F. ) ;
#2440 = EDGE_CURVE ( 'NONE', #2954, #1288, #2821, .T. ) ;
#2441 = LINE ( 'NONE', #2226, #10 ) ;
#2442 = CARTESIAN_POINT ( 'NONE',  ( -3.941004726326231555, 0.08466414226651533537, -1.894500000000000073 ) ) ;
#2443 = ORIENTED_EDGE ( 'NONE', *, *, #2659, .T. ) ;
#2444 = DIRECTION ( 'NONE',  ( 0.000000000000000000, -1.000000000000000000, 0.000000000000000000 ) ) ;
#2445 = EDGE_LOOP ( 'NONE', ( #1650, #1914, #2316, #1064 ) ) ;
#2446 = PLANE ( 'NONE',  #2449 ) ;
#2447 = DIRECTION ( 'NONE',  ( -0.1218693434051481284, -0.9925461516413218721, 0.000000000000000000 ) ) ;
#2448 = FACE_OUTER_BOUND ( 'NONE', #445, .T. ) ;
#2449 = AXIS2_PLACEMENT_3D ( 'NONE', #2012, #853, #2695 ) ;
#2450 = ADVANCED_FACE ( 'NONE', ( #3008, #2529 ), #456, .T. ) ;
#2451 = CARTESIAN_POINT ( 'NONE',  ( -3.264999999999999680, 1.631000000000000005, -1.894500000000000073 ) ) ;
#2452 = DIRECTION ( 'NONE',  ( -0.000000000000000000, 0.000000000000000000, 1.000000000000000000 ) ) ;
#2453 = VECTOR ( 'NONE', #1509, 1000.000000000000000 ) ;
#2454 = EDGE_LOOP ( 'NONE', ( #1013, #1846, #2464, #2067 ) ) ;
#2455 = MECHANICAL_DESIGN_GEOMETRIC_PRESENTATION_REPRESENTATION (  '', ( #1467 ), #722 ) ;
#2456 = ORIENTED_EDGE ( 'NONE', *, *, #832, .F. ) ;
#2457 = LINE ( 'NONE', #2239, #820 ) ;
#2458 = VECTOR ( 'NONE', #402, 1000.000000000000000 ) ;
#2459 = DIRECTION ( 'NONE',  ( -0.000000000000000000, 0.000000000000000000, 1.000000000000000000 ) ) ;
#2460 = ADVANCED_FACE ( 'NONE', ( #15 ), #1478, .F. ) ;
#2461 = VECTOR ( 'NONE', #2719, 1000.000000000000000 ) ;
#2462 = ORIENTED_EDGE ( 'NONE', *, *, #2594, .F. ) ;
#2463 = CARTESIAN_POINT ( 'NONE',  ( 3.335000000000003517, 0.5310000000000000275, 1.774999999999999467 ) ) ;
#2464 = ORIENTED_EDGE ( 'NONE', *, *, #625, .F. ) ;
#2465 = CARTESIAN_POINT ( 'NONE',  ( 3.335000000000004405, 0.000000000000000000, 0.000000000000000000 ) ) ;
#2466 = VECTOR ( 'NONE', #1395, 1000.000000000000114 ) ;
#2467 = DIRECTION ( 'NONE',  ( 0.000000000000000000, 0.000000000000000000, -1.000000000000000000 ) ) ;
#2468 = DIRECTION ( 'NONE',  ( 0.000000000000000000, -0.000000000000000000, 1.000000000000000000 ) ) ;
#2469 = VECTOR ( 'NONE', #2957, 1000.000000000000000 ) ;
#2470 = PLANE ( 'NONE',  #373 ) ;
#2471 = DIRECTION ( 'NONE',  ( 0.000000000000000000, -1.000000000000000000, 0.000000000000000000 ) ) ;
#2472 = VERTEX_POINT ( 'NONE', #2400 ) ;
#2473 = ADVANCED_FACE ( 'NONE', ( #1248 ), #1900, .T. ) ;
#2474 = ORIENTED_EDGE ( 'NONE', *, *, #1380, .T. ) ;
#2475 = CARTESIAN_POINT ( 'NONE',  ( -4.908720300600997177, 1.084202172485504434E-16, 2.677500000000000213 ) ) ;
#2476 = CARTESIAN_POINT ( 'NONE',  ( -3.265000000000000124, 1.000000000000000000, 2.677500000000000213 ) ) ;
#2477 = ORIENTED_EDGE ( 'NONE', *, *, #254, .T. ) ;
#2478 = DIRECTION ( 'NONE',  ( -0.000000000000000000, -0.000000000000000000, -1.000000000000000000 ) ) ;
#2479 = ORIENTED_EDGE ( 'NONE', *, *, #327, .F. ) ;
#2480 = DIRECTION ( 'NONE',  ( 0.000000000000000000, 0.000000000000000000, 1.000000000000000000 ) ) ;
#2481 = EDGE_CURVE ( 'NONE', #1149, #2429, #2420, .T. ) ;
#2482 = CARTESIAN_POINT ( 'NONE',  ( 3.875000000000000888, 2.390000000000000124, -3.290000000000000036 ) ) ;
#2483 = PRESENTATION_STYLE_ASSIGNMENT (( #2742 ) ) ;
#2484 = CARTESIAN_POINT ( 'NONE',  ( 3.875000000000000888, -2.138987199428097967E-16, -3.289999999999997815 ) ) ;
#2485 = EDGE_CURVE ( 'NONE', #3047, #1147, #3083, .T. ) ;
#2486 = FACE_OUTER_BOUND ( 'NONE', #1581, .T. ) ;
#2487 = PLANE ( 'NONE',  #2899 ) ;
#2488 = ORIENTED_EDGE ( 'NONE', *, *, #2878, .F. ) ;
#2489 = ORIENTED_EDGE ( 'NONE', *, *, #1840, .T. ) ;
#2490 = CARTESIAN_POINT ( 'NONE',  ( -3.154999999999998916, 0.000000000000000000, -0.4750000000000001443 ) ) ;
#2491 = ADVANCED_FACE ( 'NONE', ( #1201 ), #1428, .F. ) ;
#2492 = DIRECTION ( 'NONE',  ( -1.000000000000000000, -2.306813132947879068E-16, 0.000000000000000000 ) ) ;
#2493 = ORIENTED_EDGE ( 'NONE', *, *, #671, .F. ) ;
#2494 = DIRECTION ( 'NONE',  ( -0.000000000000000000, -0.000000000000000000, -1.000000000000000000 ) ) ;
#2495 = FACE_OUTER_BOUND ( 'NONE', #1291, .T. ) ;
#2496 = EDGE_LOOP ( 'NONE', ( #1615, #211, #1697, #2883 ) ) ;
#2497 = DIRECTION ( 'NONE',  ( 0.9961946980917459893, 0.08715574274765217067, 0.000000000000000000 ) ) ;
#2498 = DIRECTION ( 'NONE',  ( 0.000000000000000000, 0.000000000000000000, 1.000000000000000000 ) ) ;
#2499 = ORIENTED_EDGE ( 'NONE', *, *, #1259, .F. ) ;
#2500 = FACE_OUTER_BOUND ( 'NONE', #2839, .T. ) ;
#2501 = EDGE_CURVE ( 'NONE', #330, #60, #248, .T. ) ;
#2502 = LINE ( 'NONE', #1758, #2162 ) ;
#2503 = ORIENTED_EDGE ( 'NONE', *, *, #1684, .F. ) ;
#2504 = CARTESIAN_POINT ( 'NONE',  ( -3.896000000000000796, 0.9999999999999997780, 2.677500000000000213 ) ) ;
#2505 =( GEOMETRIC_REPRESENTATION_CONTEXT ( 3 ) GLOBAL_UNCERTAINTY_ASSIGNED_CONTEXT ( ( #1029 ) ) GLOBAL_UNIT_ASSIGNED_CONTEXT ( ( #2187, #505, #975 ) ) REPRESENTATION_CONTEXT ( 'NONE', 'WORKASPACE' ) );
#2506 = MECHANICAL_DESIGN_GEOMETRIC_PRESENTATION_REPRESENTATION (  '', ( #2652 ), #717 ) ;
#2507 = PLANE ( 'NONE',  #474 ) ;
#2508 = VECTOR ( 'NONE', #539, 1000.000000000000000 ) ;
#2509 = ORIENTED_EDGE ( 'NONE', *, *, #1883, .F. ) ;
#2510 = DIRECTION ( 'NONE',  ( -0.000000000000000000, 0.000000000000000000, 1.000000000000000000 ) ) ;
#2511 = EDGE_CURVE ( 'NONE', #1817, #1271, #1443, .T. ) ;
#2512 = CARTESIAN_POINT ( 'NONE',  ( 3.335000000000003961, 0.000000000000000000, -0.5999999999999999778 ) ) ;
#2513 = FACE_OUTER_BOUND ( 'NONE', #70, .T. ) ;
#2514 = VECTOR ( 'NONE', #2173, 1000.000000000000000 ) ;
#2515 = AXIS2_PLACEMENT_3D ( 'NONE', #2802, #3032, #2830 ) ;
#2516 = VERTEX_POINT ( 'NONE', #2431 ) ;
#2517 = DIRECTION ( 'NONE',  ( -1.000000000000000000, -8.591142412721911471E-16, 0.000000000000000000 ) ) ;
#2518 = DIRECTION ( 'NONE',  ( 0.000000000000000000, 0.000000000000000000, 1.000000000000000000 ) ) ;
#2519 = CIRCLE ( 'NONE', #90, 0.09999999999999982514 ) ;
#2520 = EDGE_CURVE ( 'NONE', #1363, #1737, #295, .T. ) ;
#2521 = ORIENTED_EDGE ( 'NONE', *, *, #1550, .F. ) ;
#2522 = LINE ( 'NONE', #396, #2069 ) ;
#2523 = CARTESIAN_POINT ( 'NONE',  ( -0.2549999999999991718, 0.000000000000000000, 2.219999999999998863 ) ) ;
#2524 = EDGE_LOOP ( 'NONE', ( #623, #340, #2577, #1910 ) ) ;
#2525 = DIRECTION ( 'NONE',  ( -1.000000000000000000, 0.000000000000000000, 0.000000000000000000 ) ) ;
#2526 = CARTESIAN_POINT ( 'NONE',  ( -2.324999999999998845, 1.100000000000000089, -2.677500000000000657 ) ) ;
#2527 = ORIENTED_EDGE ( 'NONE', *, *, #544, .T. ) ;
#2528 = CARTESIAN_POINT ( 'NONE',  ( 3.875000000000000888, 2.390000000000000124, -1.774999999999999467 ) ) ;
#2529 = FACE_OUTER_BOUND ( 'NONE', #2369, .T. ) ;
#2530 = EDGE_CURVE ( 'NONE', #1173, #2692, #2668, .T. ) ;
#2531 = DIRECTION ( 'NONE',  ( -1.000000000000000000, -2.306813132947879068E-16, 0.000000000000000000 ) ) ;
#2532 = EDGE_CURVE ( 'NONE', #147, #2061, #2375, .T. ) ;
#2533 = ORIENTED_EDGE ( 'NONE', *, *, #1300, .F. ) ;
#2534 = CARTESIAN_POINT ( 'NONE',  ( -3.941004726326231555, 0.08466414226651511332, 1.894500000000000295 ) ) ;
#2535 = DIRECTION ( 'NONE',  ( 0.000000000000000000, -0.000000000000000000, -1.000000000000000000 ) ) ;
#2536 = EDGE_CURVE ( 'NONE', #2816, #1382, #759, .T. ) ;
#2537 = ORIENTED_EDGE ( 'NONE', *, *, #365, .F. ) ;
#2538 = CARTESIAN_POINT ( 'NONE',  ( 3.605000000000001759, 0.000000000000000000, -0.5999999999999999778 ) ) ;
#2539 = CARTESIAN_POINT ( 'NONE',  ( 3.875000000000001332, 0.000000000000000000, 1.774999999999999467 ) ) ;
#2540 = ORIENTED_EDGE ( 'NONE', *, *, #1204, .T. ) ;
#2541 = FACE_OUTER_BOUND ( 'NONE', #3081, .T. ) ;
#2542 = CARTESIAN_POINT ( 'NONE',  ( -3.364999999999999325, 1.000000000000000000, 2.677500000000000213 ) ) ;
#2543 = ORIENTED_EDGE ( 'NONE', *, *, #2501, .T. ) ;
#2544 = ORIENTED_EDGE ( 'NONE', *, *, #600, .T. ) ;
#2545 = EDGE_CURVE ( 'NONE', #348, #2886, #2888, .T. ) ;
#2546 = AXIS2_PLACEMENT_3D ( 'NONE', #2975, #2480, #355 ) ;
#2547 = ORIENTED_EDGE ( 'NONE', *, *, #1588, .T. ) ;
#2548 = CARTESIAN_POINT ( 'NONE',  ( -3.265000000000000124, 1.000000000000000000, 1.894500000000000295 ) ) ;
#2549 = AXIS2_PLACEMENT_3D ( 'NONE', #2156, #2140, #2868 ) ;
#2550 = CARTESIAN_POINT ( 'NONE',  ( 3.335000000000003517, 0.5310000000000000275, -1.774999999999999467 ) ) ;
#2551 = VERTEX_POINT ( 'NONE', #153 ) ;
#2552 = DIRECTION ( 'NONE',  ( -1.000000000000000000, 0.000000000000000000, 0.000000000000000000 ) ) ;
#2553 = DIRECTION ( 'NONE',  ( 0.000000000000000000, 0.000000000000000000, 1.000000000000000000 ) ) ;
#2554 = EDGE_CURVE ( 'NONE', #2666, #890, #2964, .T. ) ;
#2555 = VECTOR ( 'NONE', #659, 1000.000000000000000 ) ;
#2556 = CIRCLE ( 'NONE', #467, 0.09999999999999939493 ) ;
#2557 = CARTESIAN_POINT ( 'NONE',  ( 3.875000000000000000, 0.5310000000000079101, -0.5999999999999998668 ) ) ;
#2558 = DIRECTION ( 'NONE',  ( 0.000000000000000000, 1.000000000000000000, 0.000000000000000000 ) ) ;
#2559 = ORIENTED_EDGE ( 'NONE', *, *, #3025, .T. ) ;
#2560 =( GEOMETRIC_REPRESENTATION_CONTEXT ( 3 ) GLOBAL_UNCERTAINTY_ASSIGNED_CONTEXT ( ( #2919 ) ) GLOBAL_UNIT_ASSIGNED_CONTEXT ( ( #1599, #1648, #2778 ) ) REPRESENTATION_CONTEXT ( 'NONE', 'WORKASPACE' ) );
#2561 = VERTEX_POINT ( 'NONE', #2055 ) ;
#2562 = DIRECTION ( 'NONE',  ( 0.000000000000000000, 1.000000000000000000, 0.000000000000000000 ) ) ;
#2563 = PRESENTATION_LAYER_ASSIGNMENT (  '', '', ( #1777 ) ) ;
#2564 = LINE ( 'NONE', #173, #1215 ) ;
#2565 = AXIS2_PLACEMENT_3D ( 'NONE', #543, #1494, #2730 ) ;
#2566 = VERTEX_POINT ( 'NONE', #636 ) ;
#2567 = ADVANCED_FACE ( 'NONE', ( #2495 ), #1541, .T. ) ;
#2568 = PLANE ( 'NONE',  #935 ) ;
#2569 = VECTOR ( 'NONE', #84, 1000.000000000000000 ) ;
#2570 = CARTESIAN_POINT ( 'NONE',  ( -0.2549999999999991718, 0.5310000000000000275, -2.219999999999998863 ) ) ;
#2571 = ORIENTED_EDGE ( 'NONE', *, *, #2941, .T. ) ;
#2572 = LINE ( 'NONE', #440, #413 ) ;
#2573 = CARTESIAN_POINT ( 'NONE',  ( 3.875000000000001332, 0.5310000000000000275, 1.774999999999999467 ) ) ;
#2574 = ORIENTED_EDGE ( 'NONE', *, *, #854, .F. ) ;
#2575 = CARTESIAN_POINT ( 'NONE',  ( 3.875000000000001332, 0.000000000000000000, 2.664999999999999591 ) ) ;
#2576 = CYLINDRICAL_SURFACE ( 'NONE', #928, 0.2699999999999979083 ) ;
#2577 = ORIENTED_EDGE ( 'NONE', *, *, #788, .F. ) ;
#2578 = ORIENTED_EDGE ( 'NONE', *, *, #1196, .F. ) ;
#2579 = DIRECTION ( 'NONE',  ( -0.9925461516413219831, 0.1218693434051481422, 0.000000000000000000 ) ) ;
#2580 = FACE_OUTER_BOUND ( 'NONE', #1195, .T. ) ;
#2581 = EDGE_CURVE ( 'NONE', #457, #1533, #1069, .T. ) ;
#2582 = ORIENTED_EDGE ( 'NONE', *, *, #2520, .F. ) ;
#2583 = LINE ( 'NONE', #436, #687 ) ;
#2584 = DIRECTION ( 'NONE',  ( 1.000000000000000000, -8.167248003657282516E-16, 0.000000000000000000 ) ) ;
#2585 = ORIENTED_EDGE ( 'NONE', *, *, #854, .T. ) ;
#2586 = PLANE ( 'NONE',  #620 ) ;
#2587 = DIRECTION ( 'NONE',  ( 1.000000000000000000, 2.306813132947879068E-16, -0.000000000000000000 ) ) ;
#2588 = EDGE_CURVE ( 'NONE', #60, #1808, #2772, .T. ) ;
#2589 = VERTEX_POINT ( 'NONE', #2962 ) ;
#2590 = PLANE ( 'NONE',  #180 ) ;
#2591 = DIRECTION ( 'NONE',  ( -0.000000000000000000, -1.000000000000000000, 0.000000000000000000 ) ) ;
#2592 = ORIENTED_EDGE ( 'NONE', *, *, #1292, .F. ) ;
#2593 = CARTESIAN_POINT ( 'NONE',  ( -3.364999999999999325, 1.000000000000000000, 1.894500000000000295 ) ) ;
#2594 = EDGE_CURVE ( 'NONE', #1448, #1737, #618, .T. ) ;
#2595 = ORIENTED_EDGE ( 'NONE', *, *, #525, .F. ) ;
#2596 = DIRECTION ( 'NONE',  ( 0.9961946980917461003, 0.08715574274765171270, 0.000000000000000000 ) ) ;
#2597 = ORIENTED_EDGE ( 'NONE', *, *, #2351, .T. ) ;
#2598 = DIRECTION ( 'NONE',  ( 0.000000000000000000, -0.000000000000000000, 1.000000000000000000 ) ) ;
#2599 = CARTESIAN_POINT ( 'NONE',  ( 3.875000000000001332, 0.000000000000000000, 1.774999999999999467 ) ) ;
#2600 = AXIS2_PLACEMENT_3D ( 'NONE', #2860, #741, #2829 ) ;
#2601 = ORIENTED_EDGE ( 'NONE', *, *, #2588, .T. ) ;
#2602 = CARTESIAN_POINT ( 'NONE',  ( -3.987284425725235337, 0.6136435269532319881, 2.677500000000000213 ) ) ;
#2603 = VECTOR ( 'NONE', #1061, 1000.000000000000000 ) ;
#2604 = DIRECTION ( 'NONE',  ( 0.000000000000000000, 0.000000000000000000, -1.000000000000000000 ) ) ;
#2605 = ORIENTED_EDGE ( 'NONE', *, *, #1823, .T. ) ;
#2606 = EDGE_CURVE ( 'NONE', #2679, #330, #386, .T. ) ;
#2607 = CIRCLE ( 'NONE', #1766, 0.2699999999999979083 ) ;
#2608 = CARTESIAN_POINT ( 'NONE',  ( 3.875000000000000888, 0.000000000000000000, -0.5999999999999998668 ) ) ;
#2609 = DIRECTION ( 'NONE',  ( 0.000000000000000000, 0.000000000000000000, 1.000000000000000000 ) ) ;
#2610 = COLOUR_RGB ( '',0.1098039215686274495, 0.1098039215686274495, 0.1098039215686274495 ) ;
#2611 = CARTESIAN_POINT ( 'NONE',  ( -3.154999999999998916, 0.000000000000000000, 0.4749999999999997558 ) ) ;
#2612 = VERTEX_POINT ( 'NONE', #2526 ) ;
#2613 = PRESENTATION_LAYER_ASSIGNMENT (  '', '', ( #1969 ) ) ;
#2614 = ORIENTED_EDGE ( 'NONE', *, *, #1811, .F. ) ;
#2615 = EDGE_CURVE ( 'NONE', #60, #669, #1330, .T. ) ;
#2616 = LINE ( 'NONE', #2840, #922 ) ;
#2617 = CYLINDRICAL_SURFACE ( 'NONE', #1576, 0.09999999999999982514 ) ;
#2618 = VECTOR ( 'NONE', #742, 1000.000000000000000 ) ;
#2619 = VERTEX_POINT ( 'NONE', #821 ) ;
#2620 = CARTESIAN_POINT ( 'NONE',  ( -2.166607916435251635, 2.390000000000000124, 3.080902094173040506 ) ) ;
#2621 = DIRECTION ( 'NONE',  ( 0.9925461516413219831, -0.1218693434051477814, 0.000000000000000000 ) ) ;
#2622 = CARTESIAN_POINT ( 'NONE',  ( -3.987284425725235337, 0.6136435269532319881, 2.677500000000000213 ) ) ;
#2623 = CARTESIAN_POINT ( 'NONE',  ( 3.875000000000000000, 0.5310000000000000275, 0.000000000000000000 ) ) ;
#2624 = EDGE_CURVE ( 'NONE', #2589, #1066, #337, .T. ) ;
#2625 = CARTESIAN_POINT ( 'NONE',  ( 0.000000000000000000, 1.099999999999999867, 0.4749999999999997558 ) ) ;
#2626 = EDGE_CURVE ( 'NONE', #2279, #1396, #2219, .T. ) ;
#2627 = DIRECTION ( 'NONE',  ( 0.000000000000000000, 0.000000000000000000, -1.000000000000000000 ) ) ;
#2628 = ORIENTED_EDGE ( 'NONE', *, *, #1923, .F. ) ;
#2629 = ORIENTED_EDGE ( 'NONE', *, *, #63, .T. ) ;
#2630 = CARTESIAN_POINT ( 'NONE',  ( -2.259801398160556474, 1.630999999999999783, -1.894500000000000073 ) ) ;
#2631 = SURFACE_STYLE_USAGE ( .BOTH. , #1897 ) ;
#2632 = ADVANCED_FACE ( 'NONE', ( #2278 ), #1802, .F. ) ;
#2633 = ORIENTED_EDGE ( 'NONE', *, *, #2530, .T. ) ;
#2634 = DIRECTION ( 'NONE',  ( 1.000000000000000000, 0.000000000000000000, -8.031127203596337504E-16 ) ) ;
#2635 = CARTESIAN_POINT ( 'NONE',  ( -2.594999999999999751, 1.630999999999999783, 0.3915000000000001257 ) ) ;
#2636 = CARTESIAN_POINT ( 'NONE',  ( 3.335000000000004405, 0.5310000000000000275, 2.219999999999999307 ) ) ;
#2637 = FACE_OUTER_BOUND ( 'NONE', #2992, .T. ) ;
#2638 = LINE ( 'NONE', #2407, #1814 ) ;
#2639 = EDGE_LOOP ( 'NONE', ( #1625, #2734, #2373, #317 ) ) ;
#2640 = EDGE_CURVE ( 'NONE', #998, #906, #2291, .T. ) ;
#2641 = ORIENTED_EDGE ( 'NONE', *, *, #11, .F. ) ;
#2642 = CARTESIAN_POINT ( 'NONE',  ( -3.265000000000000124, 1.099999999999999867, -1.811000000000000831 ) ) ;
#2643 = LINE ( 'NONE', #1198, #592 ) ;
#2644 = ORIENTED_EDGE ( 'NONE', *, *, #2342, .F. ) ;
#2645 = DIRECTION ( 'NONE',  ( 1.208024704719224136E-16, -0.000000000000000000, 1.000000000000000000 ) ) ;
#2646 = CARTESIAN_POINT ( 'NONE',  ( -2.594999999999999751, 1.099999999999999867, -1.894500000000000073 ) ) ;
#2647 = DIRECTION ( 'NONE',  ( 1.000000000000000000, -0.000000000000000000, 1.208024704719224136E-16 ) ) ;
#2648 = AXIS2_PLACEMENT_3D ( 'NONE', #1844, #1127, #894 ) ;
#2649 = ORIENTED_EDGE ( 'NONE', *, *, #2640, .T. ) ;
#2650 = CARTESIAN_POINT ( 'NONE',  ( -2.155045641108097362E-16, 2.390000000000000124, -3.080902094173040506 ) ) ;
#2651 = CARTESIAN_POINT ( 'NONE',  ( 0.000000000000000000, 0.000000000000000000, 1.811000000000000165 ) ) ;
#2652 = STYLED_ITEM ( 'NONE', ( #2170 ), #95 ) ;
#2653 = FACE_OUTER_BOUND ( 'NONE', #1979, .T. ) ;
#2654 = AXIS2_PLACEMENT_3D ( 'NONE', #988, #2874, #758 ) ;
#2655 = PLANE ( 'NONE',  #1962 ) ;
#2656 = VECTOR ( 'NONE', #1390, 1000.000000000000000 ) ;
#2657 = ORIENTED_EDGE ( 'NONE', *, *, #269, .T. ) ;
#2658 = AXIS2_PLACEMENT_3D ( 'NONE', #1799, #1341, #2737 ) ;
#2659 = EDGE_CURVE ( 'NONE', #2344, #3072, #2309, .T. ) ;
#2660 = EDGE_CURVE ( 'NONE', #439, #3030, #213, .T. ) ;
#2661 = AXIS2_PLACEMENT_3D ( 'NONE', #1408, #1690, #1492 ) ;
#2662 = ORIENTED_EDGE ( 'NONE', *, *, #1925, .F. ) ;
#2663 = DIRECTION ( 'NONE',  ( -0.000000000000000000, 0.000000000000000000, 1.000000000000000000 ) ) ;
#2664 = CARTESIAN_POINT ( 'NONE',  ( -3.154999999999998916, 1.630999999999999783, 0.3915000000000001257 ) ) ;
#2665 = VECTOR ( 'NONE', #166, 1000.000000000000000 ) ;
#2666 = VERTEX_POINT ( 'NONE', #3051 ) ;
#2667 = DIRECTION ( 'NONE',  ( 1.000000000000000000, 0.000000000000000000, -0.000000000000000000 ) ) ;
#2668 = LINE ( 'NONE', #3071, #2715 ) ;
#2669 = ORIENTED_EDGE ( 'NONE', *, *, #655, .F. ) ;
#2670 = LINE ( 'NONE', #542, #2257 ) ;
#2671 = PLANE ( 'NONE',  #2565 ) ;
#2672 = CARTESIAN_POINT ( 'NONE',  ( -0.2549999999999991718, 0.5310000000000000275, -2.219999999999998863 ) ) ;
#2673 = EDGE_CURVE ( 'NONE', #1149, #1184, #3080, .T. ) ;
#2674 = DIRECTION ( 'NONE',  ( -0.1218693434051412311, 0.9925461516413227603, 0.000000000000000000 ) ) ;
#2675 = ORIENTED_EDGE ( 'NONE', *, *, #2933, .F. ) ;
#2676 = ORIENTED_EDGE ( 'NONE', *, *, #303, .T. ) ;
#2677 = ORIENTED_EDGE ( 'NONE', *, *, #1934, .T. ) ;
#2678 = CARTESIAN_POINT ( 'NONE',  ( -3.265000000000000124, 1.099999999999999867, 2.761000000000000121 ) ) ;
#2679 = VERTEX_POINT ( 'NONE', #2599 ) ;
#2680 = FACE_OUTER_BOUND ( 'NONE', #1800, .T. ) ;
#2681 = ORIENTED_EDGE ( 'NONE', *, *, #2298, .T. ) ;
#2682 = EDGE_CURVE ( 'NONE', #1876, #1312, #2371, .T. ) ;
#2683 = LINE ( 'NONE', #343, #2702 ) ;
#2684 = DIRECTION ( 'NONE',  ( -0.000000000000000000, -1.000000000000000000, 0.000000000000000000 ) ) ;
#2685 = CYLINDRICAL_SURFACE ( 'NONE', #1117, 0.2699999999999979083 ) ;
#2686 = LINE ( 'NONE', #2897, #2853 ) ;
#2687 = ORIENTED_EDGE ( 'NONE', *, *, #994, .F. ) ;
#2688 = EDGE_CURVE ( 'NONE', #348, #2198, #927, .T. ) ;
#2689 = ORIENTED_EDGE ( 'NONE', *, *, #2823, .T. ) ;
#2690 = LINE ( 'NONE', #2678, #2005 ) ;
#2691 = DIRECTION ( 'NONE',  ( 1.000000000000000000, 0.000000000000000000, -0.000000000000000000 ) ) ;
#2692 = VERTEX_POINT ( 'NONE', #1606 ) ;
#2693 = DIRECTION ( 'NONE',  ( 0.000000000000000000, -0.000000000000000000, -1.000000000000000000 ) ) ;
#2694 = ORIENTED_EDGE ( 'NONE', *, *, #2682, .T. ) ;
#2695 = DIRECTION ( 'NONE',  ( -1.000000000000000000, 0.000000000000000000, -0.000000000000000000 ) ) ;
#2696 = CARTESIAN_POINT ( 'NONE',  ( -3.265000000000000124, 1.099999999999999867, -1.811000000000000609 ) ) ;
#2697 = EDGE_CURVE ( 'NONE', #2747, #1595, #2118, .T. ) ;
#2698 = FACE_OUTER_BOUND ( 'NONE', #1028, .T. ) ;
#2699 = LINE ( 'NONE', #846, #3005 ) ;
#2700 = VECTOR ( 'NONE', #1896, 1000.000000000000000 ) ;
#2701 = ORIENTED_EDGE ( 'NONE', *, *, #660, .T. ) ;
#2702 = VECTOR ( 'NONE', #608, 1000.000000000000000 ) ;
#2703 = ORIENTED_EDGE ( 'NONE', *, *, #1832, .T. ) ;
#2704 = CARTESIAN_POINT ( 'NONE',  ( -3.265000000000000124, 1.000000000000000000, -1.894500000000000073 ) ) ;
#2705 = VECTOR ( 'NONE', #1543, 1000.000000000000000 ) ;
#2706 = CARTESIAN_POINT ( 'NONE',  ( -4.908720300600997177, 0.000000000000000000, -1.894500000000000073 ) ) ;
#2707 = VECTOR ( 'NONE', #1286, 1000.000000000000000 ) ;
#2708 = EDGE_LOOP ( 'NONE', ( #964, #2102, #1794, #2167, #1497 ) ) ;
#2709 = DIRECTION ( 'NONE',  ( -8.167248003657282516E-16, -1.000000000000000000, -0.000000000000000000 ) ) ;
#2710 = ADVANCED_FACE ( 'NONE', ( #2356 ), #1142, .F. ) ;
#2711 = ORIENTED_EDGE ( 'NONE', *, *, #1893, .F. ) ;
#2712 = DIRECTION ( 'NONE',  ( -0.1218693434051481284, -0.9925461516413218721, 0.000000000000000000 ) ) ;
#2713 = VECTOR ( 'NONE', #155, 1000.000000000000227 ) ;
#2714 = LINE ( 'NONE', #855, #1816 ) ;
#2715 = VECTOR ( 'NONE', #1657, 1000.000000000000000 ) ;
#2716 = CARTESIAN_POINT ( 'NONE',  ( -3.265000000000000124, 1.099999999999999867, 2.677500000000000213 ) ) ;
#2717 = AXIS2_PLACEMENT_3D ( 'NONE', #2275, #1991, #631 ) ;
#2718 = FACE_OUTER_BOUND ( 'NONE', #1049, .T. ) ;
#2719 = DIRECTION ( 'NONE',  ( -0.000000000000000000, 1.000000000000000000, 0.000000000000000000 ) ) ;
#2720 = EDGE_LOOP ( 'NONE', ( #737, #200, #2578, #2633 ) ) ;
#2721 = ADVANCED_FACE ( 'NONE', ( #2841 ), #908, .F. ) ;
#2722 = ORIENTED_EDGE ( 'NONE', *, *, #218, .F. ) ;
#2723 = CARTESIAN_POINT ( 'NONE',  ( -2.259801398160556474, 1.630999999999999783, 2.677500000000000213 ) ) ;
#2724 = CARTESIAN_POINT ( 'NONE',  ( -4.908720300600997177, 1.084202172485504434E-16, 1.894499999999999851 ) ) ;
#2725 = ORIENTED_EDGE ( 'NONE', *, *, #2688, .T. ) ;
#2726 = LINE ( 'NONE', #369, #1205 ) ;
#2727 = DIRECTION ( 'NONE',  ( -1.000000000000000000, 0.000000000000000000, 0.000000000000000000 ) ) ;
#2728 = ADVANCED_FACE ( 'NONE', ( #679 ), #2818, .T. ) ;
#2729 = DIRECTION ( 'NONE',  ( -0.000000000000000000, -0.000000000000000000, -1.000000000000000000 ) ) ;
#2730 = DIRECTION ( 'NONE',  ( 1.000000000000000000, 0.000000000000000000, -0.000000000000000000 ) ) ;
#2731 = ORIENTED_EDGE ( 'NONE', *, *, #2520, .T. ) ;
#2732 = PLANE ( 'NONE',  #2801 ) ;
#2733 = LINE ( 'NONE', #1529, #1168 ) ;
#2734 = ORIENTED_EDGE ( 'NONE', *, *, #1832, .F. ) ;
#2735 = ADVANCED_FACE ( 'NONE', ( #1652 ), #2617, .F. ) ;
#2736 = CARTESIAN_POINT ( 'NONE',  ( -2.594999999999999751, 1.100000000000000089, 2.677500000000000213 ) ) ;
#2737 = DIRECTION ( 'NONE',  ( 1.000000000000000000, 0.000000000000000000, -0.000000000000000000 ) ) ;
#2738 = VERTEX_POINT ( 'NONE', #1424 ) ;
#2739 = LINE ( 'NONE', #2988, #815 ) ;
#2740 = SURFACE_STYLE_FILL_AREA ( #1111 ) ;
#2741 = ORIENTED_EDGE ( 'NONE', *, *, #1310, .F. ) ;
#2742 = SURFACE_STYLE_USAGE ( .BOTH. , #2927 ) ;
#2743 = CARTESIAN_POINT ( 'NONE',  ( -3.995999999999999552, 0.7132629967624067868, 2.677500000000000213 ) ) ;
#2744 = ORIENTED_EDGE ( 'NONE', *, *, #671, .T. ) ;
#2745 = DIRECTION ( 'NONE',  ( 1.000000000000000000, -0.000000000000000000, 0.000000000000000000 ) ) ;
#2746 = LINE ( 'NONE', #346, #1123 ) ;
#2747 = VERTEX_POINT ( 'NONE', #2074 ) ;
#2748 = LINE ( 'NONE', #2723, #689 ) ;
#2749 = MECHANICAL_DESIGN_GEOMETRIC_PRESENTATION_REPRESENTATION (  '', ( #917 ), #2505 ) ;
#2750 = CLOSED_SHELL ( 'NONE', ( #691, #2395, #715, #2314, #1440, #2710, #2287, #366, #2929, #2867, #1150, #2417, #1942, #2721, #1058, #915, #1855, #1106, #1236, #1224, #359, #2109 ) ) ;
#2751 = EDGE_CURVE ( 'NONE', #2193, #2125, #1391, .T. ) ;
#2752 = DIRECTION ( 'NONE',  ( 0.000000000000000000, 1.000000000000000000, -0.000000000000000000 ) ) ;
#2753 = PRODUCT_DEFINITION_SHAPE ( 'NONE', 'NONE',  #1743 ) ;
#2754 = AXIS2_PLACEMENT_3D ( 'NONE', #884, #3021, #2280 ) ;
#2755 = VERTEX_POINT ( 'NONE', #696 ) ;
#2756 = PLANE ( 'NONE',  #3041 ) ;
#2757 = DIRECTION ( 'NONE',  ( 0.000000000000000000, 0.000000000000000000, -1.000000000000000000 ) ) ;
#2758 = EDGE_CURVE ( 'NONE', #2132, #1080, #1642, .T. ) ;
#2759 = ORIENTED_EDGE ( 'NONE', *, *, #555, .F. ) ;
#2760 = LINE ( 'NONE', #909, #1569 ) ;
#2761 = DIRECTION ( 'NONE',  ( -0.000000000000000000, -1.000000000000000000, 0.000000000000000000 ) ) ;
#2762 = VECTOR ( 'NONE', #1100, 1000.000000000000000 ) ;
#2763 = AXIS2_PLACEMENT_3D ( 'NONE', #2573, #895, #441 ) ;
#2764 = ORIENTED_EDGE ( 'NONE', *, *, #2659, .F. ) ;
#2765 = DIRECTION ( 'NONE',  ( 0.000000000000000000, 0.000000000000000000, 1.000000000000000000 ) ) ;
#2766 = CARTESIAN_POINT ( 'NONE',  ( -3.896000000000000352, 0.7132629967624067868, 2.677500000000000213 ) ) ;
#2767 = EDGE_CURVE ( 'NONE', #1288, #955, #1186, .T. ) ;
#2768 = VERTEX_POINT ( 'NONE', #452 ) ;
#2769 = CARTESIAN_POINT ( 'NONE',  ( -0.2549999999999991718, 0.5310000000000000275, -2.219999999999998863 ) ) ;
#2770 = ORIENTED_EDGE ( 'NONE', *, *, #167, .F. ) ;
#2771 = DIRECTION ( 'NONE',  ( -0.000000000000000000, -1.000000000000000000, -0.000000000000000000 ) ) ;
#2772 = LINE ( 'NONE', #2942, #531 ) ;
#2773 = CARTESIAN_POINT ( 'NONE',  ( -3.264999999999999680, 1.630999999999999783, -2.677500000000000213 ) ) ;
#2774 = LINE ( 'NONE', #2058, #2166 ) ;
#2775 = ORIENTED_EDGE ( 'NONE', *, *, #2075, .T. ) ;
#2776 = EDGE_CURVE ( 'NONE', #1271, #584, #1405, .T. ) ;
#2777 = PRESENTATION_STYLE_ASSIGNMENT (( #2046 ) ) ;
#2778 =( NAMED_UNIT ( * ) SI_UNIT ( $, .STERADIAN. ) SOLID_ANGLE_UNIT ( ) );
#2779 = ORIENTED_EDGE ( 'NONE', *, *, #559, .T. ) ;
#2780 = ADVANCED_FACE ( 'NONE', ( #229 ), #1171, .F. ) ;
#2781 = LINE ( 'NONE', #2068, #2911 ) ;
#2782 = DIRECTION ( 'NONE',  ( 1.606225440719278348E-15, 0.000000000000000000, -1.000000000000000000 ) ) ;
#2783 = ORIENTED_EDGE ( 'NONE', *, *, #766, .T. ) ;
#2784 = DIRECTION ( 'NONE',  ( 0.000000000000000000, 0.000000000000000000, 1.000000000000000000 ) ) ;
#2785 = DIRECTION ( 'NONE',  ( 0.000000000000000000, 1.000000000000000000, 0.000000000000000000 ) ) ;
#2786 = ORIENTED_EDGE ( 'NONE', *, *, #1542, .T. ) ;
#2787 = DIRECTION ( 'NONE',  ( -0.000000000000000000, -1.000000000000000000, 0.000000000000000000 ) ) ;
#2788 = CARTESIAN_POINT ( 'NONE',  ( -3.364999999999999325, 1.000000000000000000, -2.677500000000000213 ) ) ;
#2789 = ORIENTED_EDGE ( 'NONE', *, *, #1124, .T. ) ;
#2790 = ORIENTED_EDGE ( 'NONE', *, *, #2545, .T. ) ;
#2791 = ADVANCED_FACE ( 'NONE', ( #986 ), #1214, .F. ) ;
#2792 = FILL_AREA_STYLE ('',( #1413 ) ) ;
#2793 = VECTOR ( 'NONE', #535, 1000.000000000000000 ) ;
#2794 = ORIENTED_EDGE ( 'NONE', *, *, #2059, .T. ) ;
#2795 = LINE ( 'NONE', #705, #31 ) ;
#2796 = VECTOR ( 'NONE', #40, 1000.000000000000000 ) ;
#2797 = EDGE_CURVE ( 'NONE', #3042, #2768, #1501, .T. ) ;
#2798 = FACE_OUTER_BOUND ( 'NONE', #1924, .T. ) ;
#2799 = EDGE_LOOP ( 'NONE', ( #2537, #2711, #273, #1355 ) ) ;
#2800 = LINE ( 'NONE', #1344, #1254 ) ;
#2801 = AXIS2_PLACEMENT_3D ( 'NONE', #1985, #2930, #1806 ) ;
#2802 = CARTESIAN_POINT ( 'NONE',  ( -4.955000000000000071, 0.5289793846867171245, 2.677500000000000213 ) ) ;
#2803 = EDGE_CURVE ( 'NONE', #412, #2285, #1700, .T. ) ;
#2804 = VECTOR ( 'NONE', #118, 1000.000000000000000 ) ;
#2805 = CLOSED_SHELL ( 'NONE', ( #903, #2780, #2460, #1804, #46, #962, #1779, #95, #2632, #391, #1143, #2728, #1449, #1385, #749, #1392, #680, #776, #2434, #805, #2982, #565, #877 ) ) ;
#2806 = CARTESIAN_POINT ( 'NONE',  ( -3.265000000000000124, 1.099999999999999867, 1.811000000000000165 ) ) ;
#2807 = DIRECTION ( 'NONE',  ( -0.000000000000000000, -1.000000000000000000, -0.000000000000000000 ) ) ;
#2808 = ORIENTED_EDGE ( 'NONE', *, *, #1432, .F. ) ;
#2809 = VECTOR ( 'NONE', #1496, 1000.000000000000000 ) ;
#2810 =( LENGTH_UNIT ( ) NAMED_UNIT ( * ) SI_UNIT ( .MILLI., .METRE. ) );
#2811 = PRESENTATION_STYLE_ASSIGNMENT (( #1161 ) ) ;
#2812 = VECTOR ( 'NONE', #2826, 1000.000000000000114 ) ;
#2813 = ORIENTED_EDGE ( 'NONE', *, *, #1986, .T. ) ;
#2814 = EDGE_CURVE ( 'NONE', #2692, #2350, #2415, .T. ) ;
#2815 = CARTESIAN_POINT ( 'NONE',  ( 3.875000000000000444, 0.5310000000000000275, -1.774999999999999467 ) ) ;
#2816 = VERTEX_POINT ( 'NONE', #30 ) ;
#2817 = FACE_OUTER_BOUND ( 'NONE', #2937, .T. ) ;
#2818 = PLANE ( 'NONE',  #2763 ) ;
#2819 = ORIENTED_EDGE ( 'NONE', *, *, #2241, .T. ) ;
#2820 = DIRECTION ( 'NONE',  ( 0.08715574274765139351, -0.9961946980917461003, 0.000000000000000000 ) ) ;
#2821 = LINE ( 'NONE', #1645, #1480 ) ;
#2822 = ORIENTED_EDGE ( 'NONE', *, *, #3046, .F. ) ;
#2823 = EDGE_CURVE ( 'NONE', #669, #223, #514, .T. ) ;
#2824 =( NAMED_UNIT ( * ) SI_UNIT ( $, .STERADIAN. ) SOLID_ANGLE_UNIT ( ) );
#2825 = ORIENTED_EDGE ( 'NONE', *, *, #1953, .F. ) ;
#2826 = DIRECTION ( 'NONE',  ( -0.1214124427482076440, -0.9888249944080321763, 0.08651097722178524574 ) ) ;
#2827 = EDGE_CURVE ( 'NONE', #1712, #1952, #2384, .T. ) ;
#2828 = ORIENTED_EDGE ( 'NONE', *, *, #2797, .T. ) ;
#2829 = DIRECTION ( 'NONE',  ( 0.000000000000000000, 0.000000000000000000, 1.000000000000000000 ) ) ;
#2830 = DIRECTION ( 'NONE',  ( 0.9961946980917461003, 0.08715574274765171270, 0.000000000000000000 ) ) ;
#2831 = VERTEX_POINT ( 'NONE', #257 ) ;
#2832 = LINE ( 'NONE', #1656, #921 ) ;
#2833 = CARTESIAN_POINT ( 'NONE',  ( 3.335000000000003517, 0.000000000000000000, 1.774999999999999467 ) ) ;
#2834 = ORIENTED_EDGE ( 'NONE', *, *, #1358, .F. ) ;
#2835 = DIRECTION ( 'NONE',  ( -1.000000000000000000, -0.000000000000000000, -0.000000000000000000 ) ) ;
#2836 = EDGE_CURVE ( 'NONE', #1737, #1275, #2643, .T. ) ;
#2837 = FILL_AREA_STYLE ('',( #916 ) ) ;
#2838 = ORIENTED_EDGE ( 'NONE', *, *, #2814, .T. ) ;
#2839 = EDGE_LOOP ( 'NONE', ( #2783, #2725, #2425, #1731 ) ) ;
#2840 = CARTESIAN_POINT ( 'NONE',  ( 0.000000000000000000, 0.000000000000000000, -1.774999999999999467 ) ) ;
#2841 = FACE_OUTER_BOUND ( 'NONE', #1008, .T. ) ;
#2842 = VECTOR ( 'NONE', #290, 1000.000000000000000 ) ;
#2843 = ADVANCED_FACE ( 'NONE', ( #1257 ), #1718, .F. ) ;
#2844 = EDGE_CURVE ( 'NONE', #2996, #1782, #306, .T. ) ;
#2845 = ORIENTED_EDGE ( 'NONE', *, *, #787, .T. ) ;
#2846 = LINE ( 'NONE', #726, #3052 ) ;
#2847 = VECTOR ( 'NONE', #350, 999.9999999999998863 ) ;
#2848 = LINE ( 'NONE', #2622, #522 ) ;
#2849 = EDGE_CURVE ( 'NONE', #2679, #682, #62, .T. ) ;
#2850 = AXIS2_PLACEMENT_3D ( 'NONE', #578, #1528, #2517 ) ;
#2851 = DIRECTION ( 'NONE',  ( -0.000000000000000000, 0.000000000000000000, 1.000000000000000000 ) ) ;
#2852 = LINE ( 'NONE', #1933, #2963 ) ;
#2853 = VECTOR ( 'NONE', #693, 1000.000000000000000 ) ;
#2854 = LINE ( 'NONE', #995, #1464 ) ;
#2855 = ORIENTED_EDGE ( 'NONE', *, *, #3046, .T. ) ;
#2856 = AXIS2_PLACEMENT_3D ( 'NONE', #411, #2807, #868 ) ;
#2857 = EDGE_CURVE ( 'NONE', #7, #99, #2905, .T. ) ;
#2858 = VECTOR ( 'NONE', #2088, 1000.000000000000000 ) ;
#2859 = EDGE_LOOP ( 'NONE', ( #2385, #2424, #2230, #1750 ) ) ;
#2860 = CARTESIAN_POINT ( 'NONE',  ( 3.875000000000000888, 2.390000000000000124, -3.290000000000000036 ) ) ;
#2861 = CARTESIAN_POINT ( 'NONE',  ( 3.875000000000001332, 0.5310000000000000275, -2.664999999999999591 ) ) ;
#2862 = STYLED_ITEM ( 'NONE', ( #2322 ), #3033 ) ;
#2863 = ORIENTED_EDGE ( 'NONE', *, *, #900, .F. ) ;
#2864 = CARTESIAN_POINT ( 'NONE',  ( 3.335000000000004405, 0.5310000000000000275, 2.219999999999999307 ) ) ;
#2865 = DIRECTION ( 'NONE',  ( 1.000000000000000000, -0.000000000000000000, 9.745637505487686422E-16 ) ) ;
#2866 = PLANE ( 'NONE',  #282 ) ;
#2867 = ADVANCED_FACE ( 'NONE', ( #1032 ), #1978, .F. ) ;
#2868 = DIRECTION ( 'NONE',  ( 0.000000000000000000, 0.000000000000000000, 1.000000000000000000 ) ) ;
#2869 = EDGE_LOOP ( 'NONE', ( #168, #1629, #1373, #2147, #754, #194, #2687, #857, #2144, #2438, #1549, #2479, #1682 ) ) ;
#2870 = ADVANCED_FACE ( 'NONE', ( #2997 ), #148, .F. ) ;
#2871 = ORIENTED_EDGE ( 'NONE', *, *, #2302, .F. ) ;
#2872 = CARTESIAN_POINT ( 'NONE',  ( -4.955000000000000071, 0.5289793846867172356, -2.677500000000000657 ) ) ;
#2873 = VERTEX_POINT ( 'NONE', #336 ) ;
#2874 = DIRECTION ( 'NONE',  ( 0.9961946980917461003, 0.08715574274765142126, -0.000000000000000000 ) ) ;
#2875 = DIRECTION ( 'NONE',  ( 1.000000000000000000, 0.000000000000000000, -0.000000000000000000 ) ) ;
#2876 = CARTESIAN_POINT ( 'NONE',  ( 3.335000000000003517, 0.000000000000000000, -2.219999999999999307 ) ) ;
#2877 = PLANE ( 'NONE',  #1968 ) ;
#2878 = EDGE_CURVE ( 'NONE', #3006, #669, #1095, .T. ) ;
#2879 = EDGE_CURVE ( 'NONE', #584, #1033, #1290, .T. ) ;
#2880 = DIRECTION ( 'NONE',  ( -1.000000000000000000, 0.000000000000000000, 0.000000000000000000 ) ) ;
#2881 = SURFACE_STYLE_FILL_AREA ( #77 ) ;
#2882 = EDGE_LOOP ( 'NONE', ( #42, #725, #1438, #1553 ) ) ;
#2883 = ORIENTED_EDGE ( 'NONE', *, *, #2406, .T. ) ;
#2884 = VERTEX_POINT ( 'NONE', #2050 ) ;
#2885 = CARTESIAN_POINT ( 'NONE',  ( 0.000000000000000000, 0.000000000000000000, -2.219999999999999307 ) ) ;
#2886 = VERTEX_POINT ( 'NONE', #1786 ) ;
#2887 = LINE ( 'NONE', #517, #579 ) ;
#2888 = LINE ( 'NONE', #1945, #2416 ) ;
#2889 = SURFACE_SIDE_STYLE ('',( #1479 ) ) ;
#2890 = EDGE_CURVE ( 'NONE', #2925, #1288, #1062, .T. ) ;
#2891 = AXIS2_PLACEMENT_3D ( 'NONE', #545, #2391, #961 ) ;
#2892 = DIRECTION ( 'NONE',  ( -0.000000000000000000, 0.000000000000000000, -1.000000000000000000 ) ) ;
#2893 = CARTESIAN_POINT ( 'NONE',  ( 3.875000000000000888, 0.5310000000000072440, -3.243543519667726915 ) ) ;
#2894 = PRESENTATION_LAYER_ASSIGNMENT (  '', '', ( #1467 ) ) ;
#2895 = CARTESIAN_POINT ( 'NONE',  ( 3.605000000000001759, 0.5310000000000000275, -0.8699999999999978861 ) ) ;
#2896 = VECTOR ( 'NONE', #1377, 1000.000000000000000 ) ;
#2897 = CARTESIAN_POINT ( 'NONE',  ( 0.000000000000000000, 0.5310000000000000275, -2.665000000000000480 ) ) ;
#2898 = ORIENTED_EDGE ( 'NONE', *, *, #2485, .F. ) ;
#2899 = AXIS2_PLACEMENT_3D ( 'NONE', #1103, #2250, #2518 ) ;
#2900 = ORIENTED_EDGE ( 'NONE', *, *, #2615, .T. ) ;
#2901 = AXIS2_PLACEMENT_3D ( 'NONE', #2044, #125, #2233 ) ;
#2902 = ORIENTED_EDGE ( 'NONE', *, *, #437, .T. ) ;
#2903 = EDGE_CURVE ( 'NONE', #3072, #1570, #101, .T. ) ;
#2904 = FACE_OUTER_BOUND ( 'NONE', #2869, .T. ) ;
#2905 = LINE ( 'NONE', #2861, #1226 ) ;
#2906 = VECTOR ( 'NONE', #2341, 999.9999999999998863 ) ;
#2907 = EDGE_LOOP ( 'NONE', ( #1179, #533, #1548, #802 ) ) ;
#2908 = LINE ( 'NONE', #837, #1669 ) ;
#2909 = ORIENTED_EDGE ( 'NONE', *, *, #982, .T. ) ;
#2910 = CARTESIAN_POINT ( 'NONE',  ( -2.594999999999999751, 1.099999999999999867, 1.811000000000000165 ) ) ;
#2911 = VECTOR ( 'NONE', #2117, 1000.000000000000000 ) ;
#2912 =( LENGTH_UNIT ( ) NAMED_UNIT ( * ) SI_UNIT ( .MILLI., .METRE. ) );
#2913 = CARTESIAN_POINT ( 'NONE',  ( -3.987284425725235337, 0.6136435269532319881, -2.677500000000000213 ) ) ;
#2914 = ADVANCED_FACE ( 'NONE', ( #850 ), #567, .F. ) ;
#2915 = CARTESIAN_POINT ( 'NONE',  ( 3.605000000000001759, 0.000000000000000000, -0.8699999999999978861 ) ) ;
#2916 =( NAMED_UNIT ( * ) PLANE_ANGLE_UNIT ( ) SI_UNIT ( $, .RADIAN. ) );
#2917 = ORIENTED_EDGE ( 'NONE', *, *, #3068, .T. ) ;
#2918 = ORIENTED_EDGE ( 'NONE', *, *, #3, .F. ) ;
#2919 = UNCERTAINTY_MEASURE_WITH_UNIT (LENGTH_MEASURE( 1.000000000000000082E-05 ), #1599, 'distance_accuracy_value', 'NONE');
#2920 = CARTESIAN_POINT ( 'NONE',  ( -2.594999999999999751, 1.630999999999999783, -2.677500000000000657 ) ) ;
#2921 = CARTESIAN_POINT ( 'NONE',  ( -3.265000000000000124, 1.099999999999999867, 2.761000000000000121 ) ) ;
#2922 = EDGE_CURVE ( 'NONE', #267, #1173, #2985, .T. ) ;
#2923 = ORIENTED_EDGE ( 'NONE', *, *, #1017, .F. ) ;
#2924 = CARTESIAN_POINT ( 'NONE',  ( -3.995999999999999552, 0.7132629967624067868, -1.894500000000000073 ) ) ;
#2925 = VERTEX_POINT ( 'NONE', #381 ) ;
#2926 = PLANE ( 'NONE',  #2546 ) ;
#2927 = SURFACE_SIDE_STYLE ('',( #2218 ) ) ;
#2928 = CYLINDRICAL_SURFACE ( 'NONE', #430, 0.2699999999999979083 ) ;
#2929 = ADVANCED_FACE ( 'NONE', ( #602 ), #2039, .T. ) ;
#2930 = DIRECTION ( 'NONE',  ( 1.000000000000000000, -0.000000000000000000, 0.000000000000000000 ) ) ;
#2931 = DIRECTION ( 'NONE',  ( 0.000000000000000000, 0.000000000000000000, -1.000000000000000000 ) ) ;
#2932 = ORIENTED_EDGE ( 'NONE', *, *, #54, .T. ) ;
#2933 = EDGE_CURVE ( 'NONE', #925, #457, #116, .T. ) ;
#2934 = ORIENTED_EDGE ( 'NONE', *, *, #655, .T. ) ;
#2935 = CARTESIAN_POINT ( 'NONE',  ( 3.875000000000001332, 0.5310000000000000275, 2.664999999999999591 ) ) ;
#2936 = PLANE ( 'NONE',  #3012 ) ;
#2937 = EDGE_LOOP ( 'NONE', ( #1452, #1009, #304, #2764 ) ) ;
#2938 = LINE ( 'NONE', #2214, #2315 ) ;
#2939 = ORIENTED_EDGE ( 'NONE', *, *, #176, .F. ) ;
#2940 = DIRECTION ( 'NONE',  ( -0.000000000000000000, -0.000000000000000000, -1.000000000000000000 ) ) ;
#2941 = EDGE_CURVE ( 'NONE', #1294, #2244, #2025, .T. ) ;
#2942 = CARTESIAN_POINT ( 'NONE',  ( 3.335000000000004405, 0.000000000000000000, 2.219999999999999307 ) ) ;
#2943 = CARTESIAN_POINT ( 'NONE',  ( -2.594999999999999751, 1.631000000000000005, -0.3914999999999999036 ) ) ;
#2944 = VECTOR ( 'NONE', #882, 1000.000000000000000 ) ;
#2945 = CARTESIAN_POINT ( 'NONE',  ( -0.2549999999999991718, 0.000000000000000000, -2.219999999999998863 ) ) ;
#2946 = EDGE_CURVE ( 'NONE', #981, #302, #2748, .T. ) ;
#2947 = CIRCLE ( 'NONE', #2891, 0.2699999999999979083 ) ;
#2948 = FACE_OUTER_BOUND ( 'NONE', #2639, .T. ) ;
#2949 = CARTESIAN_POINT ( 'NONE',  ( -3.365000000000000213, 1.000000000000000000, 2.677500000000000213 ) ) ;
#2950 = AXIS2_PLACEMENT_3D ( 'NONE', #123, #2977, #1755 ) ;
#2951 = ORIENTED_EDGE ( 'NONE', *, *, #2903, .T. ) ;
#2952 = VECTOR ( 'NONE', #2752, 1000.000000000000000 ) ;
#2953 = VECTOR ( 'NONE', #2647, 1000.000000000000000 ) ;
#2954 = VERTEX_POINT ( 'NONE', #1278 ) ;
#2955 = EDGE_CURVE ( 'NONE', #1595, #2561, #2227, .T. ) ;
#2956 = VECTOR ( 'NONE', #2095, 1000.000000000000000 ) ;
#2957 = DIRECTION ( 'NONE',  ( 0.000000000000000000, -0.000000000000000000, -1.000000000000000000 ) ) ;
#2958 = VECTOR ( 'NONE', #2312, 1000.000000000000000 ) ;
#2959 = CARTESIAN_POINT ( 'NONE',  ( -3.365000000000000213, 0.7132629967624068978, -1.894500000000000073 ) ) ;
#2960 = ORIENTED_EDGE ( 'NONE', *, *, #1493, .F. ) ;
#2961 =( LENGTH_UNIT ( ) NAMED_UNIT ( * ) SI_UNIT ( .MILLI., .METRE. ) );
#2962 = CARTESIAN_POINT ( 'NONE',  ( -3.941004726326231555, 0.08466414226651548802, 2.677500000000000213 ) ) ;
#2963 = VECTOR ( 'NONE', #1446, 1000.000000000000000 ) ;
#2964 = CIRCLE ( 'NONE', #140, 0.2699999999999979083 ) ;
#2965 = LINE ( 'NONE', #2696, #135 ) ;
#2966 = VECTOR ( 'NONE', #2691, 1000.000000000000000 ) ;
#2967 = ADVANCED_FACE ( 'NONE', ( #1045 ), #2936, .F. ) ;
#2968 = CARTESIAN_POINT ( 'NONE',  ( 3.335000000000004405, 0.5310000000000000275, -0.6000000000000000888 ) ) ;
#2969 = LINE ( 'NONE', #2949, #2461 ) ;
#2970 = CARTESIAN_POINT ( 'NONE',  ( 3.875000000000001332, 0.000000000000000000, -2.665000000000000036 ) ) ;
#2971 = ORIENTED_EDGE ( 'NONE', *, *, #2767, .F. ) ;
#2972 = DIRECTION ( 'NONE',  ( 0.000000000000000000, 0.000000000000000000, 1.000000000000000000 ) ) ;
#2973 = DIRECTION ( 'NONE',  ( -0.000000000000000000, -0.000000000000000000, -1.000000000000000000 ) ) ;
#2974 = ORIENTED_EDGE ( 'NONE', *, *, #3040, .F. ) ;
#2975 = CARTESIAN_POINT ( 'NONE',  ( 3.875000000000000444, 0.5310000000000000275, -1.774999999999999467 ) ) ;
#2976 = CARTESIAN_POINT ( 'NONE',  ( 3.335000000000003517, 0.5310000000000000275, -2.219999999999999307 ) ) ;
#2977 = DIRECTION ( 'NONE',  ( 0.000000000000000000, 0.000000000000000000, 1.000000000000000000 ) ) ;
#2978 = DIRECTION ( 'NONE',  ( 0.000000000000000000, 0.000000000000000000, 1.000000000000000000 ) ) ;
#2979 = EDGE_LOOP ( 'NONE', ( #1715, #938, #2741, #1640 ) ) ;
#2980 = CARTESIAN_POINT ( 'NONE',  ( -4.908720300600997177, 1.084202172485504434E-16, -1.894500000000000073 ) ) ;
#2981 = DIRECTION ( 'NONE',  ( 0.000000000000000000, -0.000000000000000000, -1.000000000000000000 ) ) ;
#2982 = ADVANCED_FACE ( 'NONE', ( #1340 ), #814, .T. ) ;
#2983 = EDGE_CURVE ( 'NONE', #78, #712, #2522, .T. ) ;
#2984 = ORIENTED_EDGE ( 'NONE', *, *, #1054, .T. ) ;
#2985 = LINE ( 'NONE', #1516, #786 ) ;
#2986 = CARTESIAN_POINT ( 'NONE',  ( 3.605000000000001759, 0.000000000000000000, -0.5999999999999999778 ) ) ;
#2987 = ORIENTED_EDGE ( 'NONE', *, *, #2946, .T. ) ;
#2988 = CARTESIAN_POINT ( 'NONE',  ( 3.875000000000000888, 2.390000000000000124, 0.5999999999999998668 ) ) ;
#2989 = CARTESIAN_POINT ( 'NONE',  ( 3.605000000000001759, 0.5310000000000000275, -0.5999999999999999778 ) ) ;
#2990 = LINE ( 'NONE', #1742, #1425 ) ;
#2991 = EDGE_CURVE ( 'NONE', #24, #412, #2286, .T. ) ;
#2992 = EDGE_LOOP ( 'NONE', ( #2900, #2488, #1042, #1490 ) ) ;
#2993 = CARTESIAN_POINT ( 'NONE',  ( 0.000000000000000000, 1.099999999999999867, -0.4750000000000001443 ) ) ;
#2994 = VECTOR ( 'NONE', #2663, 1000.000000000000000 ) ;
#2995 = VECTOR ( 'NONE', #1664, 1000.000000000000000 ) ;
#2996 = VERTEX_POINT ( 'NONE', #586 ) ;
#2997 = FACE_OUTER_BOUND ( 'NONE', #1057, .T. ) ;
#2998 = AXIS2_PLACEMENT_3D ( 'NONE', #2968, #1040, #2270 ) ;
#2999 = EDGE_CURVE ( 'NONE', #217, #3024, #1353, .T. ) ;
#3000 = PLANE ( 'NONE',  #421 ) ;
#3001 = VECTOR ( 'NONE', #2667, 1000.000000000000000 ) ;
#3002 = ORIENTED_EDGE ( 'NONE', *, *, #3027, .T. ) ;
#3003 = DIRECTION ( 'NONE',  ( -3.024938282101312575E-15, -1.000000000000000000, 0.000000000000000000 ) ) ;
#3004 = PRESENTATION_STYLE_ASSIGNMENT (( #1051 ) ) ;
#3005 = VECTOR ( 'NONE', #597, 999.9999999999998863 ) ;
#3006 = VERTEX_POINT ( 'NONE', #939 ) ;
#3007 = LINE ( 'NONE', #2806, #777 ) ;
#3008 = FACE_BOUND ( 'NONE', #718, .T. ) ;
#3009 = VECTOR ( 'NONE', #2978, 1000.000000000000000 ) ;
#3010 =( NAMED_UNIT ( * ) SI_UNIT ( $, .STERADIAN. ) SOLID_ANGLE_UNIT ( ) );
#3011 = EDGE_CURVE ( 'NONE', #2566, #2193, #406, .T. ) ;
#3012 = AXIS2_PLACEMENT_3D ( 'NONE', #1551, #1536, #1082 ) ;
#3013 = ORIENTED_EDGE ( 'NONE', *, *, #2879, .T. ) ;
#3014 =( NAMED_UNIT ( * ) PLANE_ANGLE_UNIT ( ) SI_UNIT ( $, .RADIAN. ) );
#3015 = LINE ( 'NONE', #646, #331 ) ;
#3016 = ORIENTED_EDGE ( 'NONE', *, *, #2922, .T. ) ;
#3017 = CARTESIAN_POINT ( 'NONE',  ( -2.594999999999999751, 1.099999999999999867, -0.4750000000000001443 ) ) ;
#3018 = SURFACE_STYLE_FILL_AREA ( #708 ) ;
#3019 = EDGE_CURVE ( 'NONE', #99, #1389, #2583, .T. ) ;
#3020 = ORIENTED_EDGE ( 'NONE', *, *, #43, .T. ) ;
#3021 = DIRECTION ( 'NONE',  ( 0.000000000000000000, 0.000000000000000000, 1.000000000000000000 ) ) ;
#3022 = CARTESIAN_POINT ( 'NONE',  ( 3.335000000000004405, 0.000000000000000000, -0.6000000000000000888 ) ) ;
#3023 = VERTEX_POINT ( 'NONE', #1601 ) ;
#3024 = VERTEX_POINT ( 'NONE', #3077 ) ;
#3025 = EDGE_CURVE ( 'NONE', #1382, #1129, #2519, .T. ) ;
#3026 = ORIENTED_EDGE ( 'NONE', *, *, #588, .T. ) ;
#3027 = EDGE_CURVE ( 'NONE', #12, #2344, #2781, .T. ) ;
#3028 = CARTESIAN_POINT ( 'NONE',  ( 3.875000000000000888, 0.000000000000000000, -1.774999999999999467 ) ) ;
#3029 = DIRECTION ( 'NONE',  ( 0.000000000000000000, 1.000000000000000000, 0.000000000000000000 ) ) ;
#3030 = VERTEX_POINT ( 'NONE', #1871 ) ;
#3031 = CARTESIAN_POINT ( 'NONE',  ( -2.594999999999999751, 1.631000000000000005, 0.3915000000000001257 ) ) ;
#3032 = DIRECTION ( 'NONE',  ( 0.08715574274765171270, -0.9961946980917461003, 0.000000000000000000 ) ) ;
#3033 = MANIFOLD_SOLID_BREP ( 'LPattern1[2]', #2750 ) ;
#3034 = EDGE_LOOP ( 'NONE', ( #1093, #1229, #1752, #2533 ) ) ;
#3035 = CARTESIAN_POINT ( 'NONE',  ( -3.896000000000000796, 0.7132629967624066758, -2.677500000000000213 ) ) ;
#3036 = FACE_OUTER_BOUND ( 'NONE', #563, .T. ) ;
#3037 = ORIENTED_EDGE ( 'NONE', *, *, #2849, .T. ) ;
#3038 = VERTEX_POINT ( 'NONE', #658 ) ;
#3039 = CARTESIAN_POINT ( 'NONE',  ( 3.335000000000003961, 0.5310000000000000275, -0.5999999999999999778 ) ) ;
#3040 = EDGE_CURVE ( 'NONE', #3053, #7, #177, .T. ) ;
#3041 = AXIS2_PLACEMENT_3D ( 'NONE', #2073, #1857, #2087 ) ;
#3042 = VERTEX_POINT ( 'NONE', #1589 ) ;
#3043 = CARTESIAN_POINT ( 'NONE',  ( -2.155045641108097362E-16, -8.673617379884035472E-16, -3.289999999999991154 ) ) ;
#3044 = AXIS2_PLACEMENT_3D ( 'NONE', #75, #2422, #2880 ) ;
#3045 =( LENGTH_UNIT ( ) NAMED_UNIT ( * ) SI_UNIT ( .MILLI., .METRE. ) );
#3046 = EDGE_CURVE ( 'NONE', #2429, #1712, #2352, .T. ) ;
#3047 = VERTEX_POINT ( 'NONE', #2337 ) ;
#3048 = DIRECTION ( 'NONE',  ( -0.000000000000000000, 0.000000000000000000, 1.000000000000000000 ) ) ;
#3049 = VECTOR ( 'NONE', #2892, 1000.000000000000000 ) ;
#3050 = CLOSED_SHELL ( 'NONE', ( #2042, #1104, #2870, #2049, #3076, #2217, #948, #1667, #2914, #1468 ) ) ;
#3051 = CARTESIAN_POINT ( 'NONE',  ( 3.335000000000004405, 0.000000000000000000, 0.5999999999999999778 ) ) ;
#3052 = VECTOR ( 'NONE', #1676, 1000.000000000000000 ) ;
#3053 = VERTEX_POINT ( 'NONE', #3028 ) ;
#3054 = PLANE ( 'NONE',  #2754 ) ;
#3055 = LINE ( 'NONE', #2091, #81 ) ;
#3056 = DIRECTION ( 'NONE',  ( 0.000000000000000000, -0.000000000000000000, -1.000000000000000000 ) ) ;
#3057 = AXIS2_PLACEMENT_3D ( 'NONE', #1828, #2973, #1354 ) ;
#3058 = DIRECTION ( 'NONE',  ( 0.000000000000000000, 0.000000000000000000, -1.000000000000000000 ) ) ;
#3059 = AXIS2_PLACEMENT_3D ( 'NONE', #1568, #1283, #609 ) ;
#3060 = PLANE ( 'NONE',  #1369 ) ;
#3061 = AXIS2_PLACEMENT_3D ( 'NONE', #1457, #2604, #1189 ) ;
#3062 = EDGE_CURVE ( 'NONE', #1324, #419, #904, .T. ) ;
#3063 = ORIENTED_EDGE ( 'NONE', *, *, #437, .F. ) ;
#3064 = CARTESIAN_POINT ( 'NONE',  ( -3.941004726326231555, 0.08466414226651511332, -2.677500000000000213 ) ) ;
#3065 = ORIENTED_EDGE ( 'NONE', *, *, #1840, .F. ) ;
#3066 = CARTESIAN_POINT ( 'NONE',  ( 0.000000000000000000, 0.5310000000000000275, -1.774999999999999467 ) ) ;
#3067 = DIRECTION ( 'NONE',  ( -0.1214124427482009827, 0.9888249944080330645, -0.08651097722178484328 ) ) ;
#3068 = EDGE_CURVE ( 'NONE', #1393, #1312, #1853, .T. ) ;
#3069 = ORIENTED_EDGE ( 'NONE', *, *, #740, .T. ) ;
#3070 = DIRECTION ( 'NONE',  ( -1.000000000000000000, 0.000000000000000000, 0.000000000000000000 ) ) ;
#3071 = CARTESIAN_POINT ( 'NONE',  ( -3.264999999999999680, 1.630999999999999783, 0.4749999999999997558 ) ) ;
#3072 = VERTEX_POINT ( 'NONE', #1151 ) ;
#3073 = SURFACE_STYLE_FILL_AREA ( #1445 ) ;
#3074 = ORIENTED_EDGE ( 'NONE', *, *, #2368, .T. ) ;
#3075 = EDGE_CURVE ( 'NONE', #78, #363, #2795, .T. ) ;
#3076 = ADVANCED_FACE ( 'NONE', ( #1622 ), #2568, .F. ) ;
#3077 = CARTESIAN_POINT ( 'NONE',  ( -3.154999999999998916, 1.099999999999999867, -0.4750000000000001443 ) ) ;
#3078 = VERTEX_POINT ( 'NONE', #209 ) ;
#3079 = DIRECTION ( 'NONE',  ( -1.000000000000000000, -2.306813132947879068E-16, 0.000000000000000000 ) ) ;
#3080 = LINE ( 'NONE', #198, #934 ) ;
#3081 = EDGE_LOOP ( 'NONE', ( #2585, #1137, #1613, #752 ) ) ;
#3082 = LINE ( 'NONE', #1442, #379 ) ;
#3083 = LINE ( 'NONE', #2635, #836 ) ;
#3084 = DIRECTION ( 'NONE',  ( -0.000000000000000000, -0.000000000000000000, -1.000000000000000000 ) ) ;
ENDSEC;
END-ISO-10303-21;
